{
  "type": "FeatureCollection",
  "features": [
    {
      "type": "Feature",
      "geometry": {
        "type": "LineString",
        "coordinates": [
          [
            3.005832,
            36.752718
          ],
          [
            3.00572,
            36.752692
          ],
          [
            3.00562,
            36.752666
          ],
          [
            3.005513,
            36.752641
          ],
          [
            3.005409,
            36.752613
          ],
          [
            3.005199,
            36.752546
          ],
          [
            3.005127,
            36.752527
          ],
          [
            3.004993,
            36.752494
          ],
          [
            3.004915,
            36.752484
          ],
          [
            3.004867,
            36.752479
          ],
          [
            3.004824,
            36.752479
          ],
          [
            3.004767,
            36.752486
          ],
          [
            3.004698,
            36.752497
          ],
          [
            3.004676,
            36.75251
          ],
          [
            3.004639,
            36.752535
          ],
          [
            3.004577,
            36.752587
          ],
          [
            3.004545,
            36.752628
          ],
          [
            3.004531,
            36.752664
          ],
          [
            3.00451,
            36.752694
          ],
          [
            3.004499,
            36.75275
          ],
          [
            3.004502,
            36.75278
          ],
          [
            3.00451,
            36.752825
          ],
          [
            3.004526,
            36.752903
          ],
          [
            3.004556,
            36.753021
          ],
          [
            3.00462,
            36.753335
          ],
          [
            3.004633,
            36.753404
          ],
          [
            3.004647,
            36.753588
          ],
          [
            3.004657,
            36.753631
          ],
          [
            3.004671,
            36.753661
          ],
          [
            3.004687,
            36.753692
          ],
          [
            3.004741,
            36.75378
          ],
          [
            3.00481,
            36.753881
          ],
          [
            3.004891,
            36.753962
          ],
          [
            3.004993,
            36.75405
          ],
          [
            3.005172,
            36.754179
          ],
          [
            3.005347,
            36.754287
          ],
          [
            3.005516,
            36.75439
          ],
          [
            3.0058,
            36.754536
          ],
          [
            3.006162,
            36.75471
          ],
          [
            3.006597,
            36.754914
          ],
          [
            3.006841,
            36.755032
          ],
          [
            3.007071,
            36.755151
          ],
          [
            3.007565,
            36.755389
          ],
          [
            3.007841,
            36.755527
          ],
          [
            3.007906,
            36.755563
          ],
          [
            3.007954,
            36.755596
          ],
          [
            3.007975,
            36.755611
          ],
          [
            3.008064,
            36.755679
          ],
          [
            3.008118,
            36.755732
          ],
          [
            3.008155,
            36.755707
          ],
          [
            3.008118,
            36.755732
          ],
          [
            3.008166,
            36.755778
          ],
          [
            3.008244,
            36.755873
          ],
          [
            3.00827,
            36.755911
          ],
          [
            3.008308,
            36.755982
          ],
          [
            3.00834,
            36.756066
          ],
          [
            3.008407,
            36.756272
          ],
          [
            3.008429,
            36.756333
          ],
          [
            3.008445,
            36.756367
          ],
          [
            3.008474,
            36.756425
          ],
          [
            3.008488,
            36.756459
          ],
          [
            3.008506,
            36.756474
          ],
          [
            3.00852,
            36.756494
          ],
          [
            3.008525,
            36.756515
          ],
          [
            3.008523,
            36.756537
          ],
          [
            3.008515,
            36.756554
          ],
          [
            3.008525,
            36.756578
          ],
          [
            3.008536,
            36.756595
          ],
          [
            3.008544,
            36.756616
          ],
          [
            3.008552,
            36.75664
          ],
          [
            3.008557,
            36.756666
          ],
          [
            3.008549,
            36.756713
          ],
          [
            3.008549,
            36.75678
          ],
          [
            3.00856,
            36.756838
          ],
          [
            3.008592,
            36.756999
          ],
          [
            3.008641,
            36.757235
          ],
          [
            3.008944,
            36.758598
          ],
          [
            3.008965,
            36.758701
          ],
          [
            3.008987,
            36.758905
          ],
          [
            3.008997,
            36.75895
          ],
          [
            3.009062,
            36.75924
          ],
          [
            3.009086,
            36.75935
          ],
          [
            3.009131,
            36.759558
          ],
          [
            3.009172,
            36.759732
          ],
          [
            3.009177,
            36.759758
          ],
          [
            3.009188,
            36.759792
          ],
          [
            3.009201,
            36.759829
          ],
          [
            3.009233,
            36.7599
          ],
          [
            3.009268,
            36.759964
          ],
          [
            3.009311,
            36.760027
          ],
          [
            3.00941,
            36.760151
          ],
          [
            3.009472,
            36.760224
          ],
          [
            3.010183,
            36.761009
          ],
          [
            3.010199,
            36.761028
          ],
          [
            3.01036,
            36.761185
          ],
          [
            3.010478,
            36.761286
          ],
          [
            3.010644,
            36.761415
          ],
          [
            3.010891,
            36.761593
          ],
          [
            3.011545,
            36.762034
          ],
          [
            3.013176,
            36.763132
          ],
          [
            3.013342,
            36.763252
          ],
          [
            3.013428,
            36.763306
          ],
          [
            3.013487,
            36.763336
          ],
          [
            3.013549,
            36.763362
          ],
          [
            3.013613,
            36.763381
          ],
          [
            3.013678,
            36.763394
          ],
          [
            3.013737,
            36.763402
          ],
          [
            3.013812,
            36.763413
          ],
          [
            3.013849,
            36.7634
          ],
          [
            3.013887,
            36.763398
          ],
          [
            3.013922,
            36.763402
          ],
          [
            3.013954,
            36.763413
          ],
          [
            3.013984,
            36.76343
          ],
          [
            3.014008,
            36.763452
          ],
          [
            3.014024,
            36.76348
          ],
          [
            3.014029,
            36.763508
          ],
          [
            3.014026,
            36.763536
          ],
          [
            3.014053,
            36.763572
          ],
          [
            3.014075,
            36.763615
          ],
          [
            3.014107,
            36.763671
          ],
          [
            3.014169,
            36.763748
          ],
          [
            3.014214,
            36.763811
          ],
          [
            3.01426,
            36.763864
          ],
          [
            3.014324,
            36.763924
          ],
          [
            3.014696,
            36.764194
          ],
          [
            3.014752,
            36.764144
          ],
          [
            3.014696,
            36.764194
          ],
          [
            3.014775,
            36.764251
          ],
          [
            3.014976,
            36.764391
          ],
          [
            3.015099,
            36.764472
          ],
          [
            3.015317,
            36.764597
          ],
          [
            3.015469,
            36.764689
          ],
          [
            3.01584,
            36.764848
          ],
          [
            3.016043,
            36.764952
          ],
          [
            3.016137,
            36.765003
          ],
          [
            3.016229,
            36.765063
          ],
          [
            3.016298,
            36.765111
          ],
          [
            3.016349,
            36.765156
          ],
          [
            3.016483,
            36.765304
          ],
          [
            3.016518,
            36.765347
          ],
          [
            3.016601,
            36.765407
          ],
          [
            3.01662,
            36.765416
          ],
          [
            3.016647,
            36.765433
          ],
          [
            3.016668,
            36.765457
          ],
          [
            3.016682,
            36.765484
          ],
          [
            3.016685,
            36.765515
          ],
          [
            3.016682,
            36.765527
          ],
          [
            3.016703,
            36.765585
          ],
          [
            3.016733,
            36.765635
          ],
          [
            3.016786,
            36.765717
          ],
          [
            3.01695,
            36.765946
          ],
          [
            3.017218,
            36.766329
          ],
          [
            3.017422,
            36.76661
          ],
          [
            3.017457,
            36.766653
          ],
          [
            3.017513,
            36.766718
          ],
          [
            3.017543,
            36.766754
          ],
          [
            3.017596,
            36.766812
          ],
          [
            3.017701,
            36.766907
          ],
          [
            3.018141,
            36.767302
          ],
          [
            3.018345,
            36.767487
          ],
          [
            3.018808,
            36.767919
          ],
          [
            3.018848,
            36.767891
          ],
          [
            3.018808,
            36.767919
          ],
          [
            3.019324,
            36.7684
          ],
          [
            3.019386,
            36.768456
          ],
          [
            3.019453,
            36.768503
          ],
          [
            3.019504,
            36.768538
          ],
          [
            3.019587,
            36.768594
          ],
          [
            3.019622,
            36.7686
          ],
          [
            3.019654,
            36.768613
          ],
          [
            3.019683,
            36.768632
          ],
          [
            3.019705,
            36.768656
          ],
          [
            3.019909,
            36.768667
          ],
          [
            3.020354,
            36.76868
          ],
          [
            3.021102,
            36.76869
          ],
          [
            3.021456,
            36.768695
          ],
          [
            3.021577,
            36.768702
          ],
          [
            3.02158,
            36.768669
          ],
          [
            3.021577,
            36.768702
          ],
          [
            3.021596,
            36.768703
          ],
          [
            3.021671,
            36.768712
          ],
          [
            3.021751,
            36.768729
          ],
          [
            3.022446,
            36.768731
          ],
          [
            3.02372,
            36.768733
          ],
          [
            3.023825,
            36.768731
          ],
          [
            3.0239,
            36.768722
          ],
          [
            3.024023,
            36.768692
          ],
          [
            3.024796,
            36.768501
          ],
          [
            3.024999,
            36.768445
          ],
          [
            3.025211,
            36.768409
          ],
          [
            3.02652,
            36.767646
          ],
          [
            3.02689,
            36.767438
          ],
          [
            3.026931,
            36.76742
          ],
          [
            3.027121,
            36.767315
          ],
          [
            3.027269,
            36.767246
          ],
          [
            3.02747,
            36.767167
          ],
          [
            3.027534,
            36.767165
          ],
          [
            3.028014,
            36.767077
          ],
          [
            3.028097,
            36.767008
          ],
          [
            3.028175,
            36.766883
          ],
          [
            3.028277,
            36.766628
          ],
          [
            3.028591,
            36.765964
          ],
          [
            3.028634,
            36.765884
          ],
          [
            3.028687,
            36.765815
          ],
          [
            3.028728,
            36.765772
          ],
          [
            3.028771,
            36.765736
          ],
          [
            3.028805,
            36.765706
          ],
          [
            3.028843,
            36.765686
          ],
          [
            3.028907,
            36.765659
          ],
          [
            3.028961,
            36.765635
          ],
          [
            3.029444,
            36.76551
          ],
          [
            3.029685,
            36.765448
          ],
          [
            3.029728,
            36.765549
          ],
          [
            3.029862,
            36.765787
          ],
          [
            3.029924,
            36.765901
          ],
          [
            3.029951,
            36.765955
          ],
          [
            3.030283,
            36.766587
          ],
          [
            3.030444,
            36.766853
          ],
          [
            3.030683,
            36.767257
          ],
          [
            3.030783,
            36.767426
          ],
          [
            3.030879,
            36.76739
          ],
          [
            3.030783,
            36.767426
          ],
          [
            3.030793,
            36.767444
          ],
          [
            3.030825,
            36.767524
          ],
          [
            3.030836,
            36.767599
          ],
          [
            3.030844,
            36.767668
          ],
          [
            3.030844,
            36.767741
          ],
          [
            3.030841,
            36.76779
          ],
          [
            3.030825,
            36.767869
          ],
          [
            3.030801,
            36.767938
          ],
          [
            3.030771,
            36.768007
          ],
          [
            3.030758,
            36.768031
          ],
          [
            3.030747,
            36.768046
          ],
          [
            3.030723,
            36.768091
          ],
          [
            3.030503,
            36.768478
          ],
          [
            3.030493,
            36.768518
          ],
          [
            3.030495,
            36.768568
          ],
          [
            3.030535,
            36.768639
          ],
          [
            3.030667,
            36.768871
          ],
          [
            3.030806,
            36.769129
          ],
          [
            3.03083,
            36.769174
          ],
          [
            3.030865,
            36.769242
          ],
          [
            3.030887,
            36.769281
          ],
          [
            3.030932,
            36.769358
          ],
          [
            3.030962,
            36.769397
          ],
          [
            3.030997,
            36.76944
          ],
          [
            3.031034,
            36.769474
          ],
          [
            3.031085,
            36.769532
          ],
          [
            3.031404,
            36.769515
          ],
          [
            3.031455,
            36.769513
          ],
          [
            3.032121,
            36.769481
          ],
          [
            3.033223,
            36.76941
          ],
          [
            3.033588,
            36.76941
          ],
          [
            3.033845,
            36.769423
          ],
          [
            3.033926,
            36.769429
          ],
          [
            3.03446,
            36.76947
          ],
          [
            3.034814,
            36.769502
          ],
          [
            3.034977,
            36.769513
          ],
          [
            3.035296,
            36.769565
          ],
          [
            3.035602,
            36.769633
          ],
          [
            3.036675,
            36.770126
          ],
          [
            3.03689,
            36.770222
          ],
          [
            3.037191,
            36.770327
          ],
          [
            3.037222,
            36.770269
          ],
          [
            3.037191,
            36.770327
          ],
          [
            3.037541,
            36.77045
          ],
          [
            3.037635,
            36.77048
          ],
          [
            3.037995,
            36.770596
          ],
          [
            3.038475,
            36.770742
          ],
          [
            3.038805,
            36.770835
          ],
          [
            3.039038,
            36.770901
          ],
          [
            3.039743,
            36.771103
          ],
          [
            3.0398,
            36.771129
          ],
          [
            3.039918,
            36.771176
          ],
          [
            3.040014,
            36.771226
          ],
          [
            3.040103,
            36.771273
          ],
          [
            3.040237,
            36.771346
          ],
          [
            3.040334,
            36.771404
          ],
          [
            3.040414,
            36.771453
          ],
          [
            3.040494,
            36.771513
          ],
          [
            3.040583,
            36.771591
          ],
          [
            3.040669,
            36.771679
          ],
          [
            3.040948,
            36.772018
          ],
          [
            3.040999,
            36.772079
          ],
          [
            3.041063,
            36.772143
          ],
          [
            3.041162,
            36.772229
          ],
          [
            3.041248,
            36.772291
          ],
          [
            3.041602,
            36.772513
          ],
          [
            3.041849,
            36.772633
          ],
          [
            3.042023,
            36.772772
          ],
          [
            3.042133,
            36.772934
          ],
          [
            3.042152,
            36.773127
          ],
          [
            3.04208,
            36.773537
          ],
          [
            3.042053,
            36.773737
          ],
          [
            3.042235,
            36.774124
          ],
          [
            3.042308,
            36.774453
          ],
          [
            3.042399,
            36.77444
          ],
          [
            3.042308,
            36.774453
          ],
          [
            3.04231,
            36.774468
          ],
          [
            3.042316,
            36.7745
          ],
          [
            3.042324,
            36.774539
          ],
          [
            3.042364,
            36.774751
          ],
          [
            3.04245,
            36.774906
          ],
          [
            3.042501,
            36.774938
          ],
          [
            3.042589,
            36.77494
          ],
          [
            3.04274,
            36.774906
          ],
          [
            3.042785,
            36.774798
          ],
          [
            3.042785,
            36.774695
          ],
          [
            3.042581,
            36.774255
          ],
          [
            3.042557,
            36.774201
          ],
          [
            3.042418,
            36.773905
          ],
          [
            3.042388,
            36.773744
          ],
          [
            3.042431,
            36.773643
          ],
          [
            3.042503,
            36.773559
          ],
          [
            3.042605,
            36.773492
          ],
          [
            3.042619,
            36.773486
          ],
          [
            3.042734,
            36.773449
          ],
          [
            3.042957,
            36.773372
          ],
          [
            3.043139,
            36.77332
          ],
          [
            3.043238,
            36.77329
          ],
          [
            3.043268,
            36.773284
          ],
          [
            3.04337,
            36.773273
          ],
          [
            3.043456,
            36.773273
          ],
          [
            3.043729,
            36.773314
          ],
          [
            3.044011,
            36.773396
          ],
          [
            3.044094,
            36.773423
          ],
          [
            3.04418,
            36.773447
          ],
          [
            3.044247,
            36.773479
          ],
          [
            3.044333,
            36.773514
          ],
          [
            3.044405,
            36.773565
          ],
          [
            3.044456,
            36.773615
          ],
          [
            3.044499,
            36.773673
          ],
          [
            3.044582,
            36.773784
          ],
          [
            3.044783,
            36.774062
          ],
          [
            3.044885,
            36.774021
          ],
          [
            3.044785,
            36.774064
          ],
          [
            3.045068,
            36.774487
          ],
          [
            3.04554,
            36.775033
          ],
          [
            3.04584,
            36.775376
          ],
          [
            3.046092,
            36.775628
          ],
          [
            3.046457,
            36.775903
          ],
          [
            3.046631,
            36.776012
          ],
          [
            3.04679,
            36.776068
          ],
          [
            3.046803,
            36.776073
          ],
          [
            3.047374,
            36.776191
          ],
          [
            3.048109,
            36.776375
          ],
          [
            3.048182,
            36.776397
          ],
          [
            3.048219,
            36.77641
          ],
          [
            3.04827,
            36.776429
          ],
          [
            3.048321,
            36.776461
          ],
          [
            3.048546,
            36.776599
          ],
          [
            3.048579,
            36.776564
          ],
          [
            3.048546,
            36.776599
          ],
          [
            3.048587,
            36.776625
          ],
          [
            3.049019,
            36.776915
          ],
          [
            3.049161,
            36.777031
          ],
          [
            3.049314,
            36.777125
          ],
          [
            3.049453,
            36.777282
          ],
          [
            3.049611,
            36.777649
          ],
          [
            3.049837,
            36.778238
          ],
          [
            3.049941,
            36.778339
          ],
          [
            3.050049,
            36.778421
          ],
          [
            3.050124,
            36.778477
          ],
          [
            3.050167,
            36.778481
          ],
          [
            3.050207,
            36.778494
          ],
          [
            3.050244,
            36.778511
          ],
          [
            3.050349,
            36.778515
          ],
          [
            3.050408,
            36.778511
          ],
          [
            3.050472,
            36.778507
          ],
          [
            3.050545,
            36.778494
          ],
          [
            3.051513,
            36.77826
          ],
          [
            3.052454,
            36.778053
          ],
          [
            3.052484,
            36.778049
          ],
          [
            3.052519,
            36.778047
          ],
          [
            3.052615,
            36.778053
          ],
          [
            3.053345,
            36.777866
          ],
          [
            3.053455,
            36.777836
          ],
          [
            3.053514,
            36.777819
          ],
          [
            3.053527,
            36.777815
          ],
          [
            3.053828,
            36.777742
          ],
          [
            3.054206,
            36.777639
          ],
          [
            3.054351,
            36.777589
          ],
          [
            3.054573,
            36.77748
          ],
          [
            3.054691,
            36.777413
          ],
          [
            3.054796,
            36.777321
          ],
          [
            3.054914,
            36.777215
          ],
          [
            3.054965,
            36.777151
          ],
          [
            3.055005,
            36.777087
          ],
          [
            3.055035,
            36.777026
          ],
          [
            3.055056,
            36.776973
          ],
          [
            3.055072,
            36.7769
          ],
          [
            3.05508,
            36.776842
          ],
          [
            3.055091,
            36.77676
          ],
          [
            3.055083,
            36.776674
          ],
          [
            3.055062,
            36.776597
          ],
          [
            3.054984,
            36.776429
          ],
          [
            3.054871,
            36.776262
          ],
          [
            3.053864,
            36.774924
          ],
          [
            3.053812,
            36.774949
          ],
          [
            3.053864,
            36.774924
          ],
          [
            3.053836,
            36.774887
          ],
          [
            3.05371,
            36.774725
          ],
          [
            3.053656,
            36.774682
          ],
          [
            3.053632,
            36.774661
          ],
          [
            3.053613,
            36.774642
          ],
          [
            3.053412,
            36.774397
          ],
          [
            3.053366,
            36.774343
          ],
          [
            3.053334,
            36.774298
          ],
          [
            3.053299,
            36.774242
          ],
          [
            3.053275,
            36.774193
          ],
          [
            3.053259,
            36.77415
          ],
          [
            3.053235,
            36.77412
          ],
          [
            3.053227,
            36.77409
          ],
          [
            3.053227,
            36.774059
          ],
          [
            3.053238,
            36.774029
          ],
          [
            3.053254,
            36.774001
          ],
          [
            3.053281,
            36.77398
          ],
          [
            3.053313,
            36.773963
          ],
          [
            3.053345,
            36.773954
          ],
          [
            3.053377,
            36.77395
          ],
          [
            3.053412,
            36.773952
          ],
          [
            3.053444,
            36.773961
          ],
          [
            3.053522,
            36.773939
          ],
          [
            3.053586,
            36.773926
          ],
          [
            3.05371,
            36.773913
          ],
          [
            3.053838,
            36.773918
          ],
          [
            3.053935,
            36.773931
          ],
          [
            3.054037,
            36.77395
          ],
          [
            3.054123,
            36.773976
          ],
          [
            3.05419,
            36.77401
          ],
          [
            3.054243,
            36.774049
          ],
          [
            3.054294,
            36.774096
          ],
          [
            3.054364,
            36.774186
          ],
          [
            3.054552,
            36.774453
          ],
          [
            3.054638,
            36.774573
          ],
          [
            3.054855,
            36.774865
          ],
          [
            3.05497,
            36.775013
          ],
          [
            3.055043,
            36.775097
          ],
          [
            3.055131,
            36.775172
          ],
          [
            3.055233,
            36.775237
          ],
          [
            3.055343,
            36.775286
          ],
          [
            3.055456,
            36.775323
          ],
          [
            3.055579,
            36.775344
          ],
          [
            3.055684,
            36.775355
          ],
          [
            3.055794,
            36.775357
          ],
          [
            3.055856,
            36.775348
          ],
          [
            3.055925,
            36.775336
          ],
          [
            3.055992,
            36.775312
          ],
          [
            3.056022,
            36.775293
          ],
          [
            3.056062,
            36.77528
          ],
          [
            3.056102,
            36.775273
          ],
          [
            3.05614,
            36.775275
          ],
          [
            3.056185,
            36.775282
          ],
          [
            3.056218,
            36.77529
          ],
          [
            3.056252,
            36.775308
          ],
          [
            3.05636,
            36.775366
          ],
          [
            3.056389,
            36.775379
          ],
          [
            3.056424,
            36.775391
          ],
          [
            3.056464,
            36.7754
          ],
          [
            3.056963,
            36.775434
          ],
          [
            3.057036,
            36.775437
          ],
          [
            3.057108,
            36.775428
          ],
          [
            3.057178,
            36.775413
          ],
          [
            3.05724,
            36.775387
          ],
          [
            3.057288,
            36.775353
          ],
          [
            3.057328,
            36.775314
          ],
          [
            3.057363,
            36.775271
          ],
          [
            3.0574,
            36.775215
          ],
          [
            3.057425,
            36.775164
          ],
          [
            3.057484,
            36.774988
          ],
          [
            3.057492,
            36.774977
          ],
          [
            3.057502,
            36.774964
          ],
          [
            3.057527,
            36.774945
          ],
          [
            3.057612,
            36.774622
          ],
          [
            3.057634,
            36.774545
          ],
          [
            3.057642,
            36.774483
          ],
          [
            3.057642,
            36.774403
          ],
          [
            3.057631,
            36.774343
          ],
          [
            3.057602,
            36.774283
          ],
          [
            3.057564,
            36.774238
          ],
          [
            3.05747,
            36.774141
          ],
          [
            3.057226,
            36.773898
          ],
          [
            3.057105,
            36.773787
          ],
          [
            3.05666,
            36.773381
          ],
          [
            3.056572,
            36.773303
          ],
          [
            3.056067,
            36.772871
          ],
          [
            3.055842,
            36.772684
          ],
          [
            3.055625,
            36.772504
          ],
          [
            3.055311,
            36.772259
          ],
          [
            3.055287,
            36.77221
          ],
          [
            3.055279,
            36.772169
          ],
          [
            3.055287,
            36.772109
          ],
          [
            3.055332,
            36.772059
          ],
          [
            3.055569,
            36.771864
          ],
          [
            3.055606,
            36.771836
          ],
          [
            3.055652,
            36.771801
          ],
          [
            3.055713,
            36.771735
          ],
          [
            3.055657,
            36.7717
          ],
          [
            3.055713,
            36.771735
          ],
          [
            3.055965,
            36.77147
          ],
          [
            3.055343,
            36.770349
          ],
          [
            3.055335,
            36.770334
          ],
          [
            3.055362,
            36.770287
          ],
          [
            3.055389,
            36.770242
          ],
          [
            3.055434,
            36.770218
          ],
          [
            3.055595,
            36.77016
          ],
          [
            3.055687,
            36.770158
          ],
          [
            3.055788,
            36.770173
          ],
          [
            3.056408,
            36.770652
          ],
          [
            3.056607,
            36.770819
          ],
          [
            3.057202,
            36.771292
          ],
          [
            3.057607,
            36.771627
          ],
          [
            3.057814,
            36.77167
          ],
          [
            3.057961,
            36.771724
          ],
          [
            3.058358,
            36.771866
          ],
          [
            3.058448,
            36.771893
          ],
          [
            3.058455,
            36.771878
          ]
        ]
      },
      "properties": {
        "name": "Gare routière de Ben Aknoun - La grande poste",
        "stroke": "#E51B23"
      }
    },
    {
      "type": "Feature",
      "geometry": {
        "type": "LineString",
        "coordinates": [
          [
            3.058455,
            36.771878
          ],
          [
            3.058448,
            36.771893
          ],
          [
            3.058983,
            36.772053
          ],
          [
            3.059334,
            36.772158
          ],
          [
            3.059409,
            36.772173
          ],
          [
            3.059707,
            36.772031
          ],
          [
            3.059812,
            36.771978
          ],
          [
            3.059903,
            36.771904
          ],
          [
            3.059932,
            36.771883
          ],
          [
            3.060346,
            36.771526
          ],
          [
            3.060509,
            36.771391
          ],
          [
            3.060692,
            36.77123
          ],
          [
            3.06097,
            36.770994
          ],
          [
            3.061223,
            36.771191
          ],
          [
            3.061209,
            36.77123
          ],
          [
            3.06115,
            36.771288
          ],
          [
            3.060989,
            36.771434
          ],
          [
            3.060654,
            36.771696
          ],
          [
            3.060147,
            36.772055
          ],
          [
            3.060126,
            36.772076
          ],
          [
            3.060045,
            36.772173
          ],
          [
            3.059932,
            36.772343
          ],
          [
            3.05988,
            36.772422
          ],
          [
            3.059863,
            36.772415
          ],
          [
            3.05988,
            36.772422
          ],
          [
            3.059873,
            36.772433
          ],
          [
            3.059788,
            36.77254
          ],
          [
            3.059739,
            36.772588
          ],
          [
            3.059648,
            36.772659
          ],
          [
            3.059455,
            36.772764
          ],
          [
            3.059235,
            36.772865
          ],
          [
            3.058988,
            36.772977
          ],
          [
            3.058819,
            36.773052
          ],
          [
            3.058342,
            36.773269
          ],
          [
            3.058286,
            36.773288
          ],
          [
            3.05824,
            36.77329
          ],
          [
            3.058189,
            36.773273
          ],
          [
            3.05816,
            36.773256
          ],
          [
            3.057977,
            36.773106
          ],
          [
            3.057741,
            36.772925
          ],
          [
            3.057366,
            36.772583
          ],
          [
            3.057347,
            36.772568
          ],
          [
            3.05732,
            36.772543
          ],
          [
            3.056907,
            36.772205
          ],
          [
            3.056451,
            36.771862
          ],
          [
            3.056051,
            36.772167
          ],
          [
            3.055625,
            36.772504
          ],
          [
            3.055842,
            36.772684
          ],
          [
            3.056067,
            36.772871
          ],
          [
            3.056572,
            36.773303
          ],
          [
            3.05666,
            36.773381
          ],
          [
            3.057105,
            36.773787
          ],
          [
            3.057226,
            36.773898
          ],
          [
            3.05747,
            36.774141
          ],
          [
            3.057564,
            36.774238
          ],
          [
            3.057602,
            36.774283
          ],
          [
            3.057631,
            36.774343
          ],
          [
            3.057642,
            36.774403
          ],
          [
            3.057642,
            36.774483
          ],
          [
            3.057634,
            36.774545
          ],
          [
            3.057612,
            36.774622
          ],
          [
            3.057527,
            36.774945
          ],
          [
            3.057529,
            36.774977
          ],
          [
            3.057532,
            36.774988
          ],
          [
            3.057529,
            36.775003
          ],
          [
            3.057478,
            36.775172
          ],
          [
            3.057451,
            36.775232
          ],
          [
            3.057427,
            36.775278
          ],
          [
            3.057395,
            36.775321
          ],
          [
            3.057355,
            36.775359
          ],
          [
            3.057309,
            36.775394
          ],
          [
            3.057261,
            36.775424
          ],
          [
            3.057205,
            36.775447
          ],
          [
            3.057148,
            36.775467
          ],
          [
            3.057087,
            36.77548
          ],
          [
            3.057025,
            36.775486
          ],
          [
            3.056963,
            36.775484
          ],
          [
            3.056518,
            36.775458
          ],
          [
            3.056456,
            36.775456
          ],
          [
            3.056408,
            36.775458
          ],
          [
            3.056354,
            36.775465
          ],
          [
            3.056303,
            36.775475
          ],
          [
            3.05625,
            36.775495
          ],
          [
            3.056199,
            36.775514
          ],
          [
            3.056153,
            36.775525
          ],
          [
            3.05611,
            36.775527
          ],
          [
            3.056065,
            36.775518
          ],
          [
            3.056027,
            36.775501
          ],
          [
            3.055995,
            36.775477
          ],
          [
            3.055971,
            36.775452
          ],
          [
            3.055912,
            36.775428
          ],
          [
            3.055872,
            36.775417
          ],
          [
            3.055829,
            36.775411
          ],
          [
            3.055788,
            36.775407
          ],
          [
            3.055555,
            36.775389
          ],
          [
            3.055429,
            36.775366
          ],
          [
            3.055319,
            36.775331
          ],
          [
            3.055206,
            36.77528
          ],
          [
            3.055091,
            36.775209
          ],
          [
            3.055,
            36.775132
          ],
          [
            3.054927,
            36.77505
          ],
          [
            3.054801,
            36.774889
          ],
          [
            3.05459,
            36.774603
          ],
          [
            3.054308,
            36.774216
          ],
          [
            3.054238,
            36.774132
          ],
          [
            3.05419,
            36.774085
          ],
          [
            3.054131,
            36.774047
          ],
          [
            3.054066,
            36.774021
          ],
          [
            3.053986,
            36.774004
          ],
          [
            3.053887,
            36.773995
          ],
          [
            3.053804,
            36.774001
          ],
          [
            3.053699,
            36.774025
          ],
          [
            3.053619,
            36.774062
          ],
          [
            3.05353,
            36.774111
          ],
          [
            3.053514,
            36.774141
          ],
          [
            3.05349,
            36.774165
          ],
          [
            3.053492,
            36.774283
          ],
          [
            3.053495,
            36.774324
          ],
          [
            3.053506,
            36.774369
          ],
          [
            3.053519,
            36.774405
          ],
          [
            3.053541,
            36.774455
          ],
          [
            3.053656,
            36.774614
          ],
          [
            3.053672,
            36.774635
          ],
          [
            3.053688,
            36.774663
          ],
          [
            3.05371,
            36.774725
          ],
          [
            3.053786,
            36.774823
          ],
          [
            3.053865,
            36.774783
          ],
          [
            3.053786,
            36.774823
          ],
          [
            3.053836,
            36.774887
          ],
          [
            3.054871,
            36.776262
          ],
          [
            3.054984,
            36.776429
          ],
          [
            3.055062,
            36.776597
          ],
          [
            3.055083,
            36.776674
          ],
          [
            3.055091,
            36.77676
          ],
          [
            3.05508,
            36.776842
          ],
          [
            3.055072,
            36.7769
          ],
          [
            3.055056,
            36.776973
          ],
          [
            3.055035,
            36.777026
          ],
          [
            3.055005,
            36.777087
          ],
          [
            3.054965,
            36.777151
          ],
          [
            3.054914,
            36.777215
          ],
          [
            3.054796,
            36.777321
          ],
          [
            3.054691,
            36.777413
          ],
          [
            3.054573,
            36.77748
          ],
          [
            3.054351,
            36.777589
          ],
          [
            3.054206,
            36.777639
          ],
          [
            3.053828,
            36.777742
          ],
          [
            3.053527,
            36.777815
          ],
          [
            3.053514,
            36.777819
          ],
          [
            3.053455,
            36.777836
          ],
          [
            3.053345,
            36.777866
          ],
          [
            3.052615,
            36.778053
          ],
          [
            3.052527,
            36.778092
          ],
          [
            3.052495,
            36.778105
          ],
          [
            3.052463,
            36.778116
          ],
          [
            3.052135,
            36.778197
          ],
          [
            3.051824,
            36.778277
          ],
          [
            3.05154,
            36.77835
          ],
          [
            3.05058,
            36.778586
          ],
          [
            3.050523,
            36.778603
          ],
          [
            3.050472,
            36.778625
          ],
          [
            3.050325,
            36.778691
          ],
          [
            3.050301,
            36.778736
          ],
          [
            3.050266,
            36.778773
          ],
          [
            3.05022,
            36.778799
          ],
          [
            3.050169,
            36.778816
          ],
          [
            3.050116,
            36.77882
          ],
          [
            3.050091,
            36.77882
          ],
          [
            3.050006,
            36.778797
          ],
          [
            3.049971,
            36.778775
          ],
          [
            3.049944,
            36.778752
          ],
          [
            3.049922,
            36.778721
          ],
          [
            3.049912,
            36.7787
          ],
          [
            3.049906,
            36.778678
          ],
          [
            3.049904,
            36.77862
          ],
          [
            3.049914,
            36.77859
          ],
          [
            3.049933,
            36.77856
          ],
          [
            3.049906,
            36.778466
          ],
          [
            3.049874,
            36.778369
          ],
          [
            3.049837,
            36.778238
          ],
          [
            3.049611,
            36.777649
          ],
          [
            3.049453,
            36.777282
          ],
          [
            3.049314,
            36.777125
          ],
          [
            3.049161,
            36.777031
          ],
          [
            3.049019,
            36.776915
          ],
          [
            3.048587,
            36.776625
          ],
          [
            3.048546,
            36.776599
          ],
          [
            3.048321,
            36.776461
          ],
          [
            3.04827,
            36.776429
          ],
          [
            3.048219,
            36.77641
          ],
          [
            3.048182,
            36.776397
          ],
          [
            3.048109,
            36.776375
          ],
          [
            3.047374,
            36.776191
          ],
          [
            3.047226,
            36.77616
          ],
          [
            3.047221,
            36.776177
          ],
          [
            3.047226,
            36.77616
          ],
          [
            3.046803,
            36.776073
          ],
          [
            3.04679,
            36.776068
          ],
          [
            3.046631,
            36.776012
          ],
          [
            3.046457,
            36.775903
          ],
          [
            3.046092,
            36.775628
          ],
          [
            3.04584,
            36.775376
          ],
          [
            3.04554,
            36.775033
          ],
          [
            3.045068,
            36.774487
          ],
          [
            3.044783,
            36.774062
          ],
          [
            3.044582,
            36.773784
          ],
          [
            3.044499,
            36.773673
          ],
          [
            3.044456,
            36.773615
          ],
          [
            3.044405,
            36.773565
          ],
          [
            3.044333,
            36.773514
          ],
          [
            3.044247,
            36.773479
          ],
          [
            3.04418,
            36.773447
          ],
          [
            3.044094,
            36.773423
          ],
          [
            3.044011,
            36.773396
          ],
          [
            3.043729,
            36.773314
          ],
          [
            3.043456,
            36.773273
          ],
          [
            3.04337,
            36.773273
          ],
          [
            3.043268,
            36.773284
          ],
          [
            3.043238,
            36.77329
          ],
          [
            3.043139,
            36.77332
          ],
          [
            3.042957,
            36.773372
          ],
          [
            3.042734,
            36.773449
          ],
          [
            3.042619,
            36.773486
          ],
          [
            3.042605,
            36.773492
          ],
          [
            3.042503,
            36.773559
          ],
          [
            3.042431,
            36.773643
          ],
          [
            3.042388,
            36.773744
          ],
          [
            3.042418,
            36.773905
          ],
          [
            3.042557,
            36.774201
          ],
          [
            3.042581,
            36.774255
          ],
          [
            3.042785,
            36.774695
          ],
          [
            3.042785,
            36.774798
          ],
          [
            3.04274,
            36.774906
          ],
          [
            3.042589,
            36.77494
          ],
          [
            3.042501,
            36.774938
          ],
          [
            3.04245,
            36.774906
          ],
          [
            3.042364,
            36.774751
          ],
          [
            3.042324,
            36.774539
          ],
          [
            3.042316,
            36.7745
          ],
          [
            3.04231,
            36.774468
          ],
          [
            3.042308,
            36.774453
          ],
          [
            3.042235,
            36.774124
          ],
          [
            3.042053,
            36.773737
          ],
          [
            3.04208,
            36.773537
          ],
          [
            3.042152,
            36.773127
          ],
          [
            3.042133,
            36.772934
          ],
          [
            3.042023,
            36.772772
          ],
          [
            3.041849,
            36.772633
          ],
          [
            3.041602,
            36.772513
          ],
          [
            3.041248,
            36.772291
          ],
          [
            3.041162,
            36.772229
          ],
          [
            3.041063,
            36.772143
          ],
          [
            3.040999,
            36.772079
          ],
          [
            3.040948,
            36.772018
          ],
          [
            3.040669,
            36.771679
          ],
          [
            3.040583,
            36.771591
          ],
          [
            3.040494,
            36.771513
          ],
          [
            3.040414,
            36.771453
          ],
          [
            3.040334,
            36.771404
          ],
          [
            3.040237,
            36.771346
          ],
          [
            3.040103,
            36.771273
          ],
          [
            3.040014,
            36.771226
          ],
          [
            3.039918,
            36.771176
          ],
          [
            3.0398,
            36.771129
          ],
          [
            3.039743,
            36.771103
          ],
          [
            3.039038,
            36.770901
          ],
          [
            3.038805,
            36.770835
          ],
          [
            3.038475,
            36.770742
          ],
          [
            3.037995,
            36.770596
          ],
          [
            3.037635,
            36.77048
          ],
          [
            3.037541,
            36.77045
          ],
          [
            3.037193,
            36.770327
          ],
          [
            3.03689,
            36.770222
          ],
          [
            3.036675,
            36.770126
          ],
          [
            3.035602,
            36.769633
          ],
          [
            3.035296,
            36.769565
          ],
          [
            3.034977,
            36.769513
          ],
          [
            3.034814,
            36.769502
          ],
          [
            3.03446,
            36.76947
          ],
          [
            3.033926,
            36.769429
          ],
          [
            3.033845,
            36.769423
          ],
          [
            3.033588,
            36.76941
          ],
          [
            3.033223,
            36.76941
          ],
          [
            3.032121,
            36.769481
          ],
          [
            3.031455,
            36.769513
          ],
          [
            3.031404,
            36.769515
          ],
          [
            3.031085,
            36.769532
          ],
          [
            3.030914,
            36.769541
          ],
          [
            3.030761,
            36.76955
          ],
          [
            3.030069,
            36.769591
          ],
          [
            3.029645,
            36.769614
          ],
          [
            3.029559,
            36.769618
          ],
          [
            3.0295,
            36.769623
          ],
          [
            3.029286,
            36.769627
          ],
          [
            3.029218,
            36.769629
          ],
          [
            3.028996,
            36.769629
          ],
          [
            3.028068,
            36.769507
          ],
          [
            3.027741,
            36.769451
          ],
          [
            3.026855,
            36.769277
          ],
          [
            3.02633,
            36.769189
          ],
          [
            3.026067,
            36.769144
          ],
          [
            3.025032,
            36.76897
          ],
          [
            3.02468,
            36.768916
          ],
          [
            3.024517,
            36.768881
          ],
          [
            3.024463,
            36.768877
          ],
          [
            3.024417,
            36.768871
          ],
          [
            3.023532,
            36.768839
          ],
          [
            3.022644,
            36.768823
          ],
          [
            3.022449,
            36.768826
          ],
          [
            3.022341,
            36.768826
          ],
          [
            3.021797,
            36.768804
          ],
          [
            3.021665,
            36.768798
          ],
          [
            3.021566,
            36.768793
          ],
          [
            3.021526,
            36.768808
          ],
          [
            3.021478,
            36.768823
          ],
          [
            3.021424,
            36.76883
          ],
          [
            3.021333,
            36.768832
          ],
          [
            3.02122,
            36.768839
          ],
          [
            3.020587,
            36.768832
          ],
          [
            3.019895,
            36.768828
          ],
          [
            3.019651,
            36.768821
          ],
          [
            3.019605,
            36.768836
          ],
          [
            3.01956,
            36.768839
          ],
          [
            3.019517,
            36.768832
          ],
          [
            3.019479,
            36.768815
          ],
          [
            3.01945,
            36.768793
          ],
          [
            3.019428,
            36.768763
          ],
          [
            3.019418,
            36.768733
          ],
          [
            3.019418,
            36.768699
          ],
          [
            3.019423,
            36.76868
          ],
          [
            3.019426,
            36.768669
          ],
          [
            3.019418,
            36.768637
          ],
          [
            3.019402,
            36.768619
          ],
          [
            3.01938,
            36.768596
          ],
          [
            3.019343,
            36.768557
          ],
          [
            3.019316,
            36.768531
          ],
          [
            3.01894,
            36.768168
          ],
          [
            3.018559,
            36.767803
          ],
          [
            3.018396,
            36.767655
          ],
          [
            3.018195,
            36.767466
          ],
          [
            3.017688,
            36.767004
          ],
          [
            3.017618,
            36.766941
          ],
          [
            3.017564,
            36.766883
          ],
          [
            3.017508,
            36.766825
          ],
          [
            3.017449,
            36.766759
          ],
          [
            3.017328,
            36.766615
          ],
          [
            3.017269,
            36.766537
          ],
          [
            3.016765,
            36.765833
          ],
          [
            3.016698,
            36.765742
          ],
          [
            3.016647,
            36.765682
          ],
          [
            3.016609,
            36.765646
          ],
          [
            3.016585,
            36.765628
          ],
          [
            3.016556,
            36.765613
          ],
          [
            3.016516,
            36.765609
          ],
          [
            3.016478,
            36.765594
          ],
          [
            3.016448,
            36.765573
          ],
          [
            3.01643,
            36.765545
          ],
          [
            3.016422,
            36.765523
          ],
          [
            3.016419,
            36.765502
          ],
          [
            3.016344,
            36.765414
          ],
          [
            3.01628,
            36.765338
          ],
          [
            3.016204,
            36.765235
          ],
          [
            3.016105,
            36.765126
          ],
          [
            3.01606,
            36.765081
          ],
          [
            3.016014,
            36.765044
          ],
          [
            3.015899,
            36.764973
          ],
          [
            3.015695,
            36.764874
          ],
          [
            3.015566,
            36.764812
          ],
          [
            3.015357,
            36.764702
          ],
          [
            3.015271,
            36.764655
          ],
          [
            3.015191,
            36.76461
          ],
          [
            3.015064,
            36.764535
          ],
          [
            3.014818,
            36.764365
          ],
          [
            3.014244,
            36.76398
          ],
          [
            3.014051,
            36.763834
          ],
          [
            3.01401,
            36.763757
          ],
          [
            3.013997,
            36.763746
          ],
          [
            3.013914,
            36.763686
          ],
          [
            3.013833,
            36.763624
          ],
          [
            3.013812,
            36.763615
          ],
          [
            3.01379,
            36.763602
          ],
          [
            3.013772,
            36.763589
          ],
          [
            3.013756,
            36.763572
          ],
          [
            3.013748,
            36.763553
          ],
          [
            3.013739,
            36.763533
          ],
          [
            3.013605,
            36.76348
          ],
          [
            3.013498,
            36.763424
          ],
          [
            3.013396,
            36.763364
          ],
          [
            3.013297,
            36.763301
          ],
          [
            3.013125,
            36.763179
          ],
          [
            3.013061,
            36.763134
          ],
          [
            3.012854,
            36.762996
          ],
          [
            3.011111,
            36.761797
          ],
          [
            3.010757,
            36.761557
          ],
          [
            3.010459,
            36.761331
          ],
          [
            3.010312,
            36.761213
          ],
          [
            3.010266,
            36.761165
          ],
          [
            3.010159,
            36.761052
          ],
          [
            3.009783,
            36.760635
          ],
          [
            3.009367,
            36.760171
          ],
          [
            3.009287,
            36.760072
          ],
          [
            3.009271,
            36.760055
          ],
          [
            3.009212,
            36.759966
          ],
          [
            3.009161,
            36.759887
          ],
          [
            3.009142,
            36.759844
          ],
          [
            3.009123,
            36.759799
          ],
          [
            3.009121,
            36.759784
          ],
          [
            3.009107,
            36.759745
          ],
          [
            3.009091,
            36.759683
          ],
          [
            3.009016,
            36.759335
          ],
          [
            3.008979,
            36.759143
          ],
          [
            3.008936,
            36.758956
          ],
          [
            3.008922,
            36.758892
          ],
          [
            3.008885,
            36.758711
          ],
          [
            3.008855,
            36.758578
          ],
          [
            3.008654,
            36.757631
          ],
          [
            3.008582,
            36.757297
          ],
          [
            3.008523,
            36.757012
          ],
          [
            3.00849,
            36.756861
          ],
          [
            3.008469,
            36.756769
          ],
          [
            3.008464,
            36.756743
          ],
          [
            3.00845,
            36.7567
          ],
          [
            3.008426,
            36.756655
          ],
          [
            3.008394,
            36.756603
          ],
          [
            3.008367,
            36.756571
          ],
          [
            3.008351,
            36.756554
          ],
          [
            3.008343,
            36.756532
          ],
          [
            3.00834,
            36.756509
          ],
          [
            3.008343,
            36.756451
          ],
          [
            3.00834,
            36.756376
          ],
          [
            3.008329,
            36.756292
          ],
          [
            3.008316,
            36.756232
          ],
          [
            3.00826,
            36.756066
          ],
          [
            3.008244,
            36.756032
          ],
          [
            3.008219,
            36.755984
          ],
          [
            3.008174,
            36.755914
          ],
          [
            3.008118,
            36.755843
          ],
          [
            3.008064,
            36.755782
          ],
          [
            3.008,
            36.75572
          ],
          [
            3.007927,
            36.75566
          ],
          [
            3.007844,
            36.755608
          ],
          [
            3.007734,
            36.75555
          ],
          [
            3.007498,
            36.755434
          ],
          [
            3.007109,
            36.755237
          ],
          [
            3.007031,
            36.755202
          ],
          [
            3.006629,
            36.755
          ],
          [
            3.006165,
            36.75479
          ],
          [
            3.005822,
            36.75462
          ],
          [
            3.005489,
            36.754457
          ],
          [
            3.005417,
            36.754416
          ],
          [
            3.005333,
            36.75436
          ],
          [
            3.005146,
            36.754233
          ],
          [
            3.004966,
            36.754108
          ],
          [
            3.004896,
            36.754057
          ],
          [
            3.004829,
            36.754001
          ],
          [
            3.004767,
            36.753943
          ],
          [
            3.004711,
            36.753881
          ],
          [
            3.00466,
            36.753816
          ],
          [
            3.004617,
            36.75375
          ],
          [
            3.004588,
            36.753696
          ],
          [
            3.004523,
            36.753584
          ],
          [
            3.004494,
            36.753507
          ],
          [
            3.004467,
            36.753429
          ],
          [
            3.004354,
            36.752967
          ],
          [
            3.004341,
            36.752905
          ],
          [
            3.00433,
            36.752877
          ],
          [
            3.004317,
            36.752845
          ],
          [
            3.004303,
            36.752815
          ],
          [
            3.004285,
            36.752778
          ],
          [
            3.004261,
            36.752731
          ],
          [
            3.004234,
            36.752714
          ],
          [
            3.004212,
            36.752694
          ],
          [
            3.004204,
            36.752684
          ],
          [
            3.004185,
            36.752654
          ],
          [
            3.004177,
            36.752621
          ],
          [
            3.00418,
            36.752587
          ],
          [
            3.004191,
            36.752555
          ],
          [
            3.004204,
            36.752531
          ],
          [
            3.00422,
            36.75251
          ],
          [
            3.004279,
            36.752475
          ],
          [
            3.00433,
            36.752462
          ],
          [
            3.004384,
            36.752462
          ],
          [
            3.004427,
            36.752471
          ],
          [
            3.004467,
            36.752488
          ],
          [
            3.004505,
            36.752516
          ],
          [
            3.004531,
            36.752548
          ],
          [
            3.004545,
            36.752587
          ],
          [
            3.004545,
            36.752628
          ],
          [
            3.004531,
            36.752664
          ],
          [
            3.00451,
            36.752694
          ],
          [
            3.004499,
            36.75275
          ],
          [
            3.004502,
            36.75278
          ],
          [
            3.00451,
            36.752825
          ],
          [
            3.004526,
            36.752903
          ],
          [
            3.004556,
            36.753021
          ],
          [
            3.004574,
            36.75304
          ],
          [
            3.004617,
            36.753055
          ],
          [
            3.004663,
            36.753068
          ],
          [
            3.004902,
            36.753124
          ],
          [
            3.004958,
            36.753133
          ],
          [
            3.005006,
            36.753137
          ],
          [
            3.005218,
            36.753139
          ],
          [
            3.005328,
            36.753133
          ],
          [
            3.005454,
            36.753126
          ],
          [
            3.005564,
            36.753122
          ],
          [
            3.005674,
            36.753118
          ],
          [
            3.005779,
            36.753109
          ],
          [
            3.005822,
            36.75272
          ]
        ]
      },
      "properties": {
        "name": "La grande poste - Gare routière de Ben Aknoun",
        "stroke": "#249CF2"
      }
    },
    {
      "type": "Feature",
      "geometry": {
        "type": "LineString",
        "coordinates": [
          [
            3.005832,
            36.752718
          ],
          [
            3.00572,
            36.752692
          ],
          [
            3.00562,
            36.752666
          ],
          [
            3.005513,
            36.752641
          ],
          [
            3.005409,
            36.752613
          ],
          [
            3.005199,
            36.752546
          ],
          [
            3.005127,
            36.752527
          ],
          [
            3.004993,
            36.752494
          ],
          [
            3.004915,
            36.752484
          ],
          [
            3.004867,
            36.752479
          ],
          [
            3.004824,
            36.752479
          ],
          [
            3.004767,
            36.752486
          ],
          [
            3.004698,
            36.752497
          ],
          [
            3.004676,
            36.75251
          ],
          [
            3.004639,
            36.752535
          ],
          [
            3.004577,
            36.752587
          ],
          [
            3.004545,
            36.752628
          ],
          [
            3.004531,
            36.752664
          ],
          [
            3.00451,
            36.752694
          ],
          [
            3.004499,
            36.75275
          ],
          [
            3.004502,
            36.75278
          ],
          [
            3.00451,
            36.752825
          ],
          [
            3.004526,
            36.752903
          ],
          [
            3.004556,
            36.753021
          ],
          [
            3.00462,
            36.753335
          ],
          [
            3.004633,
            36.753404
          ],
          [
            3.004647,
            36.753588
          ],
          [
            3.004657,
            36.753631
          ],
          [
            3.004671,
            36.753661
          ],
          [
            3.004687,
            36.753692
          ],
          [
            3.004741,
            36.75378
          ],
          [
            3.00481,
            36.753881
          ],
          [
            3.004891,
            36.753962
          ],
          [
            3.004993,
            36.75405
          ],
          [
            3.005172,
            36.754179
          ],
          [
            3.005347,
            36.754287
          ],
          [
            3.005516,
            36.75439
          ],
          [
            3.0058,
            36.754536
          ],
          [
            3.006162,
            36.75471
          ],
          [
            3.006597,
            36.754914
          ],
          [
            3.006841,
            36.755032
          ],
          [
            3.007071,
            36.755151
          ],
          [
            3.007565,
            36.755389
          ],
          [
            3.007841,
            36.755527
          ],
          [
            3.007906,
            36.755563
          ],
          [
            3.007954,
            36.755596
          ],
          [
            3.007975,
            36.755611
          ],
          [
            3.008064,
            36.755679
          ],
          [
            3.008166,
            36.755778
          ],
          [
            3.008244,
            36.755873
          ],
          [
            3.00827,
            36.755911
          ],
          [
            3.008308,
            36.755982
          ],
          [
            3.00834,
            36.756066
          ],
          [
            3.008407,
            36.756272
          ],
          [
            3.008429,
            36.756333
          ],
          [
            3.008445,
            36.756367
          ],
          [
            3.008474,
            36.756425
          ],
          [
            3.008488,
            36.756459
          ],
          [
            3.008506,
            36.756474
          ],
          [
            3.00852,
            36.756494
          ],
          [
            3.008525,
            36.756515
          ],
          [
            3.008523,
            36.756537
          ],
          [
            3.008515,
            36.756554
          ],
          [
            3.008525,
            36.756578
          ],
          [
            3.008536,
            36.756595
          ],
          [
            3.008544,
            36.756616
          ],
          [
            3.008552,
            36.75664
          ],
          [
            3.008557,
            36.756666
          ],
          [
            3.008549,
            36.756713
          ],
          [
            3.008549,
            36.75678
          ],
          [
            3.00856,
            36.756838
          ],
          [
            3.008592,
            36.756999
          ],
          [
            3.008641,
            36.757235
          ],
          [
            3.008944,
            36.758598
          ],
          [
            3.008965,
            36.758701
          ],
          [
            3.008987,
            36.758905
          ],
          [
            3.008997,
            36.75895
          ],
          [
            3.009062,
            36.75924
          ],
          [
            3.009086,
            36.75935
          ],
          [
            3.009131,
            36.759558
          ],
          [
            3.009172,
            36.759732
          ],
          [
            3.009177,
            36.759758
          ],
          [
            3.009188,
            36.759792
          ],
          [
            3.009201,
            36.759829
          ],
          [
            3.009233,
            36.7599
          ],
          [
            3.009268,
            36.759964
          ],
          [
            3.009311,
            36.760027
          ],
          [
            3.00941,
            36.760151
          ],
          [
            3.009472,
            36.760224
          ],
          [
            3.010183,
            36.761009
          ],
          [
            3.010199,
            36.761028
          ],
          [
            3.01036,
            36.761185
          ],
          [
            3.010478,
            36.761286
          ],
          [
            3.010644,
            36.761415
          ],
          [
            3.010891,
            36.761593
          ],
          [
            3.011545,
            36.762034
          ],
          [
            3.013176,
            36.763132
          ],
          [
            3.013342,
            36.763252
          ],
          [
            3.013428,
            36.763306
          ],
          [
            3.013487,
            36.763336
          ],
          [
            3.013549,
            36.763362
          ],
          [
            3.013613,
            36.763381
          ],
          [
            3.013678,
            36.763394
          ],
          [
            3.013737,
            36.763402
          ],
          [
            3.013812,
            36.763413
          ],
          [
            3.013849,
            36.7634
          ],
          [
            3.013887,
            36.763398
          ],
          [
            3.013922,
            36.763402
          ],
          [
            3.013954,
            36.763413
          ],
          [
            3.013984,
            36.76343
          ],
          [
            3.014008,
            36.763452
          ],
          [
            3.014024,
            36.76348
          ],
          [
            3.014029,
            36.763508
          ],
          [
            3.014026,
            36.763536
          ],
          [
            3.014053,
            36.763572
          ],
          [
            3.014075,
            36.763615
          ],
          [
            3.014107,
            36.763671
          ],
          [
            3.014169,
            36.763748
          ],
          [
            3.014214,
            36.763811
          ],
          [
            3.01426,
            36.763864
          ],
          [
            3.014324,
            36.763924
          ],
          [
            3.014696,
            36.764194
          ],
          [
            3.014752,
            36.764144
          ],
          [
            3.014696,
            36.764194
          ],
          [
            3.014775,
            36.764251
          ],
          [
            3.014976,
            36.764391
          ],
          [
            3.015099,
            36.764472
          ],
          [
            3.015317,
            36.764597
          ],
          [
            3.015469,
            36.764689
          ],
          [
            3.01584,
            36.764848
          ],
          [
            3.016043,
            36.764952
          ],
          [
            3.016137,
            36.765003
          ],
          [
            3.016229,
            36.765063
          ],
          [
            3.016298,
            36.765111
          ],
          [
            3.016349,
            36.765156
          ],
          [
            3.016483,
            36.765304
          ],
          [
            3.016518,
            36.765347
          ],
          [
            3.016601,
            36.765407
          ],
          [
            3.01662,
            36.765416
          ],
          [
            3.016647,
            36.765433
          ],
          [
            3.016668,
            36.765457
          ],
          [
            3.016682,
            36.765484
          ],
          [
            3.016685,
            36.765515
          ],
          [
            3.016682,
            36.765527
          ],
          [
            3.016703,
            36.765585
          ],
          [
            3.016733,
            36.765635
          ],
          [
            3.016786,
            36.765717
          ],
          [
            3.01695,
            36.765946
          ],
          [
            3.017218,
            36.766329
          ],
          [
            3.017422,
            36.76661
          ],
          [
            3.017457,
            36.766653
          ],
          [
            3.017513,
            36.766718
          ],
          [
            3.017543,
            36.766754
          ],
          [
            3.017596,
            36.766812
          ],
          [
            3.017701,
            36.766907
          ],
          [
            3.018141,
            36.767302
          ],
          [
            3.018345,
            36.767487
          ],
          [
            3.019324,
            36.7684
          ],
          [
            3.019386,
            36.768456
          ],
          [
            3.019453,
            36.768503
          ],
          [
            3.019504,
            36.768538
          ],
          [
            3.019587,
            36.768594
          ],
          [
            3.019622,
            36.7686
          ],
          [
            3.019654,
            36.768613
          ],
          [
            3.019683,
            36.768632
          ],
          [
            3.019705,
            36.768656
          ],
          [
            3.019909,
            36.768667
          ],
          [
            3.020354,
            36.76868
          ],
          [
            3.021102,
            36.76869
          ],
          [
            3.021456,
            36.768695
          ],
          [
            3.021577,
            36.768702
          ],
          [
            3.02158,
            36.768669
          ],
          [
            3.021577,
            36.768702
          ],
          [
            3.021596,
            36.768703
          ],
          [
            3.021671,
            36.768712
          ],
          [
            3.021751,
            36.768729
          ],
          [
            3.022446,
            36.768731
          ],
          [
            3.02372,
            36.768733
          ],
          [
            3.023825,
            36.768731
          ],
          [
            3.0239,
            36.768722
          ],
          [
            3.024023,
            36.768692
          ],
          [
            3.024796,
            36.768501
          ],
          [
            3.024999,
            36.768445
          ],
          [
            3.025211,
            36.768409
          ],
          [
            3.02652,
            36.767646
          ],
          [
            3.02689,
            36.767438
          ],
          [
            3.026931,
            36.76742
          ],
          [
            3.027121,
            36.767315
          ],
          [
            3.027269,
            36.767246
          ],
          [
            3.02747,
            36.767167
          ],
          [
            3.027534,
            36.767165
          ],
          [
            3.028014,
            36.767077
          ],
          [
            3.028097,
            36.767008
          ],
          [
            3.028175,
            36.766883
          ],
          [
            3.028277,
            36.766628
          ],
          [
            3.028591,
            36.765964
          ],
          [
            3.028634,
            36.765884
          ],
          [
            3.028687,
            36.765815
          ],
          [
            3.028728,
            36.765772
          ],
          [
            3.028771,
            36.765736
          ],
          [
            3.028805,
            36.765706
          ],
          [
            3.028843,
            36.765686
          ],
          [
            3.028907,
            36.765659
          ],
          [
            3.028961,
            36.765635
          ],
          [
            3.029685,
            36.765448
          ],
          [
            3.029728,
            36.765549
          ],
          [
            3.029862,
            36.765787
          ],
          [
            3.029924,
            36.765901
          ],
          [
            3.029951,
            36.765955
          ],
          [
            3.030017,
            36.766081
          ],
          [
            3.030058,
            36.766067
          ],
          [
            3.030017,
            36.766081
          ],
          [
            3.030283,
            36.766587
          ],
          [
            3.030444,
            36.766853
          ],
          [
            3.030683,
            36.767257
          ],
          [
            3.030793,
            36.767444
          ],
          [
            3.030825,
            36.767524
          ],
          [
            3.030836,
            36.767599
          ],
          [
            3.030844,
            36.767668
          ],
          [
            3.030844,
            36.767741
          ],
          [
            3.030841,
            36.76779
          ],
          [
            3.030825,
            36.767869
          ],
          [
            3.030801,
            36.767938
          ],
          [
            3.030771,
            36.768007
          ],
          [
            3.030758,
            36.768031
          ],
          [
            3.030747,
            36.768046
          ],
          [
            3.030723,
            36.768091
          ],
          [
            3.030503,
            36.768478
          ],
          [
            3.030493,
            36.768518
          ],
          [
            3.030495,
            36.768568
          ],
          [
            3.030535,
            36.768639
          ],
          [
            3.030667,
            36.768871
          ],
          [
            3.030723,
            36.768845
          ],
          [
            3.031008,
            36.768725
          ],
          [
            3.031236,
            36.768628
          ],
          [
            3.031482,
            36.768523
          ],
          [
            3.031804,
            36.768387
          ],
          [
            3.032088,
            36.768267
          ],
          [
            3.032392,
            36.768136
          ],
          [
            3.032676,
            36.768013
          ],
          [
            3.032721,
            36.767994
          ],
          [
            3.033641,
            36.767594
          ],
          [
            3.035712,
            36.766696
          ],
          [
            3.036029,
            36.766559
          ],
          [
            3.036536,
            36.76634
          ],
          [
            3.037976,
            36.765714
          ],
          [
            3.038059,
            36.765684
          ],
          [
            3.038123,
            36.765661
          ],
          [
            3.038231,
            36.765648
          ],
          [
            3.038362,
            36.765611
          ],
          [
            3.038539,
            36.765605
          ],
          [
            3.038695,
            36.765633
          ],
          [
            3.038882,
            36.765708
          ],
          [
            3.039025,
            36.765809
          ],
          [
            3.039199,
            36.765968
          ],
          [
            3.039518,
            36.766277
          ],
          [
            3.039813,
            36.766589
          ],
          [
            3.040039,
            36.766787
          ],
          [
            3.040116,
            36.766817
          ],
          [
            3.040199,
            36.766832
          ],
          [
            3.040285,
            36.766832
          ],
          [
            3.040406,
            36.766799
          ],
          [
            3.040497,
            36.766735
          ],
          [
            3.040572,
            36.766683
          ],
          [
            3.040618,
            36.766608
          ],
          [
            3.040666,
            36.766507
          ],
          [
            3.040685,
            36.766361
          ],
          [
            3.040639,
            36.766157
          ],
          [
            3.040551,
            36.766002
          ],
          [
            3.040441,
            36.765858
          ],
          [
            3.040366,
            36.765792
          ],
          [
            3.040283,
            36.765701
          ],
          [
            3.040057,
            36.765564
          ],
          [
            3.039639,
            36.765308
          ],
          [
            3.0394,
            36.765181
          ],
          [
            3.039301,
            36.765128
          ],
          [
            3.03896,
            36.764919
          ],
          [
            3.038866,
            36.76479
          ],
          [
            3.038845,
            36.764732
          ],
          [
            3.038842,
            36.764674
          ],
          [
            3.038856,
            36.764616
          ],
          [
            3.038885,
            36.764563
          ],
          [
            3.038936,
            36.764462
          ],
          [
            3.03911,
            36.764268
          ],
          [
            3.040079,
            36.763187
          ],
          [
            3.040159,
            36.763084
          ],
          [
            3.040232,
            36.762981
          ],
          [
            3.040285,
            36.76288
          ],
          [
            3.040309,
            36.762771
          ],
          [
            3.040358,
            36.762541
          ],
          [
            3.04039,
            36.762431
          ],
          [
            3.040425,
            36.762362
          ],
          [
            3.040497,
            36.762283
          ],
          [
            3.040586,
            36.762214
          ],
          [
            3.040682,
            36.762171
          ],
          [
            3.040792,
            36.762141
          ],
          [
            3.040921,
            36.762141
          ],
          [
            3.041058,
            36.762163
          ],
          [
            3.041272,
            36.762201
          ],
          [
            3.041495,
            36.762218
          ],
          [
            3.04168,
            36.76219
          ],
          [
            3.04183,
            36.762165
          ],
          [
            3.042066,
            36.762085
          ],
          [
            3.042243,
            36.761973
          ],
          [
            3.042364,
            36.761887
          ],
          [
            3.042466,
            36.761791
          ],
          [
            3.042576,
            36.761632
          ],
          [
            3.042621,
            36.761526
          ],
          [
            3.042646,
            36.761421
          ],
          [
            3.042648,
            36.761286
          ],
          [
            3.04264,
            36.761198
          ],
          [
            3.042589,
            36.760963
          ],
          [
            3.042501,
            36.760697
          ],
          [
            3.042485,
            36.76065
          ],
          [
            3.042399,
            36.760405
          ],
          [
            3.042332,
            36.760241
          ],
          [
            3.042235,
            36.759973
          ],
          [
            3.042152,
            36.759732
          ],
          [
            3.042112,
            36.759528
          ],
          [
            3.04212,
            36.759414
          ],
          [
            3.042123,
            36.759292
          ],
          [
            3.042139,
            36.759165
          ],
          [
            3.042171,
            36.759064
          ],
          [
            3.042235,
            36.758935
          ],
          [
            3.042289,
            36.758832
          ],
          [
            3.042343,
            36.758763
          ],
          [
            3.042393,
            36.758707
          ],
          [
            3.042453,
            36.758647
          ],
          [
            3.042533,
            36.758576
          ],
          [
            3.042648,
            36.758501
          ],
          [
            3.042707,
            36.758471
          ],
          [
            3.042874,
            36.758396
          ],
          [
            3.042992,
            36.758342
          ],
          [
            3.043456,
            36.758148
          ],
          [
            3.043515,
            36.758123
          ],
          [
            3.043595,
            36.758088
          ],
          [
            3.043767,
            36.758028
          ],
          [
            3.044121,
            36.757895
          ],
          [
            3.044443,
            36.757794
          ],
          [
            3.044571,
            36.757755
          ],
          [
            3.044708,
            36.757717
          ],
          [
            3.046554,
            36.757046
          ],
          [
            3.046701,
            36.756986
          ],
          [
            3.046857,
            36.756909
          ],
          [
            3.046999,
            36.756838
          ],
          [
            3.047071,
            36.756801
          ],
          [
            3.047136,
            36.756773
          ],
          [
            3.047246,
            36.756734
          ],
          [
            3.047685,
            36.756608
          ],
          [
            3.04812,
            36.756481
          ],
          [
            3.048624,
            36.756339
          ],
          [
            3.048887,
            36.75627
          ],
          [
            3.049086,
            36.756217
          ],
          [
            3.049306,
            36.756167
          ],
          [
            3.049534,
            36.756122
          ],
          [
            3.049912,
            36.756051
          ],
          [
            3.05026,
            36.755989
          ],
          [
            3.050472,
            36.755957
          ],
          [
            3.050655,
            36.755933
          ],
          [
            3.050832,
            36.755918
          ],
          [
            3.050998,
            36.755916
          ],
          [
            3.051119,
            36.755933
          ],
          [
            3.051221,
            36.755957
          ],
          [
            3.051424,
            36.756032
          ],
          [
            3.051602,
            36.756139
          ],
          [
            3.051762,
            36.75626
          ],
          [
            3.051913,
            36.756431
          ],
          [
            3.052009,
            36.756599
          ],
          [
            3.052049,
            36.756758
          ],
          [
            3.052066,
            36.756919
          ],
          [
            3.052044,
            36.757093
          ],
          [
            3.051988,
            36.757257
          ],
          [
            3.051875,
            36.757439
          ],
          [
            3.051754,
            36.757566
          ],
          [
            3.051698,
            36.757611
          ],
          [
            3.051564,
            36.757723
          ],
          [
            3.051376,
            36.757882
          ],
          [
            3.051272,
            36.757985
          ],
          [
            3.051218,
            36.758063
          ],
          [
            3.051191,
            36.758099
          ],
          [
            3.051137,
            36.758179
          ],
          [
            3.051081,
            36.758314
          ],
          [
            3.051038,
            36.758505
          ],
          [
            3.051044,
            36.758675
          ],
          [
            3.051132,
            36.758995
          ],
          [
            3.051221,
            36.759201
          ],
          [
            3.051355,
            36.75941
          ],
          [
            3.051513,
            36.759573
          ],
          [
            3.051722,
            36.759732
          ],
          [
            3.051913,
            36.759842
          ],
          [
            3.052141,
            36.759932
          ],
          [
            3.052682,
            36.76011
          ],
          [
            3.052892,
            36.760179
          ],
          [
            3.053364,
            36.760332
          ],
          [
            3.053806,
            36.760476
          ],
          [
            3.054147,
            36.760577
          ],
          [
            3.055131,
            36.760955
          ],
          [
            3.055815,
            36.761217
          ],
          [
            3.05621,
            36.76134
          ],
          [
            3.056344,
            36.761357
          ],
          [
            3.056459,
            36.761342
          ],
          [
            3.056523,
            36.761329
          ],
          [
            3.056607,
            36.761327
          ],
          [
            3.056738,
            36.76134
          ],
          [
            3.056816,
            36.761367
          ],
          [
            3.05684,
            36.761359
          ],
          [
            3.056931,
            36.761344
          ],
          [
            3.056969,
            36.761309
          ],
          [
            3.056998,
            36.76126
          ],
          [
            3.057113,
            36.760923
          ],
          [
            3.057339,
            36.760299
          ],
          [
            3.057274,
            36.760263
          ],
          [
            3.057237,
            36.760226
          ],
          [
            3.056998,
            36.760158
          ],
          [
            3.056971,
            36.760061
          ],
          [
            3.05695,
            36.760003
          ],
          [
            3.056697,
            36.760063
          ],
          [
            3.056706,
            36.760087
          ]
        ]
      },
      "properties": {
        "name": "Gare routière de Ben Aknoun - 1er Mai",
        "stroke": "#E51B23"
      }
    },
    {
      "type": "Feature",
      "geometry": {
        "type": "LineString",
        "coordinates": [
          [
            3.056706,
            36.760087
          ],
          [
            3.056697,
            36.760063
          ],
          [
            3.056494,
            36.76011
          ],
          [
            3.056317,
            36.760156
          ],
          [
            3.056258,
            36.760194
          ],
          [
            3.056108,
            36.76022
          ],
          [
            3.056051,
            36.760113
          ],
          [
            3.055888,
            36.759724
          ],
          [
            3.055831,
            36.75959
          ],
          [
            3.055788,
            36.759446
          ],
          [
            3.055676,
            36.759363
          ],
          [
            3.055507,
            36.759219
          ],
          [
            3.05533,
            36.759057
          ],
          [
            3.055131,
            36.759197
          ],
          [
            3.055013,
            36.759139
          ],
          [
            3.054914,
            36.7591
          ],
          [
            3.054726,
            36.759002
          ],
          [
            3.054415,
            36.758832
          ],
          [
            3.054308,
            36.758828
          ],
          [
            3.053822,
            36.758787
          ],
          [
            3.05368,
            36.758671
          ],
          [
            3.053584,
            36.758589
          ],
          [
            3.053484,
            36.758516
          ],
          [
            3.053318,
            36.758396
          ],
          [
            3.05305,
            36.758228
          ],
          [
            3.052948,
            36.758265
          ],
          [
            3.052707,
            36.75834
          ],
          [
            3.051956,
            36.758591
          ],
          [
            3.051478,
            36.758767
          ],
          [
            3.051277,
            36.758843
          ],
          [
            3.050934,
            36.759032
          ],
          [
            3.050416,
            36.759337
          ],
          [
            3.050336,
            36.759481
          ],
          [
            3.050333,
            36.759498
          ],
          [
            3.050325,
            36.759513
          ],
          [
            3.050309,
            36.759526
          ],
          [
            3.05029,
            36.759532
          ],
          [
            3.050268,
            36.759534
          ],
          [
            3.05025,
            36.75953
          ],
          [
            3.050231,
            36.759519
          ],
          [
            3.05022,
            36.759504
          ],
          [
            3.050215,
            36.759489
          ],
          [
            3.050218,
            36.75947
          ],
          [
            3.050228,
            36.759455
          ],
          [
            3.050226,
            36.759421
          ],
          [
            3.050239,
            36.759375
          ],
          [
            3.050258,
            36.759345
          ],
          [
            3.050287,
            36.759315
          ],
          [
            3.050837,
            36.758892
          ],
          [
            3.050872,
            36.758851
          ],
          [
            3.050899,
            36.758793
          ],
          [
            3.05091,
            36.758737
          ],
          [
            3.050926,
            36.758666
          ],
          [
            3.05095,
            36.758583
          ],
          [
            3.050979,
            36.758492
          ],
          [
            3.051028,
            36.758288
          ],
          [
            3.051057,
            36.758202
          ],
          [
            3.051095,
            36.758118
          ],
          [
            3.051148,
            36.758039
          ],
          [
            3.051191,
            36.757977
          ],
          [
            3.05129,
            36.757871
          ],
          [
            3.051408,
            36.757764
          ],
          [
            3.051532,
            36.757663
          ],
          [
            3.051628,
            36.757577
          ],
          [
            3.051687,
            36.757525
          ],
          [
            3.051746,
            36.757474
          ],
          [
            3.051843,
            36.757321
          ],
          [
            3.051929,
            36.75716
          ],
          [
            3.051966,
            36.757007
          ],
          [
            3.051961,
            36.756827
          ],
          [
            3.051939,
            36.756719
          ],
          [
            3.051905,
            36.756612
          ],
          [
            3.0518,
            36.756423
          ],
          [
            3.051674,
            36.75627
          ],
          [
            3.051489,
            36.756144
          ],
          [
            3.051382,
            36.756083
          ],
          [
            3.051258,
            36.756034
          ],
          [
            3.051044,
            36.755997
          ],
          [
            3.050794,
            36.755978
          ],
          [
            3.050486,
            36.756012
          ],
          [
            3.050207,
            36.756053
          ],
          [
            3.049775,
            36.756128
          ],
          [
            3.04944,
            36.756195
          ],
          [
            3.049155,
            36.756262
          ],
          [
            3.048777,
            36.756363
          ],
          [
            3.048182,
            36.756526
          ],
          [
            3.048002,
            36.756582
          ],
          [
            3.047833,
            36.756631
          ],
          [
            3.047584,
            36.7567
          ],
          [
            3.047297,
            36.756782
          ],
          [
            3.047152,
            36.756833
          ],
          [
            3.047042,
            36.756883
          ],
          [
            3.046886,
            36.756969
          ],
          [
            3.046733,
            36.757046
          ],
          [
            3.046564,
            36.757117
          ],
          [
            3.045974,
            36.757319
          ],
          [
            3.044732,
            36.757772
          ],
          [
            3.044633,
            36.757802
          ],
          [
            3.044569,
            36.757822
          ],
          [
            3.04451,
            36.757839
          ],
          [
            3.0444,
            36.757867
          ],
          [
            3.044279,
            36.757901
          ],
          [
            3.044158,
            36.757931
          ],
          [
            3.044089,
            36.757953
          ],
          [
            3.044022,
            36.757974
          ],
          [
            3.043818,
            36.758041
          ],
          [
            3.043654,
            36.758103
          ],
          [
            3.043536,
            36.758146
          ],
          [
            3.043434,
            36.758191
          ],
          [
            3.043338,
            36.758228
          ],
          [
            3.043222,
            36.758271
          ],
          [
            3.042992,
            36.758342
          ],
          [
            3.042874,
            36.758396
          ],
          [
            3.042707,
            36.758471
          ],
          [
            3.042648,
            36.758501
          ],
          [
            3.042599,
            36.758533
          ],
          [
            3.042654,
            36.758587
          ],
          [
            3.042599,
            36.758533
          ],
          [
            3.042533,
            36.758576
          ],
          [
            3.042453,
            36.758647
          ],
          [
            3.042393,
            36.758707
          ],
          [
            3.042343,
            36.758763
          ],
          [
            3.042289,
            36.758832
          ],
          [
            3.042235,
            36.758935
          ],
          [
            3.042171,
            36.759064
          ],
          [
            3.042139,
            36.759165
          ],
          [
            3.042123,
            36.759292
          ],
          [
            3.04212,
            36.759414
          ],
          [
            3.042112,
            36.759528
          ],
          [
            3.042152,
            36.759732
          ],
          [
            3.042235,
            36.759973
          ],
          [
            3.042332,
            36.760241
          ],
          [
            3.042399,
            36.760405
          ],
          [
            3.042485,
            36.76065
          ],
          [
            3.042501,
            36.760697
          ],
          [
            3.042589,
            36.760963
          ],
          [
            3.04264,
            36.761198
          ],
          [
            3.042648,
            36.761286
          ],
          [
            3.042646,
            36.761421
          ],
          [
            3.042621,
            36.761526
          ],
          [
            3.042576,
            36.761632
          ],
          [
            3.042466,
            36.761791
          ],
          [
            3.042364,
            36.761887
          ],
          [
            3.042243,
            36.761973
          ],
          [
            3.042066,
            36.762085
          ],
          [
            3.04183,
            36.762165
          ],
          [
            3.04168,
            36.76219
          ],
          [
            3.041495,
            36.762218
          ],
          [
            3.041272,
            36.762201
          ],
          [
            3.041058,
            36.762163
          ],
          [
            3.040921,
            36.762141
          ],
          [
            3.040792,
            36.762141
          ],
          [
            3.040682,
            36.762171
          ],
          [
            3.040586,
            36.762214
          ],
          [
            3.040497,
            36.762283
          ],
          [
            3.040425,
            36.762362
          ],
          [
            3.04039,
            36.762431
          ],
          [
            3.040358,
            36.762541
          ],
          [
            3.040309,
            36.762771
          ],
          [
            3.040285,
            36.76288
          ],
          [
            3.040232,
            36.762981
          ],
          [
            3.040159,
            36.763084
          ],
          [
            3.040079,
            36.763187
          ],
          [
            3.03911,
            36.764268
          ],
          [
            3.038936,
            36.764462
          ],
          [
            3.038885,
            36.764563
          ],
          [
            3.038856,
            36.764616
          ],
          [
            3.038842,
            36.764674
          ],
          [
            3.038845,
            36.764732
          ],
          [
            3.038866,
            36.76479
          ],
          [
            3.03896,
            36.764919
          ],
          [
            3.039301,
            36.765128
          ],
          [
            3.0394,
            36.765181
          ],
          [
            3.039438,
            36.765136
          ],
          [
            3.0394,
            36.765181
          ],
          [
            3.039639,
            36.765308
          ],
          [
            3.040057,
            36.765564
          ],
          [
            3.040283,
            36.765701
          ],
          [
            3.040366,
            36.765792
          ],
          [
            3.040441,
            36.765858
          ],
          [
            3.040551,
            36.766002
          ],
          [
            3.040639,
            36.766157
          ],
          [
            3.040685,
            36.766361
          ],
          [
            3.040666,
            36.766507
          ],
          [
            3.040618,
            36.766608
          ],
          [
            3.040572,
            36.766683
          ],
          [
            3.040497,
            36.766735
          ],
          [
            3.040406,
            36.766799
          ],
          [
            3.040285,
            36.766832
          ],
          [
            3.040199,
            36.766832
          ],
          [
            3.040116,
            36.766817
          ],
          [
            3.040039,
            36.766787
          ],
          [
            3.039813,
            36.766589
          ],
          [
            3.039518,
            36.766277
          ],
          [
            3.039199,
            36.765968
          ],
          [
            3.039025,
            36.765809
          ],
          [
            3.038882,
            36.765708
          ],
          [
            3.038695,
            36.765633
          ],
          [
            3.038539,
            36.765605
          ],
          [
            3.038362,
            36.765611
          ],
          [
            3.038231,
            36.765648
          ],
          [
            3.038123,
            36.765661
          ],
          [
            3.038059,
            36.765684
          ],
          [
            3.037976,
            36.765714
          ],
          [
            3.036536,
            36.76634
          ],
          [
            3.036029,
            36.766559
          ],
          [
            3.035712,
            36.766696
          ],
          [
            3.033641,
            36.767594
          ],
          [
            3.032721,
            36.767994
          ],
          [
            3.032676,
            36.768013
          ],
          [
            3.032392,
            36.768136
          ],
          [
            3.032088,
            36.768267
          ],
          [
            3.031804,
            36.768387
          ],
          [
            3.031482,
            36.768523
          ],
          [
            3.031236,
            36.768628
          ],
          [
            3.031008,
            36.768725
          ],
          [
            3.030723,
            36.768845
          ],
          [
            3.030667,
            36.768871
          ],
          [
            3.030806,
            36.769129
          ],
          [
            3.03083,
            36.769174
          ],
          [
            3.030865,
            36.769242
          ],
          [
            3.030887,
            36.769281
          ],
          [
            3.030881,
            36.769341
          ],
          [
            3.030871,
            36.769395
          ],
          [
            3.030841,
            36.769472
          ],
          [
            3.030817,
            36.769511
          ],
          [
            3.030761,
            36.76955
          ],
          [
            3.030069,
            36.769591
          ],
          [
            3.029645,
            36.769614
          ],
          [
            3.029559,
            36.769618
          ],
          [
            3.0295,
            36.769623
          ],
          [
            3.029286,
            36.769627
          ],
          [
            3.029218,
            36.769629
          ],
          [
            3.028996,
            36.769629
          ],
          [
            3.028068,
            36.769507
          ],
          [
            3.027741,
            36.769451
          ],
          [
            3.026855,
            36.769277
          ],
          [
            3.02633,
            36.769189
          ],
          [
            3.026067,
            36.769144
          ],
          [
            3.025032,
            36.76897
          ],
          [
            3.02468,
            36.768916
          ],
          [
            3.024517,
            36.768881
          ],
          [
            3.024463,
            36.768877
          ],
          [
            3.024417,
            36.768871
          ],
          [
            3.023532,
            36.768839
          ],
          [
            3.022644,
            36.768823
          ],
          [
            3.022449,
            36.768826
          ],
          [
            3.022341,
            36.768826
          ],
          [
            3.021797,
            36.768804
          ],
          [
            3.021665,
            36.768798
          ],
          [
            3.021566,
            36.768793
          ],
          [
            3.021526,
            36.768808
          ],
          [
            3.021478,
            36.768823
          ],
          [
            3.021424,
            36.76883
          ],
          [
            3.021333,
            36.768832
          ],
          [
            3.02122,
            36.768839
          ],
          [
            3.020587,
            36.768832
          ],
          [
            3.019895,
            36.768828
          ],
          [
            3.019651,
            36.768821
          ],
          [
            3.019605,
            36.768836
          ],
          [
            3.01956,
            36.768839
          ],
          [
            3.019517,
            36.768832
          ],
          [
            3.019479,
            36.768815
          ],
          [
            3.01945,
            36.768793
          ],
          [
            3.019428,
            36.768763
          ],
          [
            3.019418,
            36.768733
          ],
          [
            3.019418,
            36.768699
          ],
          [
            3.019423,
            36.76868
          ],
          [
            3.019426,
            36.768669
          ],
          [
            3.019418,
            36.768637
          ],
          [
            3.019402,
            36.768619
          ],
          [
            3.01938,
            36.768596
          ],
          [
            3.019343,
            36.768557
          ],
          [
            3.019316,
            36.768531
          ],
          [
            3.01894,
            36.768168
          ],
          [
            3.018559,
            36.767803
          ],
          [
            3.018396,
            36.767655
          ],
          [
            3.018195,
            36.767466
          ],
          [
            3.017688,
            36.767004
          ],
          [
            3.017618,
            36.766941
          ],
          [
            3.017564,
            36.766883
          ],
          [
            3.017508,
            36.766825
          ],
          [
            3.017449,
            36.766759
          ],
          [
            3.017328,
            36.766615
          ],
          [
            3.017269,
            36.766537
          ],
          [
            3.016765,
            36.765833
          ],
          [
            3.016698,
            36.765742
          ],
          [
            3.016647,
            36.765682
          ],
          [
            3.016609,
            36.765646
          ],
          [
            3.016585,
            36.765628
          ],
          [
            3.016556,
            36.765613
          ],
          [
            3.016516,
            36.765609
          ],
          [
            3.016478,
            36.765594
          ],
          [
            3.016448,
            36.765573
          ],
          [
            3.01643,
            36.765545
          ],
          [
            3.016422,
            36.765523
          ],
          [
            3.016419,
            36.765502
          ],
          [
            3.016344,
            36.765414
          ],
          [
            3.01628,
            36.765338
          ],
          [
            3.016204,
            36.765235
          ],
          [
            3.016105,
            36.765126
          ],
          [
            3.01606,
            36.765081
          ],
          [
            3.016014,
            36.765044
          ],
          [
            3.015899,
            36.764973
          ],
          [
            3.015695,
            36.764874
          ],
          [
            3.015566,
            36.764812
          ],
          [
            3.015357,
            36.764702
          ],
          [
            3.015271,
            36.764655
          ],
          [
            3.015191,
            36.76461
          ],
          [
            3.015064,
            36.764535
          ],
          [
            3.014818,
            36.764365
          ],
          [
            3.014244,
            36.76398
          ],
          [
            3.014051,
            36.763834
          ],
          [
            3.01401,
            36.763757
          ],
          [
            3.013997,
            36.763746
          ],
          [
            3.013914,
            36.763686
          ],
          [
            3.013833,
            36.763624
          ],
          [
            3.013812,
            36.763615
          ],
          [
            3.01379,
            36.763602
          ],
          [
            3.013772,
            36.763589
          ],
          [
            3.013756,
            36.763572
          ],
          [
            3.013748,
            36.763553
          ],
          [
            3.013739,
            36.763533
          ],
          [
            3.013605,
            36.76348
          ],
          [
            3.013498,
            36.763424
          ],
          [
            3.013396,
            36.763364
          ],
          [
            3.013297,
            36.763301
          ],
          [
            3.013125,
            36.763179
          ],
          [
            3.013061,
            36.763134
          ],
          [
            3.012854,
            36.762996
          ],
          [
            3.011111,
            36.761797
          ],
          [
            3.010757,
            36.761557
          ],
          [
            3.010459,
            36.761331
          ],
          [
            3.010312,
            36.761213
          ],
          [
            3.010266,
            36.761165
          ],
          [
            3.010159,
            36.761052
          ],
          [
            3.009783,
            36.760635
          ],
          [
            3.009367,
            36.760171
          ],
          [
            3.009287,
            36.760072
          ],
          [
            3.009271,
            36.760055
          ],
          [
            3.009212,
            36.759966
          ],
          [
            3.009161,
            36.759887
          ],
          [
            3.009142,
            36.759844
          ],
          [
            3.009123,
            36.759799
          ],
          [
            3.009121,
            36.759784
          ],
          [
            3.009107,
            36.759745
          ],
          [
            3.009091,
            36.759683
          ],
          [
            3.009016,
            36.759335
          ],
          [
            3.008979,
            36.759143
          ],
          [
            3.008936,
            36.758956
          ],
          [
            3.008922,
            36.758892
          ],
          [
            3.008885,
            36.758711
          ],
          [
            3.008855,
            36.758578
          ],
          [
            3.008654,
            36.757631
          ],
          [
            3.008582,
            36.757297
          ],
          [
            3.008523,
            36.757012
          ],
          [
            3.00849,
            36.756861
          ],
          [
            3.008469,
            36.756769
          ],
          [
            3.008464,
            36.756743
          ],
          [
            3.00845,
            36.7567
          ],
          [
            3.008426,
            36.756655
          ],
          [
            3.008394,
            36.756603
          ],
          [
            3.008367,
            36.756571
          ],
          [
            3.008351,
            36.756554
          ],
          [
            3.008343,
            36.756532
          ],
          [
            3.00834,
            36.756509
          ],
          [
            3.008343,
            36.756451
          ],
          [
            3.00834,
            36.756376
          ],
          [
            3.008329,
            36.756292
          ],
          [
            3.008316,
            36.756232
          ],
          [
            3.00826,
            36.756066
          ],
          [
            3.008244,
            36.756032
          ],
          [
            3.008219,
            36.755984
          ],
          [
            3.008174,
            36.755914
          ],
          [
            3.008118,
            36.755843
          ],
          [
            3.008064,
            36.755782
          ],
          [
            3.008,
            36.75572
          ],
          [
            3.007927,
            36.75566
          ],
          [
            3.007844,
            36.755608
          ],
          [
            3.007734,
            36.75555
          ],
          [
            3.007498,
            36.755434
          ],
          [
            3.007109,
            36.755237
          ],
          [
            3.007031,
            36.755202
          ],
          [
            3.006629,
            36.755
          ],
          [
            3.006165,
            36.75479
          ],
          [
            3.005822,
            36.75462
          ],
          [
            3.005489,
            36.754457
          ],
          [
            3.005417,
            36.754416
          ],
          [
            3.005333,
            36.75436
          ],
          [
            3.005146,
            36.754233
          ],
          [
            3.004966,
            36.754108
          ],
          [
            3.004896,
            36.754057
          ],
          [
            3.004829,
            36.754001
          ],
          [
            3.004767,
            36.753943
          ],
          [
            3.004711,
            36.753881
          ],
          [
            3.00466,
            36.753816
          ],
          [
            3.004617,
            36.75375
          ],
          [
            3.004588,
            36.753696
          ],
          [
            3.004523,
            36.753584
          ],
          [
            3.004494,
            36.753507
          ],
          [
            3.004467,
            36.753429
          ],
          [
            3.004354,
            36.752967
          ],
          [
            3.004341,
            36.752905
          ],
          [
            3.00433,
            36.752877
          ],
          [
            3.004317,
            36.752845
          ],
          [
            3.004303,
            36.752815
          ],
          [
            3.004285,
            36.752778
          ],
          [
            3.004261,
            36.752731
          ],
          [
            3.004234,
            36.752714
          ],
          [
            3.004212,
            36.752694
          ],
          [
            3.004204,
            36.752684
          ],
          [
            3.004185,
            36.752654
          ],
          [
            3.004177,
            36.752621
          ],
          [
            3.00418,
            36.752587
          ],
          [
            3.004191,
            36.752555
          ],
          [
            3.004204,
            36.752531
          ],
          [
            3.00422,
            36.75251
          ],
          [
            3.004279,
            36.752475
          ],
          [
            3.00433,
            36.752462
          ],
          [
            3.004384,
            36.752462
          ],
          [
            3.004427,
            36.752471
          ],
          [
            3.004467,
            36.752488
          ],
          [
            3.004505,
            36.752516
          ],
          [
            3.004531,
            36.752548
          ],
          [
            3.004545,
            36.752587
          ],
          [
            3.004545,
            36.752628
          ],
          [
            3.004531,
            36.752664
          ],
          [
            3.00451,
            36.752694
          ],
          [
            3.004499,
            36.75275
          ],
          [
            3.004502,
            36.75278
          ],
          [
            3.00451,
            36.752825
          ],
          [
            3.004526,
            36.752903
          ],
          [
            3.004556,
            36.753021
          ],
          [
            3.004574,
            36.75304
          ],
          [
            3.004617,
            36.753055
          ],
          [
            3.004663,
            36.753068
          ],
          [
            3.004902,
            36.753124
          ],
          [
            3.004958,
            36.753133
          ],
          [
            3.005006,
            36.753137
          ],
          [
            3.005218,
            36.753139
          ],
          [
            3.005328,
            36.753133
          ],
          [
            3.005454,
            36.753126
          ],
          [
            3.005564,
            36.753122
          ],
          [
            3.005674,
            36.753118
          ],
          [
            3.005779,
            36.753109
          ],
          [
            3.005822,
            36.75272
          ]
        ]
      },
      "properties": {
        "name": "1er Mai - Gare routière de Ben Aknoun",
        "stroke": "#249CF2"
      }
    },
    {
      "type": "Feature",
      "geometry": {
        "type": "LineString",
        "coordinates": [
          [
            3.007493,
            36.768952
          ],
          [
            3.007538,
            36.768937
          ],
          [
            3.007589,
            36.768935
          ],
          [
            3.00764,
            36.768939
          ],
          [
            3.007691,
            36.768952
          ],
          [
            3.00793,
            36.768875
          ],
          [
            3.008246,
            36.76877
          ],
          [
            3.0083,
            36.768755
          ],
          [
            3.008523,
            36.768703
          ],
          [
            3.008686,
            36.768669
          ],
          [
            3.008895,
            36.768628
          ],
          [
            3.009161,
            36.768581
          ],
          [
            3.009459,
            36.768531
          ],
          [
            3.009823,
            36.768478
          ],
          [
            3.010502,
            36.768338
          ],
          [
            3.010915,
            36.768254
          ],
          [
            3.011049,
            36.76823
          ],
          [
            3.011138,
            36.768218
          ],
          [
            3.011234,
            36.768205
          ],
          [
            3.011323,
            36.768198
          ],
          [
            3.011419,
            36.768194
          ],
          [
            3.011516,
            36.768194
          ],
          [
            3.011562,
            36.768196
          ],
          [
            3.011607,
            36.7682
          ],
          [
            3.011655,
            36.768207
          ],
          [
            3.011706,
            36.768213
          ],
          [
            3.011755,
            36.768224
          ],
          [
            3.011806,
            36.768237
          ],
          [
            3.011916,
            36.768267
          ],
          [
            3.012095,
            36.768316
          ],
          [
            3.012382,
            36.768404
          ],
          [
            3.012672,
            36.768497
          ],
          [
            3.012975,
            36.768583
          ],
          [
            3.013115,
            36.768624
          ],
          [
            3.013235,
            36.768654
          ],
          [
            3.013324,
            36.768671
          ],
          [
            3.01349,
            36.768701
          ],
          [
            3.013737,
            36.768733
          ],
          [
            3.013866,
            36.76875
          ],
          [
            3.013994,
            36.768763
          ],
          [
            3.014246,
            36.768768
          ],
          [
            3.014448,
            36.768765
          ],
          [
            3.015317,
            36.768761
          ],
          [
            3.015435,
            36.768759
          ],
          [
            3.01548,
            36.768759
          ],
          [
            3.015716,
            36.768757
          ],
          [
            3.016194,
            36.768755
          ],
          [
            3.016577,
            36.768755
          ],
          [
            3.017039,
            36.768755
          ],
          [
            3.017546,
            36.768746
          ],
          [
            3.01794,
            36.768753
          ],
          [
            3.018154,
            36.76875
          ],
          [
            3.019292,
            36.768727
          ],
          [
            3.019571,
            36.768722
          ],
          [
            3.019911,
            36.768716
          ],
          [
            3.021335,
            36.768729
          ],
          [
            3.021588,
            36.768735
          ],
          [
            3.021751,
            36.768729
          ],
          [
            3.022446,
            36.768731
          ],
          [
            3.02372,
            36.768733
          ],
          [
            3.023825,
            36.768731
          ],
          [
            3.0239,
            36.768722
          ],
          [
            3.024023,
            36.768692
          ],
          [
            3.024796,
            36.768501
          ],
          [
            3.024999,
            36.768445
          ],
          [
            3.025211,
            36.768409
          ],
          [
            3.02652,
            36.767646
          ],
          [
            3.02689,
            36.767438
          ],
          [
            3.026931,
            36.76742
          ],
          [
            3.027121,
            36.767315
          ],
          [
            3.027269,
            36.767246
          ],
          [
            3.02747,
            36.767167
          ],
          [
            3.027534,
            36.767165
          ],
          [
            3.028014,
            36.767077
          ],
          [
            3.028097,
            36.767008
          ],
          [
            3.028175,
            36.766883
          ],
          [
            3.028277,
            36.766628
          ],
          [
            3.028591,
            36.765964
          ],
          [
            3.028634,
            36.765884
          ],
          [
            3.028687,
            36.765815
          ],
          [
            3.028728,
            36.765772
          ],
          [
            3.028771,
            36.765736
          ],
          [
            3.028805,
            36.765706
          ],
          [
            3.028843,
            36.765686
          ],
          [
            3.028907,
            36.765659
          ],
          [
            3.028961,
            36.765635
          ],
          [
            3.029685,
            36.765448
          ],
          [
            3.029728,
            36.765549
          ],
          [
            3.029862,
            36.765787
          ],
          [
            3.029924,
            36.765901
          ],
          [
            3.029951,
            36.765955
          ],
          [
            3.030017,
            36.766081
          ],
          [
            3.030058,
            36.766067
          ],
          [
            3.030017,
            36.766081
          ],
          [
            3.030283,
            36.766587
          ],
          [
            3.030444,
            36.766853
          ],
          [
            3.030683,
            36.767257
          ],
          [
            3.030793,
            36.767444
          ],
          [
            3.030825,
            36.767524
          ],
          [
            3.030836,
            36.767599
          ],
          [
            3.030844,
            36.767668
          ],
          [
            3.030844,
            36.767741
          ],
          [
            3.030841,
            36.76779
          ],
          [
            3.030825,
            36.767869
          ],
          [
            3.030801,
            36.767938
          ],
          [
            3.030771,
            36.768007
          ],
          [
            3.030758,
            36.768031
          ],
          [
            3.030747,
            36.768046
          ],
          [
            3.030723,
            36.768091
          ],
          [
            3.030503,
            36.768478
          ],
          [
            3.030493,
            36.768518
          ],
          [
            3.030495,
            36.768568
          ],
          [
            3.030535,
            36.768639
          ],
          [
            3.030667,
            36.768871
          ],
          [
            3.030723,
            36.768845
          ],
          [
            3.031008,
            36.768725
          ],
          [
            3.031236,
            36.768628
          ],
          [
            3.031482,
            36.768523
          ],
          [
            3.031804,
            36.768387
          ],
          [
            3.032088,
            36.768267
          ],
          [
            3.032392,
            36.768136
          ],
          [
            3.032676,
            36.768013
          ],
          [
            3.032721,
            36.767994
          ],
          [
            3.033641,
            36.767594
          ],
          [
            3.035712,
            36.766696
          ],
          [
            3.036029,
            36.766559
          ],
          [
            3.036536,
            36.76634
          ],
          [
            3.037976,
            36.765714
          ],
          [
            3.038059,
            36.765684
          ],
          [
            3.038123,
            36.765661
          ],
          [
            3.038231,
            36.765648
          ],
          [
            3.038362,
            36.765611
          ],
          [
            3.038539,
            36.765605
          ],
          [
            3.038695,
            36.765633
          ],
          [
            3.038882,
            36.765708
          ],
          [
            3.039025,
            36.765809
          ],
          [
            3.039199,
            36.765968
          ],
          [
            3.039518,
            36.766277
          ],
          [
            3.039813,
            36.766589
          ],
          [
            3.040039,
            36.766787
          ],
          [
            3.040116,
            36.766817
          ],
          [
            3.040199,
            36.766832
          ],
          [
            3.040285,
            36.766832
          ],
          [
            3.040406,
            36.766799
          ],
          [
            3.040497,
            36.766735
          ],
          [
            3.040572,
            36.766683
          ],
          [
            3.040618,
            36.766608
          ],
          [
            3.040666,
            36.766507
          ],
          [
            3.040685,
            36.766361
          ],
          [
            3.040639,
            36.766157
          ],
          [
            3.040551,
            36.766002
          ],
          [
            3.040441,
            36.765858
          ],
          [
            3.040366,
            36.765792
          ],
          [
            3.040283,
            36.765701
          ],
          [
            3.040057,
            36.765564
          ],
          [
            3.039639,
            36.765308
          ],
          [
            3.0394,
            36.765181
          ],
          [
            3.039438,
            36.765136
          ],
          [
            3.0394,
            36.765181
          ],
          [
            3.039301,
            36.765128
          ],
          [
            3.03896,
            36.764919
          ],
          [
            3.038866,
            36.76479
          ],
          [
            3.038845,
            36.764732
          ],
          [
            3.038842,
            36.764674
          ],
          [
            3.038856,
            36.764616
          ],
          [
            3.038885,
            36.764563
          ],
          [
            3.038936,
            36.764462
          ],
          [
            3.03911,
            36.764268
          ],
          [
            3.040079,
            36.763187
          ],
          [
            3.040159,
            36.763084
          ],
          [
            3.040232,
            36.762981
          ],
          [
            3.040285,
            36.76288
          ],
          [
            3.040309,
            36.762771
          ],
          [
            3.040358,
            36.762541
          ],
          [
            3.04039,
            36.762431
          ],
          [
            3.040425,
            36.762362
          ],
          [
            3.040497,
            36.762283
          ],
          [
            3.040586,
            36.762214
          ],
          [
            3.040682,
            36.762171
          ],
          [
            3.040792,
            36.762141
          ],
          [
            3.040921,
            36.762141
          ],
          [
            3.041058,
            36.762163
          ],
          [
            3.041272,
            36.762201
          ],
          [
            3.041495,
            36.762218
          ],
          [
            3.04168,
            36.76219
          ],
          [
            3.04183,
            36.762165
          ],
          [
            3.042066,
            36.762085
          ],
          [
            3.042243,
            36.761973
          ],
          [
            3.042364,
            36.761887
          ],
          [
            3.042466,
            36.761791
          ],
          [
            3.042576,
            36.761632
          ],
          [
            3.042621,
            36.761526
          ],
          [
            3.042646,
            36.761421
          ],
          [
            3.042648,
            36.761286
          ],
          [
            3.04264,
            36.761198
          ],
          [
            3.042589,
            36.760963
          ],
          [
            3.042501,
            36.760697
          ],
          [
            3.042485,
            36.76065
          ],
          [
            3.042399,
            36.760405
          ],
          [
            3.042332,
            36.760241
          ],
          [
            3.042235,
            36.759973
          ],
          [
            3.042152,
            36.759732
          ],
          [
            3.042112,
            36.759528
          ],
          [
            3.04212,
            36.759414
          ],
          [
            3.042123,
            36.759292
          ],
          [
            3.042139,
            36.759165
          ],
          [
            3.042171,
            36.759064
          ],
          [
            3.042235,
            36.758935
          ],
          [
            3.042289,
            36.758832
          ],
          [
            3.042343,
            36.758763
          ],
          [
            3.042393,
            36.758707
          ],
          [
            3.042453,
            36.758647
          ],
          [
            3.042533,
            36.758576
          ],
          [
            3.042587,
            36.758541
          ],
          [
            3.042544,
            36.758499
          ],
          [
            3.042587,
            36.758541
          ],
          [
            3.042648,
            36.758501
          ],
          [
            3.042707,
            36.758471
          ],
          [
            3.042874,
            36.758396
          ],
          [
            3.042992,
            36.758342
          ],
          [
            3.04304,
            36.758303
          ],
          [
            3.043088,
            36.758271
          ],
          [
            3.043155,
            36.758232
          ],
          [
            3.043233,
            36.758196
          ],
          [
            3.043402,
            36.758125
          ],
          [
            3.043941,
            36.75791
          ],
          [
            3.044145,
            36.757837
          ],
          [
            3.04425,
            36.757798
          ],
          [
            3.044352,
            36.757768
          ],
          [
            3.044432,
            36.757747
          ],
          [
            3.044496,
            36.757729
          ],
          [
            3.044585,
            36.757708
          ],
          [
            3.044668,
            36.757686
          ],
          [
            3.04473,
            36.757665
          ],
          [
            3.044791,
            36.757641
          ],
          [
            3.044877,
            36.757607
          ],
          [
            3.044993,
            36.757553
          ],
          [
            3.045127,
            36.757484
          ],
          [
            3.045245,
            36.757424
          ],
          [
            3.045373,
            36.757373
          ],
          [
            3.045671,
            36.757265
          ],
          [
            3.045765,
            36.757231
          ],
          [
            3.045816,
            36.757203
          ],
          [
            3.045867,
            36.757166
          ],
          [
            3.045923,
            36.757123
          ],
          [
            3.046006,
            36.75708
          ],
          [
            3.046079,
            36.757046
          ],
          [
            3.046143,
            36.757022
          ],
          [
            3.046186,
            36.75702
          ],
          [
            3.046232,
            36.757031
          ],
          [
            3.046269,
            36.757042
          ],
          [
            3.046304,
            36.757063
          ],
          [
            3.046336,
            36.757087
          ],
          [
            3.046355,
            36.757106
          ],
          [
            3.046369,
            36.757123
          ],
          [
            3.046377,
            36.757143
          ],
          [
            3.046385,
            36.757169
          ],
          [
            3.046385,
            36.757194
          ],
          [
            3.046379,
            36.757222
          ],
          [
            3.046363,
            36.757263
          ],
          [
            3.046339,
            36.757293
          ],
          [
            3.046304,
            36.757317
          ],
          [
            3.046251,
            36.757332
          ],
          [
            3.046175,
            36.757332
          ],
          [
            3.046103,
            36.757334
          ],
          [
            3.046041,
            36.757334
          ],
          [
            3.045926,
            36.757328
          ],
          [
            3.045896,
            36.757334
          ],
          [
            3.045862,
            36.757347
          ],
          [
            3.045832,
            36.757366
          ],
          [
            3.045781,
            36.757405
          ],
          [
            3.045674,
            36.757667
          ],
          [
            3.045481,
            36.758112
          ],
          [
            3.045438,
            36.758198
          ],
          [
            3.045381,
            36.758273
          ],
          [
            3.045298,
            36.758363
          ],
          [
            3.044993,
            36.758606
          ],
          [
            3.044971,
            36.758628
          ],
          [
            3.044931,
            36.758673
          ],
          [
            3.044904,
            36.758705
          ],
          [
            3.044864,
            36.758774
          ],
          [
            3.044821,
            36.758862
          ],
          [
            3.044789,
            36.758933
          ],
          [
            3.044791,
            36.75909
          ],
          [
            3.044786,
            36.759253
          ],
          [
            3.044821,
            36.759412
          ],
          [
            3.044875,
            36.759504
          ],
          [
            3.044928,
            36.759565
          ],
          [
            3.044998,
            36.759616
          ],
          [
            3.045078,
            36.759657
          ],
          [
            3.045526,
            36.759846
          ],
          [
            3.045612,
            36.759893
          ],
          [
            3.045682,
            36.759951
          ],
          [
            3.045733,
            36.76002
          ],
          [
            3.0458,
            36.760145
          ],
          [
            3.045945,
            36.760557
          ],
          [
            3.046036,
            36.760807
          ],
          [
            3.046073,
            36.760918
          ],
          [
            3.046114,
            36.760925
          ],
          [
            3.046149,
            36.76094
          ],
          [
            3.046175,
            36.760963
          ],
          [
            3.046194,
            36.760991
          ],
          [
            3.046546,
            36.761288
          ],
          [
            3.046594,
            36.761329
          ],
          [
            3.04665,
            36.761286
          ],
          [
            3.046594,
            36.761329
          ],
          [
            3.046798,
            36.76149
          ],
          [
            3.046886,
            36.761559
          ],
          [
            3.046916,
            36.761582
          ],
          [
            3.04716,
            36.761778
          ],
          [
            3.047256,
            36.761832
          ],
          [
            3.047302,
            36.761851
          ],
          [
            3.04735,
            36.76186
          ],
          [
            3.047401,
            36.761862
          ],
          [
            3.047449,
            36.761853
          ],
          [
            3.047495,
            36.761838
          ],
          [
            3.047562,
            36.761806
          ],
          [
            3.047586,
            36.761776
          ],
          [
            3.047605,
            36.761735
          ],
          [
            3.047621,
            36.761679
          ],
          [
            3.047621,
            36.761625
          ],
          [
            3.047605,
            36.761572
          ],
          [
            3.047238,
            36.761009
          ],
          [
            3.047224,
            36.760968
          ],
          [
            3.047219,
            36.760929
          ],
          [
            3.047227,
            36.760888
          ],
          [
            3.047248,
            36.76085
          ],
          [
            3.047278,
            36.760817
          ],
          [
            3.047315,
            36.760792
          ],
          [
            3.047345,
            36.760779
          ],
          [
            3.047361,
            36.760772
          ],
          [
            3.047409,
            36.760761
          ],
          [
            3.04746,
            36.760761
          ],
          [
            3.047511,
            36.76077
          ],
          [
            3.047557,
            36.760787
          ],
          [
            3.047608,
            36.760824
          ],
          [
            3.047637,
            36.760854
          ],
          [
            3.047736,
            36.761019
          ],
          [
            3.047833,
            36.761204
          ],
          [
            3.047865,
            36.761279
          ],
          [
            3.047884,
            36.76132
          ],
          [
            3.0479,
            36.761436
          ],
          [
            3.047908,
            36.761526
          ],
          [
            3.047905,
            36.761561
          ],
          [
            3.047905,
            36.761584
          ],
          [
            3.047908,
            36.76163
          ],
          [
            3.047903,
            36.761825
          ],
          [
            3.047836,
            36.761943
          ],
          [
            3.047656,
            36.762064
          ],
          [
            3.047331,
            36.762229
          ],
          [
            3.047117,
            36.76236
          ],
          [
            3.046875,
            36.762547
          ],
          [
            3.046599,
            36.76288
          ],
          [
            3.046481,
            36.763121
          ],
          [
            3.046487,
            36.763349
          ],
          [
            3.046495,
            36.76343
          ],
          [
            3.046543,
            36.763512
          ],
          [
            3.046733,
            36.763596
          ],
          [
            3.046846,
            36.763609
          ],
          [
            3.046945,
            36.763609
          ],
          [
            3.047042,
            36.763602
          ],
          [
            3.047154,
            36.763583
          ],
          [
            3.047412,
            36.763512
          ],
          [
            3.047471,
            36.763499
          ],
          [
            3.047597,
            36.763478
          ],
          [
            3.047677,
            36.763467
          ],
          [
            3.047852,
            36.76346
          ],
          [
            3.048026,
            36.763471
          ],
          [
            3.0482,
            36.763499
          ],
          [
            3.048361,
            36.763548
          ],
          [
            3.048469,
            36.763602
          ],
          [
            3.04852,
            36.763632
          ],
          [
            3.048563,
            36.763669
          ],
          [
            3.048595,
            36.763712
          ],
          [
            3.048616,
            36.763759
          ],
          [
            3.048726,
            36.764075
          ],
          [
            3.048807,
            36.764481
          ],
          [
            3.048828,
            36.764649
          ],
          [
            3.048836,
            36.764728
          ],
          [
            3.04885,
            36.764859
          ],
          [
            3.048898,
            36.765098
          ],
          [
            3.048935,
            36.765139
          ],
          [
            3.049153,
            36.765164
          ],
          [
            3.049601,
            36.765218
          ],
          [
            3.049901,
            36.765261
          ],
          [
            3.050161,
            36.765336
          ],
          [
            3.050242,
            36.76536
          ],
          [
            3.050791,
            36.765611
          ],
          [
            3.051151,
            36.765762
          ],
          [
            3.051703,
            36.765989
          ],
          [
            3.051765,
            36.766017
          ],
          [
            3.051891,
            36.76609
          ],
          [
            3.052165,
            36.766269
          ],
          [
            3.052387,
            36.766419
          ],
          [
            3.053157,
            36.766989
          ],
          [
            3.053519,
            36.767294
          ],
          [
            3.053962,
            36.76788
          ],
          [
            3.05405,
            36.768009
          ],
          [
            3.054085,
            36.768061
          ],
          [
            3.054235,
            36.768276
          ],
          [
            3.054351,
            36.768441
          ],
          [
            3.054595,
            36.76875
          ],
          [
            3.054635,
            36.768735
          ]
        ]
      },
      "properties": {
        "name": "Chevalley - Place Maurice Audin",
        "stroke": "#E51B23"
      }
    },
    {
      "type": "Feature",
      "geometry": {
        "type": "LineString",
        "coordinates": [
          [
            3.054635,
            36.768735
          ],
          [
            3.054596,
            36.768753
          ],
          [
            3.054729,
            36.768939
          ],
          [
            3.055024,
            36.769361
          ],
          [
            3.055166,
            36.769545
          ],
          [
            3.055295,
            36.769713
          ],
          [
            3.055314,
            36.769734
          ],
          [
            3.055343,
            36.769799
          ],
          [
            3.055354,
            36.769835
          ],
          [
            3.055357,
            36.76987
          ],
          [
            3.055351,
            36.769898
          ],
          [
            3.055341,
            36.769924
          ],
          [
            3.055319,
            36.769947
          ],
          [
            3.055298,
            36.769964
          ],
          [
            3.055273,
            36.769986
          ],
          [
            3.05522,
            36.77002
          ],
          [
            3.055172,
            36.770037
          ],
          [
            3.055088,
            36.770046
          ],
          [
            3.054463,
            36.7695
          ],
          [
            3.05372,
            36.768914
          ],
          [
            3.053651,
            36.768858
          ],
          [
            3.053374,
            36.768643
          ],
          [
            3.053055,
            36.768381
          ],
          [
            3.052771,
            36.768132
          ],
          [
            3.052629,
            36.767998
          ],
          [
            3.052508,
            36.767908
          ],
          [
            3.052237,
            36.767695
          ],
          [
            3.051921,
            36.767453
          ],
          [
            3.051545,
            36.767178
          ],
          [
            3.051408,
            36.76709
          ],
          [
            3.051315,
            36.767068
          ],
          [
            3.05125,
            36.767066
          ],
          [
            3.051197,
            36.767081
          ],
          [
            3.050969,
            36.767184
          ],
          [
            3.050837,
            36.767283
          ],
          [
            3.050593,
            36.767455
          ],
          [
            3.050496,
            36.767491
          ],
          [
            3.050408,
            36.767506
          ],
          [
            3.050303,
            36.767446
          ],
          [
            3.050167,
            36.767264
          ],
          [
            3.050046,
            36.767079
          ],
          [
            3.050019,
            36.767053
          ],
          [
            3.049979,
            36.767006
          ],
          [
            3.049941,
            36.766989
          ],
          [
            3.049829,
            36.76695
          ],
          [
            3.049633,
            36.766918
          ],
          [
            3.049461,
            36.766853
          ],
          [
            3.049354,
            36.766739
          ],
          [
            3.04915,
            36.766378
          ],
          [
            3.049075,
            36.76629
          ],
          [
            3.049011,
            36.766243
          ],
          [
            3.048919,
            36.766183
          ],
          [
            3.048783,
            36.766157
          ],
          [
            3.048603,
            36.76614
          ],
          [
            3.048289,
            36.766095
          ],
          [
            3.048238,
            36.766084
          ],
          [
            3.047932,
            36.766052
          ],
          [
            3.047533,
            36.766019
          ],
          [
            3.047052,
            36.766047
          ],
          [
            3.046784,
            36.76606
          ],
          [
            3.046586,
            36.76605
          ],
          [
            3.046441,
            36.766065
          ],
          [
            3.046277,
            36.76611
          ],
          [
            3.046173,
            36.766153
          ],
          [
            3.046092,
            36.766161
          ],
          [
            3.046014,
            36.766159
          ],
          [
            3.045937,
            36.766146
          ],
          [
            3.045668,
            36.766007
          ],
          [
            3.045336,
            36.765833
          ],
          [
            3.045253,
            36.765775
          ],
          [
            3.045167,
            36.765701
          ],
          [
            3.045135,
            36.765659
          ],
          [
            3.04507,
            36.765579
          ],
          [
            3.045046,
            36.765527
          ],
          [
            3.045006,
            36.765469
          ],
          [
            3.044926,
            36.76531
          ],
          [
            3.044893,
            36.765259
          ],
          [
            3.044848,
            36.765216
          ],
          [
            3.044791,
            36.765181
          ],
          [
            3.044405,
            36.76502
          ],
          [
            3.044362,
            36.764999
          ],
          [
            3.044327,
            36.764969
          ],
          [
            3.044301,
            36.764937
          ],
          [
            3.044282,
            36.764898
          ],
          [
            3.044242,
            36.764752
          ],
          [
            3.044242,
            36.764576
          ],
          [
            3.044239,
            36.764376
          ],
          [
            3.044238,
            36.764367
          ],
          [
            3.044156,
            36.764374
          ],
          [
            3.044238,
            36.764367
          ],
          [
            3.044223,
            36.764253
          ],
          [
            3.04422,
            36.76424
          ],
          [
            3.044158,
            36.763955
          ],
          [
            3.04414,
            36.763869
          ],
          [
            3.044126,
            36.763821
          ],
          [
            3.044097,
            36.763714
          ],
          [
            3.044059,
            36.763495
          ],
          [
            3.044043,
            36.763314
          ],
          [
            3.044078,
            36.763121
          ],
          [
            3.044183,
            36.762835
          ],
          [
            3.044435,
            36.762609
          ],
          [
            3.044641,
            36.76241
          ],
          [
            3.044794,
            36.762257
          ],
          [
            3.045129,
            36.761995
          ],
          [
            3.045113,
            36.761973
          ],
          [
            3.045133,
            36.761993
          ],
          [
            3.04529,
            36.761892
          ],
          [
            3.045435,
            36.761795
          ],
          [
            3.045588,
            36.761681
          ],
          [
            3.045687,
            36.761576
          ],
          [
            3.045757,
            36.761447
          ],
          [
            3.045816,
            36.761324
          ],
          [
            3.045875,
            36.761144
          ],
          [
            3.045934,
            36.761028
          ],
          [
            3.045939,
            36.760998
          ],
          [
            3.045953,
            36.760972
          ],
          [
            3.045974,
            36.760948
          ],
          [
            3.046004,
            36.760931
          ],
          [
            3.046039,
            36.76092
          ],
          [
            3.046073,
            36.760918
          ],
          [
            3.046036,
            36.760807
          ],
          [
            3.045945,
            36.760557
          ],
          [
            3.0458,
            36.760145
          ],
          [
            3.045733,
            36.76002
          ],
          [
            3.045682,
            36.759951
          ],
          [
            3.045612,
            36.759893
          ],
          [
            3.045526,
            36.759846
          ],
          [
            3.045078,
            36.759657
          ],
          [
            3.044998,
            36.759616
          ],
          [
            3.044928,
            36.759565
          ],
          [
            3.044875,
            36.759504
          ],
          [
            3.044821,
            36.759412
          ],
          [
            3.044786,
            36.759253
          ],
          [
            3.044791,
            36.75909
          ],
          [
            3.044789,
            36.758933
          ],
          [
            3.044821,
            36.758862
          ],
          [
            3.044864,
            36.758774
          ],
          [
            3.044904,
            36.758705
          ],
          [
            3.044842,
            36.758666
          ],
          [
            3.044907,
            36.758701
          ],
          [
            3.044931,
            36.758673
          ],
          [
            3.044971,
            36.758628
          ],
          [
            3.044993,
            36.758606
          ],
          [
            3.045044,
            36.758514
          ],
          [
            3.045237,
            36.758252
          ],
          [
            3.045253,
            36.758206
          ],
          [
            3.045266,
            36.758159
          ],
          [
            3.045263,
            36.758112
          ],
          [
            3.04525,
            36.758065
          ],
          [
            3.045229,
            36.758022
          ],
          [
            3.045086,
            36.757824
          ],
          [
            3.045065,
            36.757781
          ],
          [
            3.045049,
            36.757727
          ],
          [
            3.045044,
            36.757691
          ],
          [
            3.045046,
            36.757641
          ],
          [
            3.045052,
            36.75762
          ],
          [
            3.045065,
            36.75757
          ],
          [
            3.045078,
            36.757545
          ],
          [
            3.045127,
            36.757484
          ],
          [
            3.045245,
            36.757424
          ],
          [
            3.045373,
            36.757373
          ],
          [
            3.045671,
            36.757265
          ],
          [
            3.045765,
            36.757231
          ],
          [
            3.045816,
            36.757203
          ],
          [
            3.045867,
            36.757166
          ],
          [
            3.045923,
            36.757123
          ],
          [
            3.046006,
            36.75708
          ],
          [
            3.046079,
            36.757046
          ],
          [
            3.046143,
            36.757022
          ],
          [
            3.046186,
            36.75702
          ],
          [
            3.046232,
            36.757031
          ],
          [
            3.046269,
            36.757042
          ],
          [
            3.046304,
            36.757063
          ],
          [
            3.046336,
            36.757087
          ],
          [
            3.046355,
            36.757106
          ],
          [
            3.046369,
            36.757123
          ],
          [
            3.046377,
            36.757143
          ],
          [
            3.046385,
            36.757169
          ],
          [
            3.046385,
            36.757194
          ],
          [
            3.046379,
            36.757222
          ],
          [
            3.046363,
            36.757263
          ],
          [
            3.046339,
            36.757293
          ],
          [
            3.046304,
            36.757317
          ],
          [
            3.046251,
            36.757332
          ],
          [
            3.046175,
            36.757332
          ],
          [
            3.046103,
            36.757334
          ],
          [
            3.046041,
            36.757334
          ],
          [
            3.045926,
            36.757328
          ],
          [
            3.045896,
            36.757334
          ],
          [
            3.045862,
            36.757347
          ],
          [
            3.045832,
            36.757366
          ],
          [
            3.045781,
            36.757405
          ],
          [
            3.045626,
            36.757495
          ],
          [
            3.045567,
            36.75753
          ],
          [
            3.045499,
            36.757562
          ],
          [
            3.045145,
            36.757721
          ],
          [
            3.044993,
            36.757783
          ],
          [
            3.044885,
            36.757822
          ],
          [
            3.044773,
            36.757854
          ],
          [
            3.044488,
            36.757919
          ],
          [
            3.044279,
            36.757962
          ],
          [
            3.044078,
            36.758002
          ],
          [
            3.043941,
            36.75803
          ],
          [
            3.043818,
            36.758041
          ],
          [
            3.043654,
            36.758103
          ],
          [
            3.043536,
            36.758146
          ],
          [
            3.043434,
            36.758191
          ],
          [
            3.043338,
            36.758228
          ],
          [
            3.043222,
            36.758271
          ],
          [
            3.042992,
            36.758342
          ],
          [
            3.042874,
            36.758396
          ],
          [
            3.042707,
            36.758471
          ],
          [
            3.042648,
            36.758501
          ],
          [
            3.042599,
            36.758533
          ],
          [
            3.042654,
            36.758587
          ],
          [
            3.042599,
            36.758533
          ],
          [
            3.042533,
            36.758576
          ],
          [
            3.042453,
            36.758647
          ],
          [
            3.042393,
            36.758707
          ],
          [
            3.042343,
            36.758763
          ],
          [
            3.042289,
            36.758832
          ],
          [
            3.042235,
            36.758935
          ],
          [
            3.042171,
            36.759064
          ],
          [
            3.042139,
            36.759165
          ],
          [
            3.042123,
            36.759292
          ],
          [
            3.04212,
            36.759414
          ],
          [
            3.042112,
            36.759528
          ],
          [
            3.042152,
            36.759732
          ],
          [
            3.042235,
            36.759973
          ],
          [
            3.042332,
            36.760241
          ],
          [
            3.042399,
            36.760405
          ],
          [
            3.042485,
            36.76065
          ],
          [
            3.042501,
            36.760697
          ],
          [
            3.042589,
            36.760963
          ],
          [
            3.04264,
            36.761198
          ],
          [
            3.042648,
            36.761286
          ],
          [
            3.042646,
            36.761421
          ],
          [
            3.042621,
            36.761526
          ],
          [
            3.042576,
            36.761632
          ],
          [
            3.042466,
            36.761791
          ],
          [
            3.042364,
            36.761887
          ],
          [
            3.042243,
            36.761973
          ],
          [
            3.042066,
            36.762085
          ],
          [
            3.04183,
            36.762165
          ],
          [
            3.04168,
            36.76219
          ],
          [
            3.041495,
            36.762218
          ],
          [
            3.041272,
            36.762201
          ],
          [
            3.041058,
            36.762163
          ],
          [
            3.040921,
            36.762141
          ],
          [
            3.040792,
            36.762141
          ],
          [
            3.040682,
            36.762171
          ],
          [
            3.040586,
            36.762214
          ],
          [
            3.040497,
            36.762283
          ],
          [
            3.040425,
            36.762362
          ],
          [
            3.04039,
            36.762431
          ],
          [
            3.040358,
            36.762541
          ],
          [
            3.040309,
            36.762771
          ],
          [
            3.040285,
            36.76288
          ],
          [
            3.040232,
            36.762981
          ],
          [
            3.040159,
            36.763084
          ],
          [
            3.040079,
            36.763187
          ],
          [
            3.03911,
            36.764268
          ],
          [
            3.038936,
            36.764462
          ],
          [
            3.038885,
            36.764563
          ],
          [
            3.038856,
            36.764616
          ],
          [
            3.038842,
            36.764674
          ],
          [
            3.038845,
            36.764732
          ],
          [
            3.038866,
            36.76479
          ],
          [
            3.03896,
            36.764919
          ],
          [
            3.039301,
            36.765128
          ],
          [
            3.0394,
            36.765181
          ],
          [
            3.039438,
            36.765136
          ],
          [
            3.0394,
            36.765181
          ],
          [
            3.039639,
            36.765308
          ],
          [
            3.040057,
            36.765564
          ],
          [
            3.040283,
            36.765701
          ],
          [
            3.040366,
            36.765792
          ],
          [
            3.040441,
            36.765858
          ],
          [
            3.040551,
            36.766002
          ],
          [
            3.040639,
            36.766157
          ],
          [
            3.040685,
            36.766361
          ],
          [
            3.040666,
            36.766507
          ],
          [
            3.040618,
            36.766608
          ],
          [
            3.040572,
            36.766683
          ],
          [
            3.040497,
            36.766735
          ],
          [
            3.040406,
            36.766799
          ],
          [
            3.040285,
            36.766832
          ],
          [
            3.040199,
            36.766832
          ],
          [
            3.040116,
            36.766817
          ],
          [
            3.040039,
            36.766787
          ],
          [
            3.039813,
            36.766589
          ],
          [
            3.039518,
            36.766277
          ],
          [
            3.039199,
            36.765968
          ],
          [
            3.039025,
            36.765809
          ],
          [
            3.038882,
            36.765708
          ],
          [
            3.038695,
            36.765633
          ],
          [
            3.038539,
            36.765605
          ],
          [
            3.038362,
            36.765611
          ],
          [
            3.038231,
            36.765648
          ],
          [
            3.038123,
            36.765661
          ],
          [
            3.038059,
            36.765684
          ],
          [
            3.037976,
            36.765714
          ],
          [
            3.036536,
            36.76634
          ],
          [
            3.036029,
            36.766559
          ],
          [
            3.035712,
            36.766696
          ],
          [
            3.033641,
            36.767594
          ],
          [
            3.032721,
            36.767994
          ],
          [
            3.032676,
            36.768013
          ],
          [
            3.032392,
            36.768136
          ],
          [
            3.032088,
            36.768267
          ],
          [
            3.031804,
            36.768387
          ],
          [
            3.031482,
            36.768523
          ],
          [
            3.031236,
            36.768628
          ],
          [
            3.031008,
            36.768725
          ],
          [
            3.030723,
            36.768845
          ],
          [
            3.030667,
            36.768871
          ],
          [
            3.030806,
            36.769129
          ],
          [
            3.03083,
            36.769174
          ],
          [
            3.030865,
            36.769242
          ],
          [
            3.030887,
            36.769281
          ],
          [
            3.030881,
            36.769341
          ],
          [
            3.030871,
            36.769395
          ],
          [
            3.030841,
            36.769472
          ],
          [
            3.030817,
            36.769511
          ],
          [
            3.030761,
            36.76955
          ],
          [
            3.030069,
            36.769591
          ],
          [
            3.029645,
            36.769614
          ],
          [
            3.029559,
            36.769618
          ],
          [
            3.0295,
            36.769623
          ],
          [
            3.029286,
            36.769627
          ],
          [
            3.029218,
            36.769629
          ],
          [
            3.028996,
            36.769629
          ],
          [
            3.028068,
            36.769507
          ],
          [
            3.027741,
            36.769451
          ],
          [
            3.026855,
            36.769277
          ],
          [
            3.02633,
            36.769189
          ],
          [
            3.026067,
            36.769144
          ],
          [
            3.025032,
            36.76897
          ],
          [
            3.02468,
            36.768916
          ],
          [
            3.024517,
            36.768881
          ],
          [
            3.024463,
            36.768877
          ],
          [
            3.024417,
            36.768871
          ],
          [
            3.023532,
            36.768839
          ],
          [
            3.022644,
            36.768823
          ],
          [
            3.022449,
            36.768826
          ],
          [
            3.022341,
            36.768826
          ],
          [
            3.021797,
            36.768804
          ],
          [
            3.021665,
            36.768798
          ],
          [
            3.021566,
            36.768793
          ],
          [
            3.020732,
            36.768772
          ],
          [
            3.019917,
            36.768748
          ],
          [
            3.019292,
            36.768757
          ],
          [
            3.018278,
            36.768791
          ],
          [
            3.017795,
            36.768804
          ],
          [
            3.017551,
            36.768819
          ],
          [
            3.017041,
            36.76883
          ],
          [
            3.015612,
            36.768828
          ],
          [
            3.015547,
            36.768828
          ],
          [
            3.014568,
            36.768823
          ],
          [
            3.014415,
            36.768821
          ],
          [
            3.014061,
            36.768819
          ],
          [
            3.01397,
            36.768819
          ],
          [
            3.013847,
            36.768808
          ],
          [
            3.013807,
            36.768804
          ],
          [
            3.013581,
            36.768783
          ],
          [
            3.013474,
            36.768768
          ],
          [
            3.013372,
            36.768753
          ],
          [
            3.013275,
            36.768731
          ],
          [
            3.013182,
            36.76871
          ],
          [
            3.013077,
            36.76868
          ],
          [
            3.012873,
            36.768621
          ],
          [
            3.012758,
            36.768589
          ],
          [
            3.012637,
            36.768555
          ],
          [
            3.012321,
            36.768447
          ],
          [
            3.01198,
            36.768331
          ],
          [
            3.011897,
            36.768308
          ],
          [
            3.011819,
            36.768286
          ],
          [
            3.011776,
            36.768273
          ],
          [
            3.011733,
            36.768267
          ],
          [
            3.011666,
            36.768256
          ],
          [
            3.011596,
            36.768252
          ],
          [
            3.011532,
            36.76825
          ],
          [
            3.011473,
            36.768252
          ],
          [
            3.011417,
            36.768256
          ],
          [
            3.01125,
            36.768276
          ],
          [
            3.011084,
            36.768297
          ],
          [
            3.010518,
            36.768396
          ],
          [
            3.009837,
            36.768533
          ],
          [
            3.008673,
            36.768746
          ],
          [
            3.008453,
            36.768793
          ],
          [
            3.008324,
            36.76883
          ],
          [
            3.008273,
            36.768845
          ],
          [
            3.008072,
            36.768909
          ],
          [
            3.007849,
            36.768982
          ],
          [
            3.007656,
            36.769124
          ],
          [
            3.007603,
            36.769156
          ],
          [
            3.007546,
            36.769182
          ],
          [
            3.007404,
            36.76924
          ],
          [
            3.00713,
            36.769341
          ],
          [
            3.00693,
            36.769418
          ],
          [
            3.00697,
            36.769485
          ]
        ]
      },
      "properties": {
        "name": "Place Maurice Audin - Station de bus chevalley",
        "stroke": "#249CF2"
      }
    },
    {
      "type": "Feature",
      "geometry": {
        "type": "LineString",
        "coordinates": [
          [
            2.853036,
            36.690249
          ],
          [
            2.853044,
            36.690277
          ],
          [
            2.854011,
            36.690108
          ],
          [
            2.854186,
            36.69008
          ],
          [
            2.854312,
            36.69006
          ],
          [
            2.854451,
            36.690041
          ],
          [
            2.85447,
            36.690114
          ],
          [
            2.854636,
            36.690108
          ],
          [
            2.855039,
            36.69008
          ],
          [
            2.855382,
            36.690075
          ],
          [
            2.855752,
            36.690082
          ],
          [
            2.856082,
            36.690101
          ],
          [
            2.856299,
            36.690123
          ],
          [
            2.856476,
            36.690146
          ],
          [
            2.856726,
            36.690179
          ],
          [
            2.856975,
            36.690217
          ],
          [
            2.857184,
            36.69026
          ],
          [
            2.857388,
            36.69031
          ],
          [
            2.857624,
            36.690374
          ],
          [
            2.857933,
            36.690467
          ],
          [
            2.858171,
            36.690553
          ],
          [
            2.858418,
            36.690648
          ],
          [
            2.858694,
            36.690774
          ],
          [
            2.859271,
            36.691056
          ],
          [
            2.859735,
            36.691271
          ],
          [
            2.859799,
            36.691295
          ],
          [
            2.859885,
            36.691316
          ],
          [
            2.859958,
            36.691325
          ],
          [
            2.860148,
            36.691334
          ],
          [
            2.860199,
            36.691308
          ],
          [
            2.860269,
            36.691293
          ],
          [
            2.860357,
            36.691289
          ],
          [
            2.860451,
            36.691308
          ],
          [
            2.860529,
            36.691355
          ],
          [
            2.860754,
            36.691581
          ],
          [
            2.86088,
            36.691656
          ],
          [
            2.860958,
            36.691691
          ],
          [
            2.861047,
            36.691719
          ],
          [
            2.862321,
            36.69205
          ],
          [
            2.864115,
            36.692476
          ],
          [
            2.864753,
            36.692637
          ],
          [
            2.86555,
            36.692811
          ],
          [
            2.866041,
            36.692889
          ],
          [
            2.866451,
            36.69293
          ],
          [
            2.866628,
            36.69294
          ],
          [
            2.866765,
            36.692949
          ],
          [
            2.866905,
            36.692949
          ],
          [
            2.867041,
            36.692942
          ],
          [
            2.867178,
            36.69293
          ],
          [
            2.867312,
            36.692912
          ],
          [
            2.867361,
            36.692871
          ],
          [
            2.86742,
            36.692841
          ],
          [
            2.867487,
            36.692828
          ],
          [
            2.867556,
            36.692828
          ],
          [
            2.867634,
            36.692766
          ],
          [
            2.86769,
            36.692725
          ],
          [
            2.867752,
            36.692671
          ],
          [
            2.86783,
            36.692603
          ],
          [
            2.868136,
            36.692319
          ],
          [
            2.868659,
            36.69183
          ],
          [
            2.869249,
            36.691293
          ],
          [
            2.869407,
            36.691136
          ],
          [
            2.86956,
            36.690972
          ],
          [
            2.869705,
            36.690807
          ],
          [
            2.869844,
            36.690637
          ],
          [
            2.869976,
            36.690463
          ],
          [
            2.870107,
            36.69028
          ],
          [
            2.870359,
            36.68994
          ],
          [
            2.870963,
            36.689142
          ],
          [
            2.871167,
            36.68888
          ],
          [
            2.8714,
            36.688637
          ],
          [
            2.871515,
            36.688538
          ],
          [
            2.871666,
            36.688411
          ],
          [
            2.871928,
            36.688221
          ],
          [
            2.872309,
            36.687996
          ],
          [
            2.872722,
            36.687774
          ],
          [
            2.87317,
            36.687537
          ],
          [
            2.873425,
            36.687426
          ],
          [
            2.873688,
            36.687329
          ],
          [
            2.873959,
            36.687245
          ],
          [
            2.874227,
            36.687163
          ],
          [
            2.874318,
            36.687137
          ],
          [
            2.874404,
            36.687105
          ],
          [
            2.874487,
            36.687066
          ],
          [
            2.874573,
            36.687023
          ],
          [
            2.874605,
            36.686993
          ],
          [
            2.874659,
            36.686967
          ],
          [
            2.874718,
            36.68695
          ],
          [
            2.87478,
            36.68694
          ],
          [
            2.874841,
            36.686937
          ],
          [
            2.874903,
            36.686944
          ],
          [
            2.874931,
            36.686949
          ],
          [
            2.874941,
            36.686916
          ],
          [
            2.874931,
            36.686949
          ],
          [
            2.874957,
            36.686955
          ],
          [
            2.875013,
            36.68697
          ],
          [
            2.875142,
            36.687008
          ],
          [
            2.875273,
            36.687034
          ],
          [
            2.875405,
            36.687056
          ],
          [
            2.875539,
            36.687071
          ],
          [
            2.875673,
            36.687081
          ],
          [
            2.875737,
            36.68709
          ],
          [
            2.875801,
            36.687101
          ],
          [
            2.875863,
            36.687114
          ],
          [
            2.875965,
            36.687142
          ],
          [
            2.876011,
            36.687176
          ],
          [
            2.876043,
            36.687221
          ],
          [
            2.876048,
            36.687243
          ],
          [
            2.876056,
            36.687273
          ],
          [
            2.876048,
            36.687325
          ],
          [
            2.876075,
            36.687396
          ],
          [
            2.876102,
            36.68746
          ],
          [
            2.876161,
            36.68752
          ],
          [
            2.876228,
            36.687574
          ],
          [
            2.876477,
            36.687722
          ],
          [
            2.876625,
            36.687802
          ],
          [
            2.876719,
            36.687851
          ],
          [
            2.876947,
            36.687972
          ],
          [
            2.877293,
            36.688135
          ],
          [
            2.877617,
            36.688303
          ],
          [
            2.877912,
            36.68848
          ],
          [
            2.878205,
            36.688677
          ],
          [
            2.878393,
            36.688822
          ],
          [
            2.87857,
            36.688961
          ],
          [
            2.878814,
            36.689157
          ],
          [
            2.879683,
            36.689921
          ],
          [
            2.879838,
            36.690067
          ],
          [
            2.879946,
            36.690196
          ],
          [
            2.880029,
            36.690308
          ],
          [
            2.880069,
            36.6904
          ],
          [
            2.880133,
            36.690544
          ],
          [
            2.880171,
            36.690671
          ],
          [
            2.880198,
            36.690815
          ],
          [
            2.880208,
            36.690977
          ],
          [
            2.880222,
            36.691069
          ],
          [
            2.880235,
            36.691108
          ],
          [
            2.880259,
            36.691149
          ],
          [
            2.880434,
            36.69119
          ],
          [
            2.880632,
            36.691192
          ],
          [
            2.880887,
            36.691172
          ],
          [
            2.881034,
            36.691151
          ],
          [
            2.881155,
            36.691108
          ],
          [
            2.881254,
            36.691052
          ],
          [
            2.881338,
            36.690985
          ],
          [
            2.881399,
            36.690897
          ],
          [
            2.881434,
            36.690817
          ],
          [
            2.88145,
            36.690725
          ],
          [
            2.881437,
            36.690512
          ],
          [
            2.881391,
            36.690286
          ],
          [
            2.881289,
            36.689873
          ],
          [
            2.881262,
            36.689757
          ],
          [
            2.881238,
            36.689656
          ],
          [
            2.881185,
            36.689516
          ],
          [
            2.881131,
            36.689495
          ],
          [
            2.880997,
            36.689497
          ],
          [
            2.880831,
            36.689521
          ],
          [
            2.880624,
            36.689559
          ],
          [
            2.879924,
            36.689699
          ],
          [
            2.878999,
            36.689918
          ],
          [
            2.878433,
            36.690082
          ],
          [
            2.8777,
            36.690303
          ],
          [
            2.876571,
            36.690684
          ],
          [
            2.875582,
            36.69108
          ],
          [
            2.872596,
            36.692258
          ],
          [
            2.870839,
            36.693001
          ],
          [
            2.87088,
            36.693063
          ],
          [
            2.870839,
            36.693001
          ],
          [
            2.869694,
            36.693484
          ],
          [
            2.868002,
            36.69419
          ],
          [
            2.867578,
            36.694373
          ],
          [
            2.866368,
            36.694867
          ],
          [
            2.864652,
            36.695543
          ],
          [
            2.863471,
            36.696076
          ],
          [
            2.863439,
            36.696091
          ],
          [
            2.862999,
            36.696317
          ],
          [
            2.862675,
            36.696495
          ],
          [
            2.862377,
            36.69667
          ],
          [
            2.861929,
            36.696958
          ],
          [
            2.8615,
            36.697242
          ],
          [
            2.86132,
            36.697379
          ],
          [
            2.861041,
            36.697596
          ],
          [
            2.860717,
            36.697846
          ],
          [
            2.860207,
            36.698306
          ],
          [
            2.859244,
            36.699181
          ],
          [
            2.859073,
            36.699345
          ],
          [
            2.858713,
            36.699726
          ],
          [
            2.858595,
            36.699859
          ],
          [
            2.858464,
            36.700016
          ],
          [
            2.858356,
            36.700147
          ],
          [
            2.858268,
            36.700263
          ],
          [
            2.857933,
            36.700706
          ],
          [
            2.857707,
            36.701022
          ],
          [
            2.857182,
            36.701743
          ],
          [
            2.8569,
            36.70213
          ],
          [
            2.856251,
            36.703001
          ],
          [
            2.855157,
            36.704654
          ],
          [
            2.855071,
            36.704773
          ],
          [
            2.854993,
            36.704876
          ],
          [
            2.854687,
            36.705287
          ],
          [
            2.854615,
            36.705388
          ],
          [
            2.854524,
            36.705504
          ],
          [
            2.854435,
            36.705603
          ],
          [
            2.85381,
            36.706287
          ],
          [
            2.853657,
            36.706461
          ],
          [
            2.853512,
            36.706637
          ],
          [
            2.853373,
            36.706818
          ],
          [
            2.853239,
            36.707
          ],
          [
            2.85311,
            36.707185
          ],
          [
            2.852405,
            36.708258
          ],
          [
            2.852388,
            36.708288
          ],
          [
            2.852378,
            36.708319
          ],
          [
            2.852367,
            36.708351
          ],
          [
            2.852364,
            36.708383
          ],
          [
            2.852359,
            36.708456
          ],
          [
            2.852372,
            36.708495
          ],
          [
            2.852375,
            36.708534
          ],
          [
            2.852364,
            36.708574
          ],
          [
            2.852343,
            36.708611
          ],
          [
            2.852313,
            36.708639
          ],
          [
            2.852279,
            36.70866
          ],
          [
            2.852236,
            36.708678
          ],
          [
            2.852193,
            36.708686
          ],
          [
            2.852147,
            36.708686
          ],
          [
            2.852101,
            36.708678
          ],
          [
            2.852061,
            36.708663
          ],
          [
            2.852024,
            36.708641
          ],
          [
            2.851994,
            36.708613
          ],
          [
            2.851876,
            36.708527
          ],
          [
            2.851839,
            36.708497
          ],
          [
            2.851793,
            36.708465
          ],
          [
            2.85094,
            36.707914
          ],
          [
            2.850814,
            36.707858
          ],
          [
            2.850599,
            36.707826
          ],
          [
            2.850417,
            36.707843
          ],
          [
            2.850262,
            36.707901
          ],
          [
            2.850125,
            36.707992
          ],
          [
            2.850034,
            36.708089
          ],
          [
            2.849966,
            36.708239
          ],
          [
            2.849942,
            36.708407
          ],
          [
            2.849988,
            36.708643
          ],
          [
            2.850001,
            36.709002
          ],
          [
            2.849983,
            36.709361
          ],
          [
            2.850063,
            36.709716
          ],
          [
            2.850243,
            36.710703
          ],
          [
            2.850436,
            36.711716
          ],
          [
            2.850648,
            36.712731
          ],
          [
            2.850776,
            36.713189
          ],
          [
            2.85087,
            36.713522
          ],
          [
            2.851281,
            36.714578
          ],
          [
            2.851627,
            36.715238
          ],
          [
            2.851938,
            36.715728
          ],
          [
            2.852472,
            36.716375
          ],
          [
            2.853072,
            36.717029
          ],
          [
            2.853896,
            36.717797
          ],
          [
            2.854623,
            36.718414
          ],
          [
            2.855435,
            36.719125
          ],
          [
            2.85628,
            36.719863
          ],
          [
            2.856921,
            36.720422
          ],
          [
            2.857613,
            36.72097
          ],
          [
            2.858134,
            36.721424
          ],
          [
            2.858359,
            36.721623
          ],
          [
            2.859279,
            36.722496
          ],
          [
            2.859394,
            36.72263
          ],
          [
            2.859942,
            36.723262
          ],
          [
            2.860398,
            36.723935
          ],
          [
            2.860848,
            36.724651
          ],
          [
            2.861288,
            36.725381
          ],
          [
            2.86161,
            36.726011
          ],
          [
            2.861945,
            36.726502
          ],
          [
            2.862095,
            36.726725
          ],
          [
            2.862339,
            36.727048
          ],
          [
            2.862592,
            36.727346
          ],
          [
            2.863109,
            36.727888
          ],
          [
            2.864024,
            36.728671
          ],
          [
            2.864464,
            36.72901
          ],
          [
            2.865057,
            36.72938
          ],
          [
            2.865384,
            36.72955
          ],
          [
            2.866041,
            36.729892
          ],
          [
            2.866282,
            36.730016
          ],
          [
            2.866894,
            36.730313
          ],
          [
            2.867642,
            36.730642
          ],
          [
            2.868879,
            36.731201
          ],
          [
            2.870054,
            36.731743
          ],
          [
            2.870971,
            36.732205
          ],
          [
            2.872237,
            36.732815
          ],
          [
            2.872701,
            36.733024
          ],
          [
            2.873817,
            36.733507
          ],
          [
            2.874029,
            36.733591
          ],
          [
            2.874203,
            36.733654
          ],
          [
            2.874375,
            36.733709
          ],
          [
            2.874546,
            36.733765
          ],
          [
            2.874737,
            36.733821
          ],
          [
            2.874908,
            36.733864
          ],
          [
            2.875595,
            36.734028
          ],
          [
            2.876748,
            36.734225
          ],
          [
            2.878457,
            36.734365
          ],
          [
            2.879962,
            36.734505
          ],
          [
            2.880981,
            36.734683
          ],
          [
            2.881906,
            36.734939
          ],
          [
            2.882853,
            36.735315
          ],
          [
            2.883135,
            36.735451
          ],
          [
            2.883542,
            36.735642
          ],
          [
            2.883634,
            36.735696
          ],
          [
            2.883923,
            36.735868
          ],
          [
            2.884256,
            36.736076
          ],
          [
            2.886179,
            36.73725
          ],
          [
            2.886616,
            36.737456
          ],
          [
            2.887112,
            36.73766
          ],
          [
            2.887539,
            36.7378
          ],
          [
            2.887863,
            36.737899
          ],
          [
            2.888394,
            36.738028
          ],
          [
            2.888711,
            36.738088
          ],
          [
            2.889022,
            36.738148
          ],
          [
            2.8894,
            36.738198
          ],
          [
            2.889505,
            36.738208
          ],
          [
            2.889813,
            36.738236
          ],
          [
            2.8901,
            36.738264
          ],
          [
            2.891141,
            36.738346
          ],
          [
            2.893791,
            36.738565
          ],
          [
            2.894987,
            36.73869
          ],
          [
            2.895771,
            36.738772
          ],
          [
            2.896967,
            36.738896
          ],
          [
            2.898691,
            36.73915
          ],
          [
            2.901578,
            36.739573
          ],
          [
            2.902527,
            36.739713
          ],
          [
            2.902693,
            36.739737
          ],
          [
            2.904332,
            36.739997
          ],
          [
            2.905797,
            36.740184
          ],
          [
            2.909699,
            36.740583
          ],
          [
            2.91155,
            36.740786
          ],
          [
            2.912011,
            36.740846
          ],
          [
            2.912478,
            36.740906
          ],
          [
            2.913409,
            36.741033
          ],
          [
            2.914052,
            36.74116
          ],
          [
            2.914535,
            36.741252
          ],
          [
            2.915662,
            36.741484
          ],
          [
            2.916281,
            36.741635
          ],
          [
            2.917046,
            36.741839
          ],
          [
            2.917727,
            36.742039
          ],
          [
            2.918505,
            36.742309
          ],
          [
            2.919264,
            36.742597
          ],
          [
            2.919465,
            36.742675
          ],
          [
            2.920474,
            36.743118
          ],
          [
            2.921466,
            36.743599
          ],
          [
            2.921584,
            36.743655
          ],
          [
            2.923118,
            36.744532
          ],
          [
            2.925328,
            36.74606
          ],
          [
            2.926565,
            36.746866
          ],
          [
            2.927633,
            36.747487
          ],
          [
            2.927842,
            36.747605
          ],
          [
            2.928389,
            36.747915
          ],
          [
            2.929363,
            36.748314
          ],
          [
            2.929784,
            36.748461
          ],
          [
            2.930159,
            36.748598
          ],
          [
            2.930492,
            36.74871
          ],
          [
            2.930666,
            36.748757
          ],
          [
            2.930953,
            36.748839
          ],
          [
            2.931447,
            36.748968
          ],
          [
            2.931801,
            36.749054
          ],
          [
            2.932241,
            36.74914
          ],
          [
            2.932611,
            36.749202
          ],
          [
            2.932831,
            36.749251
          ],
          [
            2.933547,
            36.74935
          ],
          [
            2.934051,
            36.7494
          ],
          [
            2.934502,
            36.749434
          ],
          [
            2.935019,
            36.749423
          ],
          [
            2.935175,
            36.749423
          ],
          [
            2.935695,
            36.749423
          ],
          [
            2.936457,
            36.749385
          ],
          [
            2.937935,
            36.749236
          ],
          [
            2.938037,
            36.749226
          ],
          [
            2.938565,
            36.749153
          ],
          [
            2.939783,
            36.748979
          ],
          [
            2.940258,
            36.748903
          ],
          [
            2.941277,
            36.748753
          ],
          [
            2.943471,
            36.748355
          ],
          [
            2.945619,
            36.748016
          ],
          [
            2.948186,
            36.747599
          ],
          [
            2.950311,
            36.747231
          ],
          [
            2.951386,
            36.747064
          ],
          [
            2.952196,
            36.746948
          ],
          [
            2.953304,
            36.746763
          ],
          [
            2.953749,
            36.746681
          ],
          [
            2.955573,
            36.746365
          ],
          [
            2.956651,
            36.746187
          ],
          [
            2.957971,
            36.74597
          ],
          [
            2.958827,
            36.74583
          ],
          [
            2.959344,
            36.745744
          ],
          [
            2.960734,
            36.74557
          ],
          [
            2.962507,
            36.745385
          ],
          [
            2.962598,
            36.745376
          ],
          [
            2.964145,
            36.745215
          ],
          [
            2.965921,
            36.74511
          ],
          [
            2.966396,
            36.745095
          ],
          [
            2.967839,
            36.745045
          ],
          [
            2.969223,
            36.745037
          ],
          [
            2.970923,
            36.74505
          ],
          [
            2.972592,
            36.745106
          ],
          [
            2.973632,
            36.745157
          ],
          [
            2.974137,
            36.745147
          ],
          [
            2.974689,
            36.745131
          ],
          [
            2.97525,
            36.745082
          ],
          [
            2.975821,
            36.745018
          ],
          [
            2.97683,
            36.744859
          ],
          [
            2.977731,
            36.744712
          ],
          [
            2.978753,
            36.74457
          ],
          [
            2.979426,
            36.744493
          ],
          [
            2.980131,
            36.744433
          ],
          [
            2.980966,
            36.744416
          ],
          [
            2.981679,
            36.744444
          ],
          [
            2.982269,
            36.744493
          ],
          [
            2.983103,
            36.744616
          ],
          [
            2.98408,
            36.744833
          ],
          [
            2.985008,
            36.745106
          ],
          [
            2.985794,
            36.745417
          ],
          [
            2.98637,
            36.745645
          ],
          [
            2.986754,
            36.745806
          ],
          [
            2.987161,
            36.746011
          ],
          [
            2.987591,
            36.746275
          ],
          [
            2.988492,
            36.746855
          ],
          [
            2.989573,
            36.74753
          ],
          [
            2.990868,
            36.748222
          ],
          [
            2.991077,
            36.748261
          ],
          [
            2.991311,
            36.748276
          ],
          [
            2.991453,
            36.748276
          ],
          [
            2.991539,
            36.748278
          ],
          [
            2.991938,
            36.748271
          ],
          [
            2.992035,
            36.748271
          ],
          [
            2.992209,
            36.74828
          ],
          [
            2.992494,
            36.748317
          ],
          [
            2.99273,
            36.748366
          ],
          [
            2.992944,
            36.748426
          ],
          [
            2.993132,
            36.748495
          ],
          [
            2.993218,
            36.748527
          ],
          [
            2.993333,
            36.748555
          ],
          [
            2.993451,
            36.748566
          ],
          [
            2.993572,
            36.748564
          ],
          [
            2.99369,
            36.748547
          ],
          [
            2.994079,
            36.748213
          ],
          [
            2.99432,
            36.748009
          ],
          [
            2.994575,
            36.74779
          ],
          [
            2.994902,
            36.747446
          ],
          [
            2.994924,
            36.747403
          ],
          [
            2.994951,
            36.747375
          ],
          [
            2.995002,
            36.747347
          ],
          [
            2.995058,
            36.747332
          ],
          [
            2.99512,
            36.747332
          ],
          [
            2.995179,
            36.747349
          ],
          [
            2.995227,
            36.747377
          ],
          [
            2.995262,
            36.747418
          ],
          [
            2.995278,
            36.747463
          ],
          [
            2.995278,
            36.747511
          ],
          [
            2.995259,
            36.747556
          ],
          [
            2.995221,
            36.747594
          ],
          [
            2.995173,
            36.747622
          ],
          [
            2.995122,
            36.74765
          ],
          [
            2.994961,
            36.747736
          ],
          [
            2.994387,
            36.748151
          ],
          [
            2.994116,
            36.748355
          ],
          [
            2.993982,
            36.748463
          ],
          [
            2.993864,
            36.748562
          ],
          [
            2.993727,
            36.748701
          ],
          [
            2.993727,
            36.748712
          ],
          [
            2.993553,
            36.748893
          ],
          [
            2.993371,
            36.749196
          ],
          [
            2.993288,
            36.74938
          ],
          [
            2.993239,
            36.749507
          ],
          [
            2.993213,
            36.749638
          ],
          [
            2.993186,
            36.749793
          ],
          [
            2.993178,
            36.749883
          ],
          [
            2.993175,
            36.749967
          ],
          [
            2.993186,
            36.750088
          ],
          [
            2.993202,
            36.750186
          ],
          [
            2.993234,
            36.750285
          ],
          [
            2.99332,
            36.750476
          ],
          [
            2.993339,
            36.750522
          ],
          [
            2.99336,
            36.750565
          ],
          [
            2.993424,
            36.750679
          ],
          [
            2.993604,
            36.750911
          ],
          [
            2.993854,
            36.751203
          ],
          [
            2.994352,
            36.751734
          ],
          [
            2.994543,
            36.752013
          ],
          [
            2.994586,
            36.752103
          ],
          [
            2.994647,
            36.752376
          ],
          [
            2.994674,
            36.752608
          ],
          [
            2.994693,
            36.75303
          ],
          [
            2.994575,
            36.753438
          ],
          [
            2.994487,
            36.753627
          ],
          [
            2.994398,
            36.753782
          ],
          [
            2.994272,
            36.75405
          ],
          [
            2.994159,
            36.754252
          ],
          [
            2.993974,
            36.754562
          ],
          [
            2.993762,
            36.75488
          ],
          [
            2.993446,
            36.755391
          ],
          [
            2.993411,
            36.755475
          ],
          [
            2.993422,
            36.755505
          ],
          [
            2.993422,
            36.755535
          ],
          [
            2.993408,
            36.755563
          ],
          [
            2.993387,
            36.755589
          ],
          [
            2.993357,
            36.755608
          ],
          [
            2.993322,
            36.755619
          ],
          [
            2.993293,
            36.75566
          ],
          [
            2.993046,
            36.756002
          ],
          [
            2.993037,
            36.756014
          ],
          [
            2.993129,
            36.756058
          ],
          [
            2.993037,
            36.756014
          ],
          [
            2.99277,
            36.756373
          ],
          [
            2.992687,
            36.756532
          ],
          [
            2.992598,
            36.756717
          ],
          [
            2.992529,
            36.756896
          ],
          [
            2.992429,
            36.757244
          ],
          [
            2.992376,
            36.757478
          ],
          [
            2.992319,
            36.757818
          ],
          [
            2.992247,
            36.758335
          ],
          [
            2.99218,
            36.758997
          ],
          [
            2.992161,
            36.759393
          ],
          [
            2.99214,
            36.759633
          ],
          [
            2.992132,
            36.759743
          ],
          [
            2.992107,
            36.76007
          ],
          [
            2.992121,
            36.760465
          ],
          [
            2.992134,
            36.760628
          ],
          [
            2.992137,
            36.761041
          ],
          [
            2.992209,
            36.761226
          ],
          [
            2.992242,
            36.76126
          ],
          [
            2.992352,
            36.761421
          ],
          [
            2.992539,
            36.761651
          ],
          [
            2.992735,
            36.761851
          ],
          [
            2.992891,
            36.762003
          ],
          [
            2.992966,
            36.762098
          ],
          [
            2.993009,
            36.762163
          ],
          [
            2.993038,
            36.76221
          ],
          [
            2.99307,
            36.762268
          ],
          [
            2.993202,
            36.762511
          ],
          [
            2.993312,
            36.762803
          ],
          [
            2.993387,
            36.763069
          ],
          [
            2.99343,
            36.763404
          ],
          [
            2.993483,
            36.763948
          ],
          [
            2.993513,
            36.764346
          ],
          [
            2.993497,
            36.764683
          ],
          [
            2.99347,
            36.764799
          ],
          [
            2.993435,
            36.764913
          ],
          [
            2.993395,
            36.765027
          ],
          [
            2.993349,
            36.765139
          ],
          [
            2.993213,
            36.765454
          ],
          [
            2.993167,
            36.76556
          ],
          [
            2.993111,
            36.76568
          ],
          [
            2.993078,
            36.765781
          ],
          [
            2.993049,
            36.765996
          ],
          [
            2.99307,
            36.766662
          ],
          [
            2.993137,
            36.767743
          ],
          [
            2.993218,
            36.768821
          ],
          [
            2.993239,
            36.769567
          ],
          [
            2.993231,
            36.770104
          ],
          [
            2.993467,
            36.770156
          ],
          [
            2.993516,
            36.770166
          ],
          [
            2.993955,
            36.770269
          ],
          [
            2.994438,
            36.770448
          ],
          [
            2.994693,
            36.770579
          ],
          [
            2.994878,
            36.770686
          ],
          [
            2.995259,
            36.770968
          ],
          [
            2.995589,
            36.771232
          ],
          [
            2.996337,
            36.771838
          ],
          [
            2.996487,
            36.771954
          ],
          [
            2.996571,
            36.772008
          ],
          [
            2.996678,
            36.772063
          ],
          [
            2.996812,
            36.772121
          ],
          [
            2.99697,
            36.772182
          ],
          [
            2.99712,
            36.772229
          ],
          [
            2.997295,
            36.772272
          ],
          [
            2.997611,
            36.772315
          ],
          [
            2.99781,
            36.772326
          ],
          [
            2.998032,
            36.77233
          ],
          [
            2.998255,
            36.772313
          ],
          [
            2.998907,
            36.772231
          ],
          [
            2.999215,
            36.77218
          ],
          [
            2.999425,
            36.772126
          ],
          [
            2.999626,
            36.772079
          ],
          [
            2.999762,
            36.772038
          ],
          [
            2.999926,
            36.77198
          ],
          [
            3.000221,
            36.771859
          ],
          [
            3.001205,
            36.771466
          ],
          [
            3.002812,
            36.770835
          ],
          [
            3.002936,
            36.770787
          ],
          [
            3.003088,
            36.770723
          ],
          [
            3.003139,
            36.770699
          ],
          [
            3.003182,
            36.77068
          ],
          [
            3.003239,
            36.770652
          ],
          [
            3.003279,
            36.770626
          ],
          [
            3.003295,
            36.770602
          ],
          [
            3.003316,
            36.770583
          ],
          [
            3.003346,
            36.770568
          ],
          [
            3.003381,
            36.770562
          ],
          [
            3.003413,
            36.770562
          ],
          [
            3.003483,
            36.77054
          ],
          [
            3.003526,
            36.770525
          ],
          [
            3.003577,
            36.770508
          ],
          [
            3.004258,
            36.77025
          ],
          [
            3.005797,
            36.769681
          ],
          [
            3.006031,
            36.769588
          ],
          [
            3.006103,
            36.769556
          ],
          [
            3.006103,
            36.769532
          ],
          [
            3.006111,
            36.769505
          ],
          [
            3.006125,
            36.769485
          ],
          [
            3.006149,
            36.769464
          ],
          [
            3.006181,
            36.769447
          ],
          [
            3.006213,
            36.769434
          ],
          [
            3.00716,
            36.769071
          ],
          [
            3.007487,
            36.768948
          ]
        ]
      },
      "properties": {
        "name": "Sidi Abdellah - Chevalley",
        "stroke": "#E51B23"
      }
    },
    {
      "type": "Feature",
      "geometry": {
        "type": "LineString",
        "coordinates": [
          [
            3.00697,
            36.769485
          ],
          [
            3.00693,
            36.769418
          ],
          [
            3.006433,
            36.769608
          ],
          [
            3.005374,
            36.77002
          ],
          [
            3.004596,
            36.770325
          ],
          [
            3.004529,
            36.770355
          ],
          [
            3.004478,
            36.770388
          ],
          [
            3.004373,
            36.77045
          ],
          [
            3.004306,
            36.770504
          ],
          [
            3.004263,
            36.770529
          ],
          [
            3.004226,
            36.77054
          ],
          [
            3.00418,
            36.770544
          ],
          [
            3.004113,
            36.770547
          ],
          [
            3.003727,
            36.770725
          ],
          [
            3.003526,
            36.7708
          ],
          [
            3.003451,
            36.770832
          ],
          [
            3.003434,
            36.770813
          ],
          [
            3.003416,
            36.770792
          ],
          [
            3.003394,
            36.770772
          ],
          [
            3.003373,
            36.770751
          ],
          [
            3.003341,
            36.770744
          ],
          [
            3.003287,
            36.770755
          ],
          [
            3.003233,
            36.77077
          ],
          [
            3.003182,
            36.770785
          ],
          [
            3.003129,
            36.770802
          ],
          [
            3.002836,
            36.770914
          ],
          [
            3.001919,
            36.771271
          ],
          [
            3.001047,
            36.771608
          ],
          [
            3.000294,
            36.771926
          ],
          [
            3.000079,
            36.77201
          ],
          [
            2.999931,
            36.772063
          ],
          [
            2.999712,
            36.772134
          ],
          [
            2.999475,
            36.772201
          ],
          [
            2.999247,
            36.772255
          ],
          [
            2.999089,
            36.772278
          ],
          [
            2.998915,
            36.7723
          ],
          [
            2.998258,
            36.772379
          ],
          [
            2.998,
            36.772401
          ],
          [
            2.997823,
            36.772405
          ],
          [
            2.997582,
            36.77239
          ],
          [
            2.99741,
            36.772369
          ],
          [
            2.997233,
            36.772332
          ],
          [
            2.997102,
            36.772306
          ],
          [
            2.996965,
            36.772263
          ],
          [
            2.996839,
            36.772218
          ],
          [
            2.996656,
            36.772156
          ],
          [
            2.996514,
            36.772081
          ],
          [
            2.996359,
            36.771975
          ],
          [
            2.996219,
            36.771881
          ],
          [
            2.995852,
            36.771582
          ],
          [
            2.995541,
            36.77132
          ],
          [
            2.995203,
            36.771049
          ],
          [
            2.994908,
            36.770826
          ],
          [
            2.994811,
            36.770757
          ],
          [
            2.994693,
            36.770682
          ],
          [
            2.994572,
            36.770613
          ],
          [
            2.994283,
            36.770476
          ],
          [
            2.993955,
            36.77036
          ],
          [
            2.993481,
            36.770235
          ],
          [
            2.993304,
            36.770196
          ],
          [
            2.993223,
            36.770179
          ],
          [
            2.993116,
            36.77016
          ],
          [
            2.993132,
            36.770085
          ],
          [
            2.993143,
            36.77004
          ],
          [
            2.993154,
            36.769977
          ],
          [
            2.993167,
            36.769861
          ],
          [
            2.993167,
            36.769756
          ],
          [
            2.993167,
            36.769633
          ],
          [
            2.993156,
            36.769505
          ],
          [
            2.993129,
            36.768819
          ],
          [
            2.9931,
            36.768125
          ],
          [
            2.99307,
            36.767597
          ],
          [
            2.993014,
            36.76666
          ],
          [
            2.993006,
            36.766393
          ],
          [
            2.992974,
            36.765678
          ],
          [
            2.993046,
            36.76533
          ],
          [
            2.993333,
            36.764313
          ],
          [
            2.993392,
            36.764062
          ],
          [
            2.993384,
            36.763808
          ],
          [
            2.993341,
            36.763245
          ],
          [
            2.993239,
            36.762906
          ],
          [
            2.993164,
            36.762627
          ],
          [
            2.99303,
            36.762343
          ],
          [
            2.993014,
            36.762302
          ],
          [
            2.992976,
            36.762233
          ],
          [
            2.992947,
            36.762188
          ],
          [
            2.992834,
            36.762051
          ],
          [
            2.992714,
            36.761907
          ],
          [
            2.992582,
            36.761821
          ],
          [
            2.992343,
            36.761705
          ],
          [
            2.992126,
            36.761658
          ],
          [
            2.992081,
            36.761647
          ],
          [
            2.991979,
            36.761621
          ],
          [
            2.991938,
            36.761578
          ],
          [
            2.991917,
            36.761526
          ],
          [
            2.991968,
            36.761221
          ],
          [
            2.991989,
            36.761064
          ],
          [
            2.991997,
            36.760884
          ],
          [
            2.992011,
            36.760598
          ],
          [
            2.992,
            36.760388
          ],
          [
            2.992008,
            36.760052
          ],
          [
            2.992035,
            36.759734
          ],
          [
            2.992073,
            36.759305
          ],
          [
            2.992132,
            36.758608
          ],
          [
            2.992201,
            36.757983
          ],
          [
            2.992279,
            36.757472
          ],
          [
            2.99233,
            36.757233
          ],
          [
            2.992459,
            36.756803
          ],
          [
            2.992577,
            36.756535
          ],
          [
            2.992679,
            36.756348
          ],
          [
            2.992894,
            36.756018
          ],
          [
            2.992845,
            36.755997
          ],
          [
            2.992894,
            36.756018
          ],
          [
            2.992926,
            36.755969
          ],
          [
            2.993113,
            36.755671
          ],
          [
            2.993175,
            36.755565
          ],
          [
            2.993162,
            36.755542
          ],
          [
            2.993159,
            36.755516
          ],
          [
            2.993164,
            36.755488
          ],
          [
            2.993175,
            36.755464
          ],
          [
            2.993194,
            36.755445
          ],
          [
            2.993213,
            36.75543
          ],
          [
            2.993239,
            36.755419
          ],
          [
            2.993266,
            36.755413
          ],
          [
            2.993301,
            36.755372
          ],
          [
            2.993663,
            36.754854
          ],
          [
            2.994044,
            36.75422
          ],
          [
            2.994154,
            36.754003
          ],
          [
            2.994291,
            36.753659
          ],
          [
            2.99432,
            36.753591
          ],
          [
            2.994398,
            36.75341
          ],
          [
            2.994497,
            36.753023
          ],
          [
            2.994508,
            36.752737
          ],
          [
            2.994503,
            36.752501
          ],
          [
            2.994481,
            36.752363
          ],
          [
            2.994428,
            36.752148
          ],
          [
            2.994398,
            36.752047
          ],
          [
            2.994352,
            36.751964
          ],
          [
            2.994277,
            36.751848
          ],
          [
            2.994202,
            36.751749
          ],
          [
            2.993998,
            36.751523
          ],
          [
            2.99391,
            36.751478
          ],
          [
            2.993778,
            36.751366
          ],
          [
            2.993272,
            36.750773
          ],
          [
            2.993175,
            36.750681
          ],
          [
            2.993094,
            36.7507
          ],
          [
            2.993009,
            36.750715
          ],
          [
            2.992947,
            36.750726
          ],
          [
            2.992883,
            36.75073
          ],
          [
            2.992824,
            36.750715
          ],
          [
            2.992775,
            36.750698
          ],
          [
            2.992757,
            36.750683
          ],
          [
            2.992738,
            36.750638
          ],
          [
            2.992738,
            36.750599
          ],
          [
            2.992757,
            36.750558
          ],
          [
            2.992791,
            36.750528
          ],
          [
            2.992848,
            36.750498
          ],
          [
            2.992864,
            36.750434
          ],
          [
            2.992877,
            36.750369
          ],
          [
            2.992888,
            36.750305
          ],
          [
            2.992893,
            36.75024
          ],
          [
            2.99285,
            36.750115
          ],
          [
            2.992813,
            36.750025
          ],
          [
            2.992786,
            36.749961
          ],
          [
            2.992757,
            36.749903
          ],
          [
            2.992695,
            36.7498
          ],
          [
            2.992655,
            36.749741
          ],
          [
            2.992612,
            36.749694
          ],
          [
            2.992566,
            36.749647
          ],
          [
            2.992518,
            36.749602
          ],
          [
            2.99247,
            36.749559
          ],
          [
            2.992435,
            36.749542
          ],
          [
            2.992411,
            36.749516
          ],
          [
            2.992394,
            36.749488
          ],
          [
            2.992386,
            36.749458
          ],
          [
            2.992386,
            36.74943
          ],
          [
            2.992325,
            36.749391
          ],
          [
            2.992255,
            36.749359
          ],
          [
            2.99218,
            36.749335
          ],
          [
            2.992089,
            36.74931
          ],
          [
            2.991855,
            36.749251
          ],
          [
            2.991786,
            36.749226
          ],
          [
            2.991729,
            36.749183
          ],
          [
            2.991692,
            36.749127
          ],
          [
            2.991678,
            36.749065
          ],
          [
            2.991662,
            36.749017
          ],
          [
            2.991641,
            36.74897
          ],
          [
            2.991614,
            36.748925
          ],
          [
            2.991582,
            36.748882
          ],
          [
            2.991541,
            36.748841
          ],
          [
            2.991314,
            36.74865
          ],
          [
            2.991163,
            36.74859
          ],
          [
            2.990678,
            36.74836
          ],
          [
            2.990195,
            36.748097
          ],
          [
            2.989642,
            36.747773
          ],
          [
            2.988918,
            36.747332
          ],
          [
            2.987918,
            36.746666
          ],
          [
            2.987172,
            36.746232
          ],
          [
            2.986756,
            36.745998
          ],
          [
            2.986491,
            36.745867
          ],
          [
            2.986013,
            36.745641
          ],
          [
            2.985439,
            36.745413
          ],
          [
            2.984933,
            36.745243
          ],
          [
            2.984198,
            36.745022
          ],
          [
            2.983768,
            36.744917
          ],
          [
            2.983535,
            36.744863
          ],
          [
            2.982945,
            36.744751
          ],
          [
            2.982604,
            36.744702
          ],
          [
            2.982245,
            36.744652
          ],
          [
            2.981762,
            36.744607
          ],
          [
            2.980697,
            36.744588
          ],
          [
            2.980024,
            36.744611
          ],
          [
            2.979233,
            36.74468
          ],
          [
            2.978342,
            36.744779
          ],
          [
            2.977516,
            36.744923
          ],
          [
            2.976883,
            36.745056
          ],
          [
            2.976341,
            36.74514
          ],
          [
            2.976119,
            36.74517
          ],
          [
            2.975411,
            36.74526
          ],
          [
            2.974354,
            36.745325
          ],
          [
            2.973171,
            36.745321
          ],
          [
            2.97209,
            36.745267
          ],
          [
            2.970473,
            36.745187
          ],
          [
            2.968888,
            36.745222
          ],
          [
            2.966197,
            36.745297
          ],
          [
            2.96488,
            36.745374
          ],
          [
            2.963703,
            36.745445
          ],
          [
            2.962059,
            36.745611
          ],
          [
            2.960136,
            36.745828
          ],
          [
            2.958518,
            36.746051
          ],
          [
            2.953256,
            36.746922
          ],
          [
            2.951349,
            36.747264
          ],
          [
            2.950294,
            36.747431
          ],
          [
            2.949857,
            36.747504
          ],
          [
            2.949653,
            36.747539
          ],
          [
            2.949133,
            36.74762
          ],
          [
            2.948253,
            36.747769
          ],
          [
            2.946923,
            36.74799
          ],
          [
            2.944764,
            36.748351
          ],
          [
            2.94346,
            36.748562
          ],
          [
            2.942143,
            36.748772
          ],
          [
            2.941341,
            36.748901
          ],
          [
            2.940437,
            36.749019
          ],
          [
            2.939311,
            36.7492
          ],
          [
            2.938664,
            36.749294
          ],
          [
            2.937959,
            36.749398
          ],
          [
            2.937058,
            36.749492
          ],
          [
            2.936377,
            36.749555
          ],
          [
            2.935853,
            36.74958
          ],
          [
            2.935505,
            36.749582
          ],
          [
            2.935202,
            36.749587
          ],
          [
            2.934129,
            36.749572
          ],
          [
            2.933767,
            36.749533
          ],
          [
            2.933249,
            36.749464
          ],
          [
            2.932753,
            36.749398
          ],
          [
            2.93231,
            36.749329
          ],
          [
            2.931353,
            36.749125
          ],
          [
            2.930634,
            36.748931
          ],
          [
            2.9297,
            36.748605
          ],
          [
            2.928818,
            36.748261
          ],
          [
            2.927842,
            36.74779
          ],
          [
            2.926817,
            36.747208
          ],
          [
            2.925548,
            36.746387
          ],
          [
            2.924191,
            36.745439
          ],
          [
            2.923958,
            36.745278
          ],
          [
            2.923244,
            36.74482
          ],
          [
            2.922563,
            36.744407
          ],
          [
            2.921801,
            36.743986
          ],
          [
            2.921767,
            36.743967
          ],
          [
            2.921343,
            36.743734
          ],
          [
            2.921032,
            36.743578
          ],
          [
            2.920216,
            36.743184
          ],
          [
            2.919221,
            36.742756
          ],
          [
            2.91902,
            36.742679
          ],
          [
            2.918044,
            36.742327
          ],
          [
            2.917177,
            36.742051
          ],
          [
            2.916335,
            36.741811
          ],
          [
            2.915469,
            36.741585
          ],
          [
            2.915105,
            36.741511
          ],
          [
            2.915098,
            36.741535
          ],
          [
            2.915105,
            36.741511
          ],
          [
            2.915066,
            36.741503
          ],
          [
            2.914659,
            36.74142
          ],
          [
            2.913674,
            36.741235
          ],
          [
            2.91317,
            36.741144
          ],
          [
            2.912642,
            36.741078
          ],
          [
            2.911829,
            36.740975
          ],
          [
            2.910595,
            36.740844
          ],
          [
            2.909439,
            36.740721
          ],
          [
            2.908012,
            36.740562
          ],
          [
            2.907103,
            36.740459
          ],
          [
            2.905767,
            36.740323
          ],
          [
            2.903957,
            36.740076
          ],
          [
            2.902288,
            36.739805
          ],
          [
            2.900494,
            36.739545
          ],
          [
            2.89889,
            36.739317
          ],
          [
            2.897688,
            36.739161
          ],
          [
            2.895781,
            36.73892
          ],
          [
            2.894553,
            36.738825
          ],
          [
            2.893732,
            36.738739
          ],
          [
            2.890951,
            36.738477
          ],
          [
            2.889878,
            36.7384
          ],
          [
            2.889293,
            36.738331
          ],
          [
            2.888987,
            36.738294
          ],
          [
            2.888555,
            36.738213
          ],
          [
            2.888266,
            36.738148
          ],
          [
            2.887941,
            36.738069
          ],
          [
            2.887622,
            36.737978
          ],
          [
            2.887327,
            36.73789
          ],
          [
            2.887061,
            36.737806
          ],
          [
            2.886858,
            36.737729
          ],
          [
            2.886568,
            36.737611
          ],
          [
            2.886179,
            36.737435
          ],
          [
            2.886031,
            36.737359
          ],
          [
            2.883878,
            36.736059
          ],
          [
            2.883269,
            36.735685
          ],
          [
            2.8831,
            36.73561
          ],
          [
            2.882628,
            36.73539
          ],
          [
            2.882126,
            36.735178
          ],
          [
            2.881576,
            36.734999
          ],
          [
            2.881077,
            36.734887
          ],
          [
            2.880806,
            36.73484
          ],
          [
            2.880479,
            36.734782
          ],
          [
            2.878916,
            36.734571
          ],
          [
            2.877835,
            36.734483
          ],
          [
            2.876976,
            36.734395
          ],
          [
            2.876046,
            36.734268
          ],
          [
            2.875455,
            36.734141
          ],
          [
            2.874632,
            36.733946
          ],
          [
            2.874176,
            36.733798
          ],
          [
            2.873725,
            36.733626
          ],
          [
            2.87262,
            36.733142
          ],
          [
            2.872202,
            36.732953
          ],
          [
            2.871539,
            36.732613
          ],
          [
            2.870662,
            36.732183
          ],
          [
            2.869348,
            36.731545
          ],
          [
            2.868004,
            36.730928
          ],
          [
            2.866974,
            36.7305
          ],
          [
            2.866553,
            36.730304
          ],
          [
            2.866226,
            36.730141
          ],
          [
            2.865564,
            36.729816
          ],
          [
            2.864839,
            36.72941
          ],
          [
            2.864102,
            36.728916
          ],
          [
            2.863565,
            36.728514
          ],
          [
            2.863066,
            36.728099
          ],
          [
            2.862683,
            36.72769
          ],
          [
            2.862165,
            36.727099
          ],
          [
            2.861782,
            36.726557
          ],
          [
            2.86146,
            36.726074
          ],
          [
            2.861025,
            36.725311
          ],
          [
            2.860674,
            36.724743
          ],
          [
            2.860239,
            36.724034
          ],
          [
            2.859974,
            36.723634
          ],
          [
            2.859475,
            36.722974
          ],
          [
            2.858917,
            36.72241
          ],
          [
            2.858359,
            36.721901
          ],
          [
            2.857638,
            36.721247
          ],
          [
            2.857329,
            36.720968
          ],
          [
            2.856951,
            36.720628
          ],
          [
            2.856589,
            36.720334
          ],
          [
            2.856264,
            36.72005
          ],
          [
            2.855537,
            36.719409
          ],
          [
            2.85532,
            36.719218
          ],
          [
            2.854489,
            36.718482
          ],
          [
            2.853794,
            36.717883
          ],
          [
            2.852968,
            36.717113
          ],
          [
            2.852402,
            36.716513
          ],
          [
            2.851906,
            36.715937
          ],
          [
            2.851578,
            36.715427
          ],
          [
            2.851106,
            36.714629
          ],
          [
            2.850835,
            36.714047
          ],
          [
            2.850624,
            36.713402
          ],
          [
            2.850506,
            36.712989
          ],
          [
            2.850439,
            36.712703
          ],
          [
            2.850339,
            36.712421
          ],
          [
            2.850235,
            36.712221
          ],
          [
            2.850168,
            36.712135
          ],
          [
            2.85002,
            36.712023
          ],
          [
            2.849803,
            36.711907
          ],
          [
            2.849586,
            36.711815
          ],
          [
            2.849288,
            36.711718
          ],
          [
            2.849132,
            36.711662
          ],
          [
            2.848993,
            36.711583
          ],
          [
            2.848902,
            36.711499
          ],
          [
            2.848805,
            36.711372
          ],
          [
            2.848749,
            36.711256
          ],
          [
            2.848703,
            36.711125
          ],
          [
            2.848636,
            36.710888
          ],
          [
            2.848596,
            36.710738
          ],
          [
            2.848553,
            36.710544
          ],
          [
            2.848518,
            36.710381
          ],
          [
            2.848564,
            36.710372
          ],
          [
            2.848623,
            36.710363
          ],
          [
            2.848644,
            36.710357
          ],
          [
            2.848749,
            36.710346
          ],
          [
            2.848829,
            36.71034
          ],
          [
            2.849114,
            36.710312
          ],
          [
            2.849417,
            36.710282
          ],
          [
            2.849677,
            36.710256
          ],
          [
            2.850052,
            36.710181
          ],
          [
            2.850371,
            36.710105
          ],
          [
            2.85043,
            36.710088
          ],
          [
            2.850632,
            36.710013
          ],
          [
            2.850908,
            36.709875
          ],
          [
            2.851353,
            36.709609
          ],
          [
            2.8516,
            36.709426
          ],
          [
            2.85178,
            36.709275
          ],
          [
            2.851892,
            36.709177
          ],
          [
            2.851992,
            36.70908
          ],
          [
            2.852085,
            36.708871
          ],
          [
            2.852101,
            36.708815
          ],
          [
            2.852107,
            36.708757
          ],
          [
            2.852101,
            36.708678
          ],
          [
            2.852061,
            36.708663
          ],
          [
            2.852024,
            36.708641
          ],
          [
            2.851994,
            36.708613
          ],
          [
            2.851973,
            36.708579
          ],
          [
            2.851962,
            36.708544
          ],
          [
            2.851959,
            36.708508
          ],
          [
            2.851967,
            36.708471
          ],
          [
            2.851986,
            36.708437
          ],
          [
            2.852013,
            36.708409
          ],
          [
            2.852048,
            36.708383
          ],
          [
            2.852088,
            36.708366
          ],
          [
            2.852134,
            36.708355
          ],
          [
            2.852238,
            36.708254
          ],
          [
            2.852276,
            36.708213
          ],
          [
            2.852313,
            36.708172
          ],
          [
            2.852346,
            36.708127
          ],
          [
            2.852375,
            36.708082
          ],
          [
            2.852686,
            36.7076
          ],
          [
            2.852791,
            36.707443
          ],
          [
            2.852989,
            36.707136
          ],
          [
            2.853121,
            36.706951
          ],
          [
            2.853255,
            36.706768
          ],
          [
            2.853397,
            36.706588
          ],
          [
            2.853542,
            36.706409
          ],
          [
            2.853689,
            36.706233
          ],
          [
            2.85433,
            36.705555
          ],
          [
            2.854416,
            36.705459
          ],
          [
            2.854507,
            36.705347
          ],
          [
            2.854577,
            36.705252
          ],
          [
            2.854886,
            36.704818
          ],
          [
            2.854963,
            36.704708
          ],
          [
            2.855039,
            36.704603
          ],
          [
            2.855331,
            36.70416
          ],
          [
            2.856152,
            36.702932
          ],
          [
            2.856769,
            36.702078
          ],
          [
            2.858147,
            36.700227
          ],
          [
            2.858238,
            36.700102
          ],
          [
            2.858356,
            36.699953
          ],
          [
            2.858482,
            36.699801
          ],
          [
            2.858592,
            36.699676
          ],
          [
            2.858976,
            36.69928
          ],
          [
            2.85914,
            36.699104
          ],
          [
            2.8601,
            36.698235
          ],
          [
            2.860623,
            36.697756
          ],
          [
            2.860915,
            36.697562
          ],
          [
            2.861564,
            36.69707
          ],
          [
            2.861918,
            36.69682
          ],
          [
            2.862331,
            36.696564
          ],
          [
            2.862769,
            36.696321
          ],
          [
            2.863131,
            36.696115
          ],
          [
            2.864574,
            36.695454
          ],
          [
            2.865416,
            36.695115
          ],
          [
            2.867538,
            36.694267
          ],
          [
            2.867986,
            36.694074
          ],
          [
            2.869699,
            36.693345
          ],
          [
            2.87151,
            36.692585
          ],
          [
            2.873503,
            36.691775
          ],
          [
            2.875498,
            36.690994
          ],
          [
            2.876367,
            36.690652
          ],
          [
            2.87684,
            36.690473
          ],
          [
            2.877373,
            36.690297
          ],
          [
            2.878063,
            36.69008
          ],
          [
            2.878524,
            36.689946
          ],
          [
            2.879608,
            36.68968
          ],
          [
            2.880155,
            36.689555
          ],
          [
            2.880662,
            36.689445
          ],
          [
            2.880801,
            36.689413
          ],
          [
            2.880892,
            36.689389
          ],
          [
            2.881107,
            36.689284
          ],
          [
            2.881155,
            36.689254
          ],
          [
            2.881212,
            36.689241
          ],
          [
            2.881271,
            36.689243
          ],
          [
            2.881327,
            36.68926
          ],
          [
            2.881372,
            36.68929
          ],
          [
            2.881402,
            36.689333
          ],
          [
            2.881413,
            36.689381
          ],
          [
            2.881402,
            36.689428
          ],
          [
            2.881391,
            36.689447
          ],
          [
            2.88138,
            36.689516
          ],
          [
            2.881375,
            36.689585
          ],
          [
            2.88137,
            36.689658
          ],
          [
            2.88138,
            36.689753
          ],
          [
            2.881397,
            36.689875
          ],
          [
            2.881525,
            36.690441
          ],
          [
            2.881558,
            36.690639
          ],
          [
            2.881555,
            36.69071
          ],
          [
            2.881539,
            36.690835
          ],
          [
            2.881496,
            36.690936
          ],
          [
            2.881429,
            36.691026
          ],
          [
            2.881313,
            36.691119
          ],
          [
            2.881185,
            36.691187
          ],
          [
            2.881061,
            36.691224
          ],
          [
            2.880922,
            36.691248
          ],
          [
            2.880662,
            36.691289
          ],
          [
            2.880485,
            36.691295
          ],
          [
            2.880356,
            36.691314
          ],
          [
            2.880206,
            36.691276
          ],
          [
            2.880157,
            36.691213
          ],
          [
            2.880152,
            36.691187
          ],
          [
            2.880144,
            36.691149
          ],
          [
            2.880128,
            36.690828
          ],
          [
            2.88009,
            36.690652
          ],
          [
            2.880037,
            36.690493
          ],
          [
            2.879937,
            36.690314
          ],
          [
            2.879854,
            36.6902
          ],
          [
            2.879768,
            36.690101
          ],
          [
            2.879621,
            36.68997
          ],
          [
            2.878722,
            36.689189
          ],
          [
            2.8785,
            36.689
          ],
          [
            2.878178,
            36.688753
          ],
          [
            2.877808,
            36.688503
          ],
          [
            2.877542,
            36.688353
          ],
          [
            2.877218,
            36.688183
          ],
          [
            2.876617,
            36.687871
          ],
          [
            2.876177,
            36.687656
          ],
          [
            2.876118,
            36.687628
          ],
          [
            2.876062,
            36.687604
          ],
          [
            2.875818,
            36.687518
          ],
          [
            2.875767,
            36.687497
          ],
          [
            2.875729,
            36.687479
          ],
          [
            2.875643,
            36.687428
          ],
          [
            2.875587,
            36.687415
          ],
          [
            2.87548,
            36.687389
          ],
          [
            2.87537,
            36.687368
          ],
          [
            2.87526,
            36.68735
          ],
          [
            2.87515,
            36.687335
          ],
          [
            2.875061,
            36.687327
          ],
          [
            2.874975,
            36.68732
          ],
          [
            2.87489,
            36.687309
          ],
          [
            2.874813,
            36.687298
          ],
          [
            2.874809,
            36.687314
          ],
          [
            2.874813,
            36.687298
          ],
          [
            2.874718,
            36.687286
          ],
          [
            2.874605,
            36.687279
          ],
          [
            2.874495,
            36.687284
          ],
          [
            2.874383,
            36.687292
          ],
          [
            2.874273,
            36.687309
          ],
          [
            2.87401,
            36.687365
          ],
          [
            2.87375,
            36.687436
          ],
          [
            2.8735,
            36.687529
          ],
          [
            2.873261,
            36.687634
          ],
          [
            2.872368,
            36.68809
          ],
          [
            2.872014,
            36.688305
          ],
          [
            2.871746,
            36.688501
          ],
          [
            2.87162,
            36.688613
          ],
          [
            2.871502,
            36.688716
          ],
          [
            2.871285,
            36.688948
          ],
          [
            2.871094,
            36.689196
          ],
          [
            2.870496,
            36.69
          ],
          [
            2.870123,
            36.690503
          ],
          [
            2.869981,
            36.690686
          ],
          [
            2.869844,
            36.690863
          ],
          [
            2.869697,
            36.691033
          ],
          [
            2.869547,
            36.691194
          ],
          [
            2.869375,
            36.691362
          ],
          [
            2.868273,
            36.692383
          ],
          [
            2.868109,
            36.692542
          ],
          [
            2.867924,
            36.692738
          ],
          [
            2.867873,
            36.692796
          ],
          [
            2.86783,
            36.692859
          ],
          [
            2.867792,
            36.692923
          ],
          [
            2.867766,
            36.69299
          ],
          [
            2.867768,
            36.693011
          ],
          [
            2.867766,
            36.693065
          ],
          [
            2.867744,
            36.693117
          ],
          [
            2.867709,
            36.69316
          ],
          [
            2.867658,
            36.693196
          ],
          [
            2.867602,
            36.693218
          ],
          [
            2.86754,
            36.693228
          ],
          [
            2.867479,
            36.693228
          ],
          [
            2.867417,
            36.693213
          ],
          [
            2.867363,
            36.693188
          ],
          [
            2.867307,
            36.693138
          ],
          [
            2.867218,
            36.69311
          ],
          [
            2.867127,
            36.693089
          ],
          [
            2.867033,
            36.693076
          ],
          [
            2.866939,
            36.693069
          ],
          [
            2.86684,
            36.693065
          ],
          [
            2.866639,
            36.693052
          ],
          [
            2.86643,
            36.693044
          ],
          [
            2.86621,
            36.693024
          ],
          [
            2.866011,
            36.693005
          ],
          [
            2.86551,
            36.69293
          ],
          [
            2.865116,
            36.692852
          ],
          [
            2.86467,
            36.692749
          ],
          [
            2.864048,
            36.692592
          ],
          [
            2.86228,
            36.692153
          ],
          [
            2.861189,
            36.69188
          ],
          [
            2.861079,
            36.691856
          ],
          [
            2.860961,
            36.691839
          ],
          [
            2.860856,
            36.69183
          ],
          [
            2.860784,
            36.69183
          ],
          [
            2.860744,
            36.691867
          ],
          [
            2.860698,
            36.691899
          ],
          [
            2.860626,
            36.691917
          ],
          [
            2.860569,
            36.691921
          ],
          [
            2.860494,
            36.691914
          ],
          [
            2.860414,
            36.691889
          ],
          [
            2.860379,
            36.691867
          ],
          [
            2.860258,
            36.691772
          ],
          [
            2.860103,
            36.691639
          ],
          [
            2.860065,
            36.691587
          ],
          [
            2.85992,
            36.691463
          ],
          [
            2.859853,
            36.691415
          ],
          [
            2.859781,
            36.691375
          ],
          [
            2.859706,
            36.691338
          ],
          [
            2.859212,
            36.691106
          ],
          [
            2.858536,
            36.690774
          ],
          [
            2.858225,
            36.690641
          ],
          [
            2.857949,
            36.69054
          ],
          [
            2.857683,
            36.690454
          ],
          [
            2.857428,
            36.690381
          ],
          [
            2.857074,
            36.690297
          ],
          [
            2.856701,
            36.690235
          ],
          [
            2.856508,
            36.690207
          ],
          [
            2.856331,
            36.690187
          ],
          [
            2.8559,
            36.690149
          ],
          [
            2.855427,
            36.690131
          ],
          [
            2.85495,
            36.690142
          ],
          [
            2.854644,
            36.690166
          ],
          [
            2.854486,
            36.690179
          ],
          [
            2.854352,
            36.690196
          ],
          [
            2.854218,
            36.690217
          ],
          [
            2.854022,
            36.69025
          ],
          [
            2.852139,
            36.690587
          ],
          [
            2.852161,
            36.690665
          ],
          [
            2.850383,
            36.690978
          ],
          [
            2.85039,
            36.691003
          ]
        ]
      },
      "properties": {
        "name": "Station de bus chevalley - Sidi Abdellah",
        "stroke": "#249CF2"
      }
    },
    {
      "type": "Feature",
      "geometry": {
        "type": "LineString",
        "coordinates": [
          [
            3.007493,
            36.768952
          ],
          [
            3.007538,
            36.768937
          ],
          [
            3.007589,
            36.768935
          ],
          [
            3.00764,
            36.768939
          ],
          [
            3.007691,
            36.768952
          ],
          [
            3.00793,
            36.768875
          ],
          [
            3.008246,
            36.76877
          ],
          [
            3.0083,
            36.768755
          ],
          [
            3.008523,
            36.768703
          ],
          [
            3.008686,
            36.768669
          ],
          [
            3.008895,
            36.768628
          ],
          [
            3.009161,
            36.768581
          ],
          [
            3.009459,
            36.768531
          ],
          [
            3.009823,
            36.768478
          ],
          [
            3.010502,
            36.768338
          ],
          [
            3.010915,
            36.768254
          ],
          [
            3.011049,
            36.76823
          ],
          [
            3.011138,
            36.768218
          ],
          [
            3.011234,
            36.768205
          ],
          [
            3.011323,
            36.768198
          ],
          [
            3.011419,
            36.768194
          ],
          [
            3.011516,
            36.768194
          ],
          [
            3.011562,
            36.768196
          ],
          [
            3.011607,
            36.7682
          ],
          [
            3.011655,
            36.768207
          ],
          [
            3.011706,
            36.768213
          ],
          [
            3.011755,
            36.768224
          ],
          [
            3.011806,
            36.768237
          ],
          [
            3.011916,
            36.768267
          ],
          [
            3.012095,
            36.768316
          ],
          [
            3.012382,
            36.768404
          ],
          [
            3.012672,
            36.768497
          ],
          [
            3.012975,
            36.768583
          ],
          [
            3.013115,
            36.768624
          ],
          [
            3.013235,
            36.768654
          ],
          [
            3.013324,
            36.768671
          ],
          [
            3.01349,
            36.768701
          ],
          [
            3.013737,
            36.768733
          ],
          [
            3.013866,
            36.76875
          ],
          [
            3.013994,
            36.768763
          ],
          [
            3.014246,
            36.768768
          ],
          [
            3.014448,
            36.768765
          ],
          [
            3.015317,
            36.768761
          ],
          [
            3.015435,
            36.768759
          ],
          [
            3.01548,
            36.768759
          ],
          [
            3.015716,
            36.768757
          ],
          [
            3.016194,
            36.768755
          ],
          [
            3.016577,
            36.768755
          ],
          [
            3.017039,
            36.768755
          ],
          [
            3.017546,
            36.768746
          ],
          [
            3.01794,
            36.768753
          ],
          [
            3.018154,
            36.76875
          ],
          [
            3.019292,
            36.768727
          ],
          [
            3.019571,
            36.768722
          ],
          [
            3.019911,
            36.768716
          ],
          [
            3.021335,
            36.768729
          ],
          [
            3.021588,
            36.768735
          ],
          [
            3.021751,
            36.768729
          ],
          [
            3.022446,
            36.768731
          ],
          [
            3.02372,
            36.768733
          ],
          [
            3.023825,
            36.768731
          ],
          [
            3.0239,
            36.768722
          ],
          [
            3.024023,
            36.768692
          ],
          [
            3.024796,
            36.768501
          ],
          [
            3.024999,
            36.768445
          ],
          [
            3.025211,
            36.768409
          ],
          [
            3.02652,
            36.767646
          ],
          [
            3.02689,
            36.767438
          ],
          [
            3.026931,
            36.76742
          ],
          [
            3.027121,
            36.767315
          ],
          [
            3.027269,
            36.767246
          ],
          [
            3.02747,
            36.767167
          ],
          [
            3.027534,
            36.767165
          ],
          [
            3.028014,
            36.767077
          ],
          [
            3.028097,
            36.767008
          ],
          [
            3.028175,
            36.766883
          ],
          [
            3.028277,
            36.766628
          ],
          [
            3.028591,
            36.765964
          ],
          [
            3.028634,
            36.765884
          ],
          [
            3.028687,
            36.765815
          ],
          [
            3.028728,
            36.765772
          ],
          [
            3.028771,
            36.765736
          ],
          [
            3.028805,
            36.765706
          ],
          [
            3.028843,
            36.765686
          ],
          [
            3.028907,
            36.765659
          ],
          [
            3.028961,
            36.765635
          ],
          [
            3.029685,
            36.765448
          ],
          [
            3.029728,
            36.765549
          ],
          [
            3.029862,
            36.765787
          ],
          [
            3.029924,
            36.765901
          ],
          [
            3.029951,
            36.765955
          ],
          [
            3.030017,
            36.766081
          ],
          [
            3.030058,
            36.766067
          ],
          [
            3.030017,
            36.766081
          ],
          [
            3.030283,
            36.766587
          ],
          [
            3.030444,
            36.766853
          ],
          [
            3.030683,
            36.767257
          ],
          [
            3.030793,
            36.767444
          ],
          [
            3.030825,
            36.767524
          ],
          [
            3.030836,
            36.767599
          ],
          [
            3.030844,
            36.767668
          ],
          [
            3.030844,
            36.767741
          ],
          [
            3.030841,
            36.76779
          ],
          [
            3.030825,
            36.767869
          ],
          [
            3.030801,
            36.767938
          ],
          [
            3.030771,
            36.768007
          ],
          [
            3.030758,
            36.768031
          ],
          [
            3.030747,
            36.768046
          ],
          [
            3.030723,
            36.768091
          ],
          [
            3.030503,
            36.768478
          ],
          [
            3.030493,
            36.768518
          ],
          [
            3.030495,
            36.768568
          ],
          [
            3.030535,
            36.768639
          ],
          [
            3.030667,
            36.768871
          ],
          [
            3.030723,
            36.768845
          ],
          [
            3.031008,
            36.768725
          ],
          [
            3.031236,
            36.768628
          ],
          [
            3.031482,
            36.768523
          ],
          [
            3.031804,
            36.768387
          ],
          [
            3.032088,
            36.768267
          ],
          [
            3.032392,
            36.768136
          ],
          [
            3.032676,
            36.768013
          ],
          [
            3.032721,
            36.767994
          ],
          [
            3.033641,
            36.767594
          ],
          [
            3.035712,
            36.766696
          ],
          [
            3.036029,
            36.766559
          ],
          [
            3.036536,
            36.76634
          ],
          [
            3.037976,
            36.765714
          ],
          [
            3.038059,
            36.765684
          ],
          [
            3.038123,
            36.765661
          ],
          [
            3.038231,
            36.765648
          ],
          [
            3.038362,
            36.765611
          ],
          [
            3.038539,
            36.765605
          ],
          [
            3.038695,
            36.765633
          ],
          [
            3.038882,
            36.765708
          ],
          [
            3.039025,
            36.765809
          ],
          [
            3.039199,
            36.765968
          ],
          [
            3.039518,
            36.766277
          ],
          [
            3.039813,
            36.766589
          ],
          [
            3.040039,
            36.766787
          ],
          [
            3.040116,
            36.766817
          ],
          [
            3.040199,
            36.766832
          ],
          [
            3.040285,
            36.766832
          ],
          [
            3.040406,
            36.766799
          ],
          [
            3.040497,
            36.766735
          ],
          [
            3.040572,
            36.766683
          ],
          [
            3.040618,
            36.766608
          ],
          [
            3.040666,
            36.766507
          ],
          [
            3.040685,
            36.766361
          ],
          [
            3.040639,
            36.766157
          ],
          [
            3.040551,
            36.766002
          ],
          [
            3.040441,
            36.765858
          ],
          [
            3.040366,
            36.765792
          ],
          [
            3.040283,
            36.765701
          ],
          [
            3.040057,
            36.765564
          ],
          [
            3.039639,
            36.765308
          ],
          [
            3.0394,
            36.765181
          ],
          [
            3.039301,
            36.765128
          ],
          [
            3.03896,
            36.764919
          ],
          [
            3.038866,
            36.76479
          ],
          [
            3.038845,
            36.764732
          ],
          [
            3.038842,
            36.764674
          ],
          [
            3.038856,
            36.764616
          ],
          [
            3.038885,
            36.764563
          ],
          [
            3.038936,
            36.764462
          ],
          [
            3.03911,
            36.764268
          ],
          [
            3.040079,
            36.763187
          ],
          [
            3.040159,
            36.763084
          ],
          [
            3.040232,
            36.762981
          ],
          [
            3.040285,
            36.76288
          ],
          [
            3.040309,
            36.762771
          ],
          [
            3.040358,
            36.762541
          ],
          [
            3.04039,
            36.762431
          ],
          [
            3.040425,
            36.762362
          ],
          [
            3.040497,
            36.762283
          ],
          [
            3.040586,
            36.762214
          ],
          [
            3.040682,
            36.762171
          ],
          [
            3.040792,
            36.762141
          ],
          [
            3.040921,
            36.762141
          ],
          [
            3.041058,
            36.762163
          ],
          [
            3.041272,
            36.762201
          ],
          [
            3.041495,
            36.762218
          ],
          [
            3.04168,
            36.76219
          ],
          [
            3.04183,
            36.762165
          ],
          [
            3.042066,
            36.762085
          ],
          [
            3.042243,
            36.761973
          ],
          [
            3.042364,
            36.761887
          ],
          [
            3.042466,
            36.761791
          ],
          [
            3.042576,
            36.761632
          ],
          [
            3.042621,
            36.761526
          ],
          [
            3.042646,
            36.761421
          ],
          [
            3.042648,
            36.761286
          ],
          [
            3.04264,
            36.761198
          ],
          [
            3.042589,
            36.760963
          ],
          [
            3.042501,
            36.760697
          ],
          [
            3.042485,
            36.76065
          ],
          [
            3.042399,
            36.760405
          ],
          [
            3.042332,
            36.760241
          ],
          [
            3.042235,
            36.759973
          ],
          [
            3.042152,
            36.759732
          ],
          [
            3.042112,
            36.759528
          ],
          [
            3.04212,
            36.759414
          ],
          [
            3.042123,
            36.759292
          ],
          [
            3.042139,
            36.759165
          ],
          [
            3.042171,
            36.759064
          ],
          [
            3.042235,
            36.758935
          ],
          [
            3.042289,
            36.758832
          ],
          [
            3.042343,
            36.758763
          ],
          [
            3.042393,
            36.758707
          ],
          [
            3.042453,
            36.758647
          ],
          [
            3.042533,
            36.758576
          ],
          [
            3.042648,
            36.758501
          ],
          [
            3.042707,
            36.758471
          ],
          [
            3.042874,
            36.758396
          ],
          [
            3.042992,
            36.758342
          ],
          [
            3.043456,
            36.758148
          ],
          [
            3.043515,
            36.758123
          ],
          [
            3.043595,
            36.758088
          ],
          [
            3.043767,
            36.758028
          ],
          [
            3.044121,
            36.757895
          ],
          [
            3.044443,
            36.757794
          ],
          [
            3.044571,
            36.757755
          ],
          [
            3.044708,
            36.757717
          ],
          [
            3.046554,
            36.757046
          ],
          [
            3.046701,
            36.756986
          ],
          [
            3.046857,
            36.756909
          ],
          [
            3.046999,
            36.756838
          ],
          [
            3.047071,
            36.756801
          ],
          [
            3.047136,
            36.756773
          ],
          [
            3.047246,
            36.756734
          ],
          [
            3.047685,
            36.756608
          ],
          [
            3.04812,
            36.756481
          ],
          [
            3.048624,
            36.756339
          ],
          [
            3.048887,
            36.75627
          ],
          [
            3.049086,
            36.756217
          ],
          [
            3.049306,
            36.756167
          ],
          [
            3.049534,
            36.756122
          ],
          [
            3.049912,
            36.756051
          ],
          [
            3.05026,
            36.755989
          ],
          [
            3.050472,
            36.755957
          ],
          [
            3.050655,
            36.755933
          ],
          [
            3.050832,
            36.755918
          ],
          [
            3.050998,
            36.755916
          ],
          [
            3.051119,
            36.755933
          ],
          [
            3.051221,
            36.755957
          ],
          [
            3.051424,
            36.756032
          ],
          [
            3.051602,
            36.756139
          ],
          [
            3.051762,
            36.75626
          ],
          [
            3.051913,
            36.756431
          ],
          [
            3.052009,
            36.756599
          ],
          [
            3.052049,
            36.756758
          ],
          [
            3.052066,
            36.756919
          ],
          [
            3.052044,
            36.757093
          ],
          [
            3.051988,
            36.757257
          ],
          [
            3.051875,
            36.757439
          ],
          [
            3.051754,
            36.757566
          ],
          [
            3.051698,
            36.757611
          ],
          [
            3.051564,
            36.757723
          ],
          [
            3.051376,
            36.757882
          ],
          [
            3.051272,
            36.757985
          ],
          [
            3.051218,
            36.758063
          ],
          [
            3.051191,
            36.758099
          ],
          [
            3.051137,
            36.758179
          ],
          [
            3.051081,
            36.758314
          ],
          [
            3.051038,
            36.758505
          ],
          [
            3.051044,
            36.758675
          ],
          [
            3.051132,
            36.758995
          ],
          [
            3.051221,
            36.759201
          ],
          [
            3.051355,
            36.75941
          ],
          [
            3.051513,
            36.759573
          ],
          [
            3.051722,
            36.759732
          ],
          [
            3.051913,
            36.759842
          ],
          [
            3.052141,
            36.759932
          ],
          [
            3.052682,
            36.76011
          ],
          [
            3.052892,
            36.760179
          ],
          [
            3.053364,
            36.760332
          ],
          [
            3.053806,
            36.760476
          ],
          [
            3.054147,
            36.760577
          ],
          [
            3.055131,
            36.760955
          ],
          [
            3.055815,
            36.761217
          ],
          [
            3.05621,
            36.76134
          ],
          [
            3.056344,
            36.761357
          ],
          [
            3.056459,
            36.761342
          ],
          [
            3.056523,
            36.761329
          ],
          [
            3.056607,
            36.761327
          ],
          [
            3.056738,
            36.76134
          ],
          [
            3.056816,
            36.761367
          ],
          [
            3.05684,
            36.761359
          ],
          [
            3.056931,
            36.761344
          ],
          [
            3.056969,
            36.761309
          ],
          [
            3.056998,
            36.76126
          ],
          [
            3.057113,
            36.760923
          ],
          [
            3.057339,
            36.760299
          ],
          [
            3.057274,
            36.760263
          ],
          [
            3.057237,
            36.760226
          ],
          [
            3.056998,
            36.760158
          ],
          [
            3.056971,
            36.760061
          ],
          [
            3.05695,
            36.760003
          ],
          [
            3.056697,
            36.760063
          ],
          [
            3.056706,
            36.760087
          ]
        ]
      },
      "properties": {
        "name": "Chevalley - 1er Mai",
        "stroke": "#E51B23"
      }
    },
    {
      "type": "Feature",
      "geometry": {
        "type": "LineString",
        "coordinates": [
          [
            3.056706,
            36.760087
          ],
          [
            3.056697,
            36.760063
          ],
          [
            3.056494,
            36.76011
          ],
          [
            3.056317,
            36.760156
          ],
          [
            3.056258,
            36.760194
          ],
          [
            3.056108,
            36.76022
          ],
          [
            3.056051,
            36.760113
          ],
          [
            3.055888,
            36.759724
          ],
          [
            3.055831,
            36.75959
          ],
          [
            3.055788,
            36.759446
          ],
          [
            3.055676,
            36.759363
          ],
          [
            3.055507,
            36.759219
          ],
          [
            3.05533,
            36.759057
          ],
          [
            3.055131,
            36.759197
          ],
          [
            3.055013,
            36.759139
          ],
          [
            3.054914,
            36.7591
          ],
          [
            3.054726,
            36.759002
          ],
          [
            3.054415,
            36.758832
          ],
          [
            3.054308,
            36.758828
          ],
          [
            3.053822,
            36.758787
          ],
          [
            3.05368,
            36.758671
          ],
          [
            3.053584,
            36.758589
          ],
          [
            3.053484,
            36.758516
          ],
          [
            3.053318,
            36.758396
          ],
          [
            3.05305,
            36.758228
          ],
          [
            3.052948,
            36.758265
          ],
          [
            3.052707,
            36.75834
          ],
          [
            3.051956,
            36.758591
          ],
          [
            3.051478,
            36.758767
          ],
          [
            3.051277,
            36.758843
          ],
          [
            3.050934,
            36.759032
          ],
          [
            3.050416,
            36.759337
          ],
          [
            3.050336,
            36.759481
          ],
          [
            3.050333,
            36.759498
          ],
          [
            3.050325,
            36.759513
          ],
          [
            3.050309,
            36.759526
          ],
          [
            3.05029,
            36.759532
          ],
          [
            3.050268,
            36.759534
          ],
          [
            3.05025,
            36.75953
          ],
          [
            3.050231,
            36.759519
          ],
          [
            3.05022,
            36.759504
          ],
          [
            3.050215,
            36.759489
          ],
          [
            3.050218,
            36.75947
          ],
          [
            3.050228,
            36.759455
          ],
          [
            3.050226,
            36.759421
          ],
          [
            3.050239,
            36.759375
          ],
          [
            3.050258,
            36.759345
          ],
          [
            3.050287,
            36.759315
          ],
          [
            3.050837,
            36.758892
          ],
          [
            3.050872,
            36.758851
          ],
          [
            3.050899,
            36.758793
          ],
          [
            3.05091,
            36.758737
          ],
          [
            3.050926,
            36.758666
          ],
          [
            3.05095,
            36.758583
          ],
          [
            3.050979,
            36.758492
          ],
          [
            3.051028,
            36.758288
          ],
          [
            3.051057,
            36.758202
          ],
          [
            3.051095,
            36.758118
          ],
          [
            3.051148,
            36.758039
          ],
          [
            3.051191,
            36.757977
          ],
          [
            3.05129,
            36.757871
          ],
          [
            3.051408,
            36.757764
          ],
          [
            3.051532,
            36.757663
          ],
          [
            3.051628,
            36.757577
          ],
          [
            3.051687,
            36.757525
          ],
          [
            3.051746,
            36.757474
          ],
          [
            3.051843,
            36.757321
          ],
          [
            3.051929,
            36.75716
          ],
          [
            3.051966,
            36.757007
          ],
          [
            3.051961,
            36.756827
          ],
          [
            3.051939,
            36.756719
          ],
          [
            3.051905,
            36.756612
          ],
          [
            3.0518,
            36.756423
          ],
          [
            3.051674,
            36.75627
          ],
          [
            3.051489,
            36.756144
          ],
          [
            3.051382,
            36.756083
          ],
          [
            3.051258,
            36.756034
          ],
          [
            3.051044,
            36.755997
          ],
          [
            3.050794,
            36.755978
          ],
          [
            3.050486,
            36.756012
          ],
          [
            3.050207,
            36.756053
          ],
          [
            3.049775,
            36.756128
          ],
          [
            3.04944,
            36.756195
          ],
          [
            3.049155,
            36.756262
          ],
          [
            3.048777,
            36.756363
          ],
          [
            3.048182,
            36.756526
          ],
          [
            3.048002,
            36.756582
          ],
          [
            3.047833,
            36.756631
          ],
          [
            3.047584,
            36.7567
          ],
          [
            3.047297,
            36.756782
          ],
          [
            3.047152,
            36.756833
          ],
          [
            3.047042,
            36.756883
          ],
          [
            3.046886,
            36.756969
          ],
          [
            3.046733,
            36.757046
          ],
          [
            3.046564,
            36.757117
          ],
          [
            3.045974,
            36.757319
          ],
          [
            3.044732,
            36.757772
          ],
          [
            3.044633,
            36.757802
          ],
          [
            3.044569,
            36.757822
          ],
          [
            3.04451,
            36.757839
          ],
          [
            3.0444,
            36.757867
          ],
          [
            3.044279,
            36.757901
          ],
          [
            3.044158,
            36.757931
          ],
          [
            3.044089,
            36.757953
          ],
          [
            3.044022,
            36.757974
          ],
          [
            3.043818,
            36.758041
          ],
          [
            3.043654,
            36.758103
          ],
          [
            3.043536,
            36.758146
          ],
          [
            3.043434,
            36.758191
          ],
          [
            3.043338,
            36.758228
          ],
          [
            3.043222,
            36.758271
          ],
          [
            3.042992,
            36.758342
          ],
          [
            3.042874,
            36.758396
          ],
          [
            3.042707,
            36.758471
          ],
          [
            3.042648,
            36.758501
          ],
          [
            3.042533,
            36.758576
          ],
          [
            3.042453,
            36.758647
          ],
          [
            3.042393,
            36.758707
          ],
          [
            3.042343,
            36.758763
          ],
          [
            3.042289,
            36.758832
          ],
          [
            3.042235,
            36.758935
          ],
          [
            3.042171,
            36.759064
          ],
          [
            3.042139,
            36.759165
          ],
          [
            3.042123,
            36.759292
          ],
          [
            3.04212,
            36.759414
          ],
          [
            3.042112,
            36.759528
          ],
          [
            3.042152,
            36.759732
          ],
          [
            3.042235,
            36.759973
          ],
          [
            3.042332,
            36.760241
          ],
          [
            3.042399,
            36.760405
          ],
          [
            3.042485,
            36.76065
          ],
          [
            3.042501,
            36.760697
          ],
          [
            3.042589,
            36.760963
          ],
          [
            3.04264,
            36.761198
          ],
          [
            3.042648,
            36.761286
          ],
          [
            3.042646,
            36.761421
          ],
          [
            3.042621,
            36.761526
          ],
          [
            3.042576,
            36.761632
          ],
          [
            3.042466,
            36.761791
          ],
          [
            3.042364,
            36.761887
          ],
          [
            3.042243,
            36.761973
          ],
          [
            3.042066,
            36.762085
          ],
          [
            3.04183,
            36.762165
          ],
          [
            3.04168,
            36.76219
          ],
          [
            3.041495,
            36.762218
          ],
          [
            3.041272,
            36.762201
          ],
          [
            3.041058,
            36.762163
          ],
          [
            3.040921,
            36.762141
          ],
          [
            3.040792,
            36.762141
          ],
          [
            3.040682,
            36.762171
          ],
          [
            3.040586,
            36.762214
          ],
          [
            3.040497,
            36.762283
          ],
          [
            3.040425,
            36.762362
          ],
          [
            3.04039,
            36.762431
          ],
          [
            3.040358,
            36.762541
          ],
          [
            3.040309,
            36.762771
          ],
          [
            3.040285,
            36.76288
          ],
          [
            3.040232,
            36.762981
          ],
          [
            3.040159,
            36.763084
          ],
          [
            3.040079,
            36.763187
          ],
          [
            3.03911,
            36.764268
          ],
          [
            3.038936,
            36.764462
          ],
          [
            3.038885,
            36.764563
          ],
          [
            3.038856,
            36.764616
          ],
          [
            3.038842,
            36.764674
          ],
          [
            3.038845,
            36.764732
          ],
          [
            3.038866,
            36.76479
          ],
          [
            3.03896,
            36.764919
          ],
          [
            3.039301,
            36.765128
          ],
          [
            3.0394,
            36.765181
          ],
          [
            3.039639,
            36.765308
          ],
          [
            3.040057,
            36.765564
          ],
          [
            3.040283,
            36.765701
          ],
          [
            3.040366,
            36.765792
          ],
          [
            3.040441,
            36.765858
          ],
          [
            3.040551,
            36.766002
          ],
          [
            3.040639,
            36.766157
          ],
          [
            3.040685,
            36.766361
          ],
          [
            3.040666,
            36.766507
          ],
          [
            3.040618,
            36.766608
          ],
          [
            3.040572,
            36.766683
          ],
          [
            3.040497,
            36.766735
          ],
          [
            3.040406,
            36.766799
          ],
          [
            3.040285,
            36.766832
          ],
          [
            3.040199,
            36.766832
          ],
          [
            3.040116,
            36.766817
          ],
          [
            3.040039,
            36.766787
          ],
          [
            3.039813,
            36.766589
          ],
          [
            3.039518,
            36.766277
          ],
          [
            3.039199,
            36.765968
          ],
          [
            3.039025,
            36.765809
          ],
          [
            3.038882,
            36.765708
          ],
          [
            3.038695,
            36.765633
          ],
          [
            3.038539,
            36.765605
          ],
          [
            3.038362,
            36.765611
          ],
          [
            3.038231,
            36.765648
          ],
          [
            3.038123,
            36.765661
          ],
          [
            3.038059,
            36.765684
          ],
          [
            3.037976,
            36.765714
          ],
          [
            3.036536,
            36.76634
          ],
          [
            3.036029,
            36.766559
          ],
          [
            3.035712,
            36.766696
          ],
          [
            3.033641,
            36.767594
          ],
          [
            3.032721,
            36.767994
          ],
          [
            3.032676,
            36.768013
          ],
          [
            3.032392,
            36.768136
          ],
          [
            3.032088,
            36.768267
          ],
          [
            3.031804,
            36.768387
          ],
          [
            3.031482,
            36.768523
          ],
          [
            3.031236,
            36.768628
          ],
          [
            3.031008,
            36.768725
          ],
          [
            3.030723,
            36.768845
          ],
          [
            3.030667,
            36.768871
          ],
          [
            3.030806,
            36.769129
          ],
          [
            3.03083,
            36.769174
          ],
          [
            3.030865,
            36.769242
          ],
          [
            3.030887,
            36.769281
          ],
          [
            3.030881,
            36.769341
          ],
          [
            3.030871,
            36.769395
          ],
          [
            3.030841,
            36.769472
          ],
          [
            3.030817,
            36.769511
          ],
          [
            3.030761,
            36.76955
          ],
          [
            3.030069,
            36.769591
          ],
          [
            3.029645,
            36.769614
          ],
          [
            3.029559,
            36.769618
          ],
          [
            3.0295,
            36.769623
          ],
          [
            3.029286,
            36.769627
          ],
          [
            3.029218,
            36.769629
          ],
          [
            3.028996,
            36.769629
          ],
          [
            3.028068,
            36.769507
          ],
          [
            3.027741,
            36.769451
          ],
          [
            3.026855,
            36.769277
          ],
          [
            3.02633,
            36.769189
          ],
          [
            3.026067,
            36.769144
          ],
          [
            3.025032,
            36.76897
          ],
          [
            3.02468,
            36.768916
          ],
          [
            3.024517,
            36.768881
          ],
          [
            3.024463,
            36.768877
          ],
          [
            3.024417,
            36.768871
          ],
          [
            3.023532,
            36.768839
          ],
          [
            3.022644,
            36.768823
          ],
          [
            3.022449,
            36.768826
          ],
          [
            3.022341,
            36.768826
          ],
          [
            3.021797,
            36.768804
          ],
          [
            3.021665,
            36.768798
          ],
          [
            3.021566,
            36.768793
          ],
          [
            3.020732,
            36.768772
          ],
          [
            3.019917,
            36.768748
          ],
          [
            3.019292,
            36.768757
          ],
          [
            3.018278,
            36.768791
          ],
          [
            3.017795,
            36.768804
          ],
          [
            3.017551,
            36.768819
          ],
          [
            3.017041,
            36.76883
          ],
          [
            3.015612,
            36.768828
          ],
          [
            3.015547,
            36.768828
          ],
          [
            3.014568,
            36.768823
          ],
          [
            3.014415,
            36.768821
          ],
          [
            3.014061,
            36.768819
          ],
          [
            3.01397,
            36.768819
          ],
          [
            3.013847,
            36.768808
          ],
          [
            3.013807,
            36.768804
          ],
          [
            3.013581,
            36.768783
          ],
          [
            3.013474,
            36.768768
          ],
          [
            3.013372,
            36.768753
          ],
          [
            3.013275,
            36.768731
          ],
          [
            3.013182,
            36.76871
          ],
          [
            3.013077,
            36.76868
          ],
          [
            3.012873,
            36.768621
          ],
          [
            3.012758,
            36.768589
          ],
          [
            3.012637,
            36.768555
          ],
          [
            3.012321,
            36.768447
          ],
          [
            3.01198,
            36.768331
          ],
          [
            3.011897,
            36.768308
          ],
          [
            3.011819,
            36.768286
          ],
          [
            3.011776,
            36.768273
          ],
          [
            3.011733,
            36.768267
          ],
          [
            3.011666,
            36.768256
          ],
          [
            3.011596,
            36.768252
          ],
          [
            3.011532,
            36.76825
          ],
          [
            3.011473,
            36.768252
          ],
          [
            3.011417,
            36.768256
          ],
          [
            3.01125,
            36.768276
          ],
          [
            3.011084,
            36.768297
          ],
          [
            3.010518,
            36.768396
          ],
          [
            3.009837,
            36.768533
          ],
          [
            3.008673,
            36.768746
          ],
          [
            3.008453,
            36.768793
          ],
          [
            3.008324,
            36.76883
          ],
          [
            3.008273,
            36.768845
          ],
          [
            3.008072,
            36.768909
          ],
          [
            3.007849,
            36.768982
          ],
          [
            3.007656,
            36.769124
          ],
          [
            3.007603,
            36.769156
          ],
          [
            3.007546,
            36.769182
          ],
          [
            3.007404,
            36.76924
          ],
          [
            3.00713,
            36.769341
          ],
          [
            3.00693,
            36.769418
          ],
          [
            3.00697,
            36.769485
          ]
        ]
      },
      "properties": {
        "name": "1er Mai - Station de bus chevalley",
        "stroke": "#249CF2"
      }
    },
    {
      "type": "Feature",
      "geometry": {
        "type": "LineString",
        "coordinates": [
          [
            3.007493,
            36.768952
          ],
          [
            3.007538,
            36.768937
          ],
          [
            3.007589,
            36.768935
          ],
          [
            3.00764,
            36.768939
          ],
          [
            3.007691,
            36.768952
          ],
          [
            3.00793,
            36.768875
          ],
          [
            3.008246,
            36.76877
          ],
          [
            3.0083,
            36.768755
          ],
          [
            3.008418,
            36.76871
          ],
          [
            3.008544,
            36.768669
          ],
          [
            3.008622,
            36.768647
          ],
          [
            3.0087,
            36.768628
          ],
          [
            3.008844,
            36.768596
          ],
          [
            3.009126,
            36.768542
          ],
          [
            3.009413,
            36.768486
          ],
          [
            3.009657,
            36.768439
          ],
          [
            3.009705,
            36.768428
          ],
          [
            3.009746,
            36.768417
          ],
          [
            3.009815,
            36.768396
          ],
          [
            3.009834,
            36.768392
          ],
          [
            3.009858,
            36.768385
          ],
          [
            3.009893,
            36.768379
          ],
          [
            3.009936,
            36.768349
          ],
          [
            3.009976,
            36.768323
          ],
          [
            3.010014,
            36.768308
          ],
          [
            3.010078,
            36.768295
          ],
          [
            3.010145,
            36.768293
          ],
          [
            3.010196,
            36.768299
          ],
          [
            3.010242,
            36.768312
          ],
          [
            3.010274,
            36.768329
          ],
          [
            3.010296,
            36.768359
          ],
          [
            3.010306,
            36.768387
          ],
          [
            3.010314,
            36.76842
          ],
          [
            3.01032,
            36.768452
          ],
          [
            3.01032,
            36.76848
          ],
          [
            3.010314,
            36.768508
          ],
          [
            3.010376,
            36.768536
          ],
          [
            3.010438,
            36.768563
          ],
          [
            3.010462,
            36.768576
          ],
          [
            3.010497,
            36.768598
          ],
          [
            3.010574,
            36.768645
          ],
          [
            3.010625,
            36.768682
          ],
          [
            3.010684,
            36.768722
          ],
          [
            3.010778,
            36.7688
          ],
          [
            3.010883,
            36.768881
          ],
          [
            3.011014,
            36.76898
          ],
          [
            3.011124,
            36.769066
          ],
          [
            3.01135,
            36.769225
          ],
          [
            3.011583,
            36.769386
          ],
          [
            3.011752,
            36.769511
          ],
          [
            3.01191,
            36.769638
          ],
          [
            3.012031,
            36.769756
          ],
          [
            3.0122,
            36.769898
          ],
          [
            3.012315,
            36.769999
          ],
          [
            3.012406,
            36.770055
          ],
          [
            3.012482,
            36.770095
          ],
          [
            3.012581,
            36.770151
          ],
          [
            3.012787,
            36.77025
          ],
          [
            3.012964,
            36.770327
          ],
          [
            3.013085,
            36.770375
          ],
          [
            3.013216,
            36.77042
          ],
          [
            3.01338,
            36.770463
          ],
          [
            3.013509,
            36.770489
          ],
          [
            3.013611,
            36.77051
          ],
          [
            3.014238,
            36.770639
          ],
          [
            3.01493,
            36.770779
          ],
          [
            3.015319,
            36.77085
          ],
          [
            3.015748,
            36.770936
          ],
          [
            3.016202,
            36.771026
          ],
          [
            3.016322,
            36.771049
          ],
          [
            3.01643,
            36.771073
          ],
          [
            3.016516,
            36.771099
          ],
          [
            3.016593,
            36.771122
          ],
          [
            3.016693,
            36.771161
          ],
          [
            3.016794,
            36.771204
          ],
          [
            3.016926,
            36.771264
          ],
          [
            3.017068,
            36.771342
          ],
          [
            3.017173,
            36.771412
          ],
          [
            3.017264,
            36.771481
          ],
          [
            3.017478,
            36.77167
          ],
          [
            3.017889,
            36.772053
          ],
          [
            3.017993,
            36.772134
          ],
          [
            3.018079,
            36.772201
          ],
          [
            3.018168,
            36.772259
          ],
          [
            3.018238,
            36.772298
          ],
          [
            3.018307,
            36.772332
          ],
          [
            3.018361,
            36.77236
          ],
          [
            3.018431,
            36.77239
          ],
          [
            3.018533,
            36.772433
          ],
          [
            3.018653,
            36.772476
          ],
          [
            3.018771,
            36.772508
          ],
          [
            3.018954,
            36.772549
          ],
          [
            3.019061,
            36.772568
          ],
          [
            3.019163,
            36.772583
          ],
          [
            3.019337,
            36.772598
          ],
          [
            3.019512,
            36.772609
          ],
          [
            3.019914,
            36.772622
          ],
          [
            3.020512,
            36.772646
          ],
          [
            3.021129,
            36.772661
          ],
          [
            3.021596,
            36.772659
          ],
          [
            3.021859,
            36.77265
          ],
          [
            3.022357,
            36.772635
          ],
          [
            3.022655,
            36.772637
          ],
          [
            3.022738,
            36.772631
          ],
          [
            3.022856,
            36.772594
          ],
          [
            3.022972,
            36.772547
          ],
          [
            3.023154,
            36.772448
          ],
          [
            3.023251,
            36.772399
          ],
          [
            3.023669,
            36.772203
          ],
          [
            3.023719,
            36.772187
          ],
          [
            3.023707,
            36.772163
          ],
          [
            3.023719,
            36.772187
          ],
          [
            3.023744,
            36.77218
          ],
          [
            3.023873,
            36.772143
          ],
          [
            3.023985,
            36.772121
          ],
          [
            3.024205,
            36.772113
          ],
          [
            3.024248,
            36.772164
          ],
          [
            3.024286,
            36.77222
          ],
          [
            3.024318,
            36.772285
          ],
          [
            3.02434,
            36.772338
          ],
          [
            3.024401,
            36.77233
          ],
          [
            3.024538,
            36.772311
          ],
          [
            3.024728,
            36.772311
          ],
          [
            3.024989,
            36.772319
          ],
          [
            3.025214,
            36.772326
          ],
          [
            3.025895,
            36.772435
          ],
          [
            3.026276,
            36.772491
          ],
          [
            3.026491,
            36.772504
          ],
          [
            3.026673,
            36.772493
          ],
          [
            3.026837,
            36.772476
          ],
          [
            3.027105,
            36.772422
          ],
          [
            3.027258,
            36.772394
          ],
          [
            3.027389,
            36.772364
          ],
          [
            3.027542,
            36.772323
          ],
          [
            3.027676,
            36.772285
          ],
          [
            3.028001,
            36.772186
          ],
          [
            3.028438,
            36.771999
          ],
          [
            3.029151,
            36.771672
          ],
          [
            3.029224,
            36.771645
          ],
          [
            3.029296,
            36.771619
          ],
          [
            3.029433,
            36.771587
          ],
          [
            3.029656,
            36.771559
          ],
          [
            3.029752,
            36.771559
          ],
          [
            3.029849,
            36.771565
          ],
          [
            3.02994,
            36.771574
          ],
          [
            3.030029,
            36.771591
          ],
          [
            3.030136,
            36.771623
          ],
          [
            3.030334,
            36.771707
          ],
          [
            3.030538,
            36.77181
          ],
          [
            3.030769,
            36.771941
          ],
          [
            3.030983,
            36.772063
          ],
          [
            3.031088,
            36.772111
          ],
          [
            3.031195,
            36.772149
          ],
          [
            3.031345,
            36.77219
          ],
          [
            3.031439,
            36.772214
          ],
          [
            3.031539,
            36.772231
          ],
          [
            3.031651,
            36.772238
          ],
          [
            3.031769,
            36.77224
          ],
          [
            3.032008,
            36.772233
          ],
          [
            3.032223,
            36.772231
          ],
          [
            3.032341,
            36.772227
          ],
          [
            3.03248,
            36.772235
          ],
          [
            3.032585,
            36.77225
          ],
          [
            3.032705,
            36.772272
          ],
          [
            3.032821,
            36.772302
          ],
          [
            3.032931,
            36.772332
          ],
          [
            3.033062,
            36.772388
          ],
          [
            3.033188,
            36.772448
          ],
          [
            3.03332,
            36.772515
          ],
          [
            3.033459,
            36.772601
          ],
          [
            3.033593,
            36.772712
          ],
          [
            3.0338,
            36.772942
          ],
          [
            3.03424,
            36.773471
          ],
          [
            3.03428,
            36.773527
          ],
          [
            3.034513,
            36.773857
          ],
          [
            3.034572,
            36.773911
          ],
          [
            3.034631,
            36.773961
          ],
          [
            3.034712,
            36.774029
          ],
          [
            3.034789,
            36.774109
          ],
          [
            3.034875,
            36.774169
          ],
          [
            3.034932,
            36.77419
          ],
          [
            3.034983,
            36.774206
          ],
          [
            3.035055,
            36.774236
          ],
          [
            3.035146,
            36.774261
          ],
          [
            3.03524,
            36.774287
          ],
          [
            3.035479,
            36.774354
          ],
          [
            3.035744,
            36.774483
          ],
          [
            3.035833,
            36.774523
          ],
          [
            3.03587,
            36.774547
          ],
          [
            3.035897,
            36.774569
          ],
          [
            3.035916,
            36.774594
          ],
          [
            3.036021,
            36.774747
          ],
          [
            3.03616,
            36.774968
          ],
          [
            3.036241,
            36.775112
          ],
          [
            3.036332,
            36.775267
          ],
          [
            3.036409,
            36.775394
          ],
          [
            3.036468,
            36.775473
          ],
          [
            3.036528,
            36.775538
          ],
          [
            3.036589,
            36.775596
          ],
          [
            3.036656,
            36.775647
          ],
          [
            3.036833,
            36.775778
          ],
          [
            3.03708,
            36.775944
          ],
          [
            3.037198,
            36.776032
          ],
          [
            3.037297,
            36.776118
          ],
          [
            3.037338,
            36.776165
          ],
          [
            3.037391,
            36.776238
          ],
          [
            3.03745,
            36.776335
          ],
          [
            3.037477,
            36.776406
          ],
          [
            3.037504,
            36.776494
          ],
          [
            3.037525,
            36.776595
          ],
          [
            3.037574,
            36.776865
          ],
          [
            3.037662,
            36.777368
          ],
          [
            3.037686,
            36.777471
          ],
          [
            3.03771,
            36.777561
          ],
          [
            3.03774,
            36.777652
          ],
          [
            3.03778,
            36.777761
          ],
          [
            3.037828,
            36.777864
          ],
          [
            3.037887,
            36.777959
          ],
          [
            3.03796,
            36.778043
          ],
          [
            3.038075,
            36.77815
          ],
          [
            3.03818,
            36.778229
          ],
          [
            3.038274,
            36.778294
          ],
          [
            3.038376,
            36.778348
          ],
          [
            3.038486,
            36.778406
          ],
          [
            3.038579,
            36.778457
          ],
          [
            3.038762,
            36.778552
          ],
          [
            3.038912,
            36.778661
          ],
          [
            3.039156,
            36.778885
          ],
          [
            3.03936,
            36.779072
          ],
          [
            3.03943,
            36.779147
          ],
          [
            3.039497,
            36.779237
          ],
          [
            3.039698,
            36.779609
          ],
          [
            3.039899,
            36.779961
          ],
          [
            3.040283,
            36.780603
          ],
          [
            3.040489,
            36.780947
          ],
          [
            3.040554,
            36.78105
          ],
          [
            3.040623,
            36.781151
          ],
          [
            3.040838,
            36.781422
          ],
          [
            3.041004,
            36.781643
          ],
          [
            3.041122,
            36.781811
          ],
          [
            3.041187,
            36.781909
          ],
          [
            3.041248,
            36.782008
          ],
          [
            3.041286,
            36.782086
          ],
          [
            3.041323,
            36.782172
          ],
          [
            3.04135,
            36.782247
          ],
          [
            3.041374,
            36.782322
          ],
          [
            3.041465,
            36.782679
          ],
          [
            3.041541,
            36.782971
          ],
          [
            3.041581,
            36.783082
          ],
          [
            3.041645,
            36.783248
          ],
          [
            3.041669,
            36.783297
          ],
          [
            3.041696,
            36.783344
          ],
          [
            3.041811,
            36.783523
          ],
          [
            3.041876,
            36.783607
          ],
          [
            3.04198,
            36.783718
          ],
          [
            3.042176,
            36.783916
          ],
          [
            3.042412,
            36.784178
          ],
          [
            3.042544,
            36.784343
          ],
          [
            3.042603,
            36.784425
          ],
          [
            3.042651,
            36.784515
          ],
          [
            3.042683,
            36.784593
          ],
          [
            3.042726,
            36.784683
          ],
          [
            3.042761,
            36.784773
          ],
          [
            3.04278,
            36.784855
          ],
          [
            3.042793,
            36.78493
          ],
          [
            3.042817,
            36.785145
          ],
          [
            3.042825,
            36.785295
          ],
          [
            3.042828,
            36.785385
          ],
          [
            3.042828,
            36.785439
          ],
          [
            3.042831,
            36.785682
          ],
          [
            3.042841,
            36.786294
          ],
          [
            3.042849,
            36.786749
          ],
          [
            3.042855,
            36.787112
          ],
          [
            3.042858,
            36.787243
          ],
          [
            3.042866,
            36.787299
          ],
          [
            3.042876,
            36.787351
          ],
          [
            3.0429,
            36.787413
          ],
          [
            3.042925,
            36.787458
          ],
          [
            3.042959,
            36.787508
          ],
          [
            3.043013,
            36.78757
          ],
          [
            3.043077,
            36.787628
          ],
          [
            3.043142,
            36.787682
          ],
          [
            3.043198,
            36.787729
          ],
          [
            3.043327,
            36.787821
          ],
          [
            3.043421,
            36.787888
          ],
          [
            3.043496,
            36.787935
          ],
          [
            3.043576,
            36.787976
          ],
          [
            3.043635,
            36.787999
          ],
          [
            3.043702,
            36.788015
          ],
          [
            3.043786,
            36.788023
          ],
          [
            3.043871,
            36.788019
          ],
          [
            3.043957,
            36.78801
          ],
          [
            3.044046,
            36.787993
          ],
          [
            3.044824,
            36.787828
          ],
          [
            3.044891,
            36.787817
          ],
          [
            3.044963,
            36.787802
          ],
          [
            3.045019,
            36.787791
          ],
          [
            3.045078,
            36.787778
          ],
          [
            3.045105,
            36.787765
          ],
          [
            3.045137,
            36.78775
          ],
          [
            3.045175,
            36.787746
          ],
          [
            3.045213,
            36.78775
          ],
          [
            3.045245,
            36.787763
          ],
          [
            3.045274,
            36.787783
          ],
          [
            3.04529,
            36.787808
          ],
          [
            3.045298,
            36.787836
          ],
          [
            3.045296,
            36.787864
          ],
          [
            3.045282,
            36.78789
          ],
          [
            3.045261,
            36.787914
          ],
          [
            3.045231,
            36.787931
          ],
          [
            3.045411,
            36.787995
          ],
          [
            3.045626,
            36.78807
          ],
          [
            3.04569,
            36.788098
          ],
          [
            3.045757,
            36.788131
          ],
          [
            3.045843,
            36.788193
          ],
          [
            3.046114,
            36.788382
          ],
          [
            3.046304,
            36.788577
          ],
          [
            3.046441,
            36.788747
          ],
          [
            3.046859,
            36.78925
          ],
          [
            3.047074,
            36.789488
          ],
          [
            3.047621,
            36.79012
          ],
          [
            3.047763,
            36.790279
          ],
          [
            3.047975,
            36.790506
          ],
          [
            3.04804,
            36.790571
          ],
          [
            3.048125,
            36.790768
          ],
          [
            3.048182,
            36.790895
          ],
          [
            3.048278,
            36.791048
          ],
          [
            3.048308,
            36.791103
          ],
          [
            3.048324,
            36.791148
          ],
          [
            3.048337,
            36.791331
          ],
          [
            3.048498,
            36.791941
          ],
          [
            3.048659,
            36.792566
          ],
          [
            3.048665,
            36.792661
          ],
          [
            3.048817,
            36.792686
          ],
          [
            3.048943,
            36.792755
          ],
          [
            3.049182,
            36.792886
          ],
          [
            3.049276,
            36.792936
          ],
          [
            3.049407,
            36.793
          ],
          [
            3.049477,
            36.793024
          ],
          [
            3.049941,
            36.793077
          ],
          [
            3.050065,
            36.793092
          ],
          [
            3.050247,
            36.793114
          ],
          [
            3.050483,
            36.793142
          ],
          [
            3.050652,
            36.793172
          ],
          [
            3.050759,
            36.793208
          ],
          [
            3.050877,
            36.793262
          ],
          [
            3.050952,
            36.793314
          ],
          [
            3.051634,
            36.793866
          ],
          [
            3.051998,
            36.794162
          ],
          [
            3.052331,
            36.794428
          ],
          [
            3.052685,
            36.794162
          ],
          [
            3.052865,
            36.79402
          ],
          [
            3.052916,
            36.793984
          ],
          [
            3.053133,
            36.793788
          ],
          [
            3.053391,
            36.79358
          ],
          [
            3.0536,
            36.793451
          ],
          [
            3.053659,
            36.793421
          ],
          [
            3.053723,
            36.793393
          ],
          [
            3.054099,
            36.793228
          ],
          [
            3.054179,
            36.793193
          ],
          [
            3.054257,
            36.793159
          ],
          [
            3.055169,
            36.792762
          ],
          [
            3.055239,
            36.792729
          ],
          [
            3.05533,
            36.792697
          ],
          [
            3.055547,
            36.792633
          ],
          [
            3.055904,
            36.79253
          ],
          [
            3.055968,
            36.79251
          ],
          [
            3.056097,
            36.792474
          ],
          [
            3.056644,
            36.792315
          ],
          [
            3.056837,
            36.79225
          ],
          [
            3.057746,
            36.791838
          ],
          [
            3.057864,
            36.791784
          ],
          [
            3.058025,
            36.791711
          ],
          [
            3.058125,
            36.791666
          ],
          [
            3.05842,
            36.791522
          ],
          [
            3.058951,
            36.791264
          ],
          [
            3.059479,
            36.791007
          ],
          [
            3.060549,
            36.790547
          ],
          [
            3.061129,
            36.790296
          ],
          [
            3.06148,
            36.790148
          ],
          [
            3.061504,
            36.790137
          ],
          [
            3.061606,
            36.790085
          ],
          [
            3.061703,
            36.790025
          ],
          [
            3.061882,
            36.789892
          ],
          [
            3.062494,
            36.789338
          ],
          [
            3.062585,
            36.789196
          ],
          [
            3.062623,
            36.789121
          ],
          [
            3.062652,
            36.789065
          ],
          [
            3.062692,
            36.788953
          ],
          [
            3.062765,
            36.78865
          ],
          [
            3.062845,
            36.788292
          ],
          [
            3.062875,
            36.788189
          ],
          [
            3.063014,
            36.787551
          ],
          [
            3.063103,
            36.787119
          ],
          [
            3.063205,
            36.786661
          ],
          [
            3.063253,
            36.78641
          ],
          [
            3.063274,
            36.786305
          ],
          [
            3.063205,
            36.786294
          ],
          [
            3.062797,
            36.786232
          ],
          [
            3.062792,
            36.786208
          ],
          [
            3.062792,
            36.786193
          ],
          [
            3.062792,
            36.786178
          ],
          [
            3.062797,
            36.786137
          ],
          [
            3.062843,
            36.785914
          ],
          [
            3.062848,
            36.785879
          ],
          [
            3.062853,
            36.785845
          ],
          [
            3.062853,
            36.785796
          ],
          [
            3.062827,
            36.785793
          ]
        ]
      },
      "properties": {
        "name": "Chevalley - Place des Martyrs",
        "stroke": "#E51B23",
        "description": "L58"
      }
    },
    {
      "type": "Feature",
      "geometry": {
        "type": "LineString",
        "coordinates": [
          [
            3.062827,
            36.785793
          ],
          [
            3.062853,
            36.785793
          ],
          [
            3.062853,
            36.785748
          ],
          [
            3.062851,
            36.785727
          ],
          [
            3.062837,
            36.785662
          ],
          [
            3.062829,
            36.785628
          ],
          [
            3.062789,
            36.785415
          ],
          [
            3.062776,
            36.785351
          ],
          [
            3.062768,
            36.785323
          ],
          [
            3.062757,
            36.785284
          ],
          [
            3.06273,
            36.785211
          ],
          [
            3.062722,
            36.785181
          ],
          [
            3.062711,
            36.78516
          ],
          [
            3.062709,
            36.785149
          ],
          [
            3.062709,
            36.785138
          ],
          [
            3.062706,
            36.78511
          ],
          [
            3.062706,
            36.785087
          ],
          [
            3.062714,
            36.785061
          ],
          [
            3.062757,
            36.784949
          ],
          [
            3.062819,
            36.784782
          ],
          [
            3.062856,
            36.784681
          ],
          [
            3.062886,
            36.784629
          ],
          [
            3.062904,
            36.784601
          ],
          [
            3.062915,
            36.784588
          ],
          [
            3.062926,
            36.784573
          ],
          [
            3.062945,
            36.784558
          ],
          [
            3.062969,
            36.784541
          ],
          [
            3.062993,
            36.784522
          ],
          [
            3.063004,
            36.784513
          ],
          [
            3.063017,
            36.784507
          ],
          [
            3.06303,
            36.784502
          ],
          [
            3.063047,
            36.784498
          ],
          [
            3.063073,
            36.784496
          ],
          [
            3.063084,
            36.784498
          ],
          [
            3.063095,
            36.784498
          ],
          [
            3.063111,
            36.784505
          ],
          [
            3.063124,
            36.784511
          ],
          [
            3.063162,
            36.784528
          ],
          [
            3.063205,
            36.784547
          ],
          [
            3.063237,
            36.784556
          ],
          [
            3.063283,
            36.784567
          ],
          [
            3.063312,
            36.784573
          ],
          [
            3.063342,
            36.784582
          ],
          [
            3.063366,
            36.784597
          ],
          [
            3.063462,
            36.784648
          ],
          [
            3.063425,
            36.784704
          ],
          [
            3.06336,
            36.784805
          ],
          [
            3.063344,
            36.78484
          ],
          [
            3.063331,
            36.784872
          ],
          [
            3.063317,
            36.784904
          ],
          [
            3.063307,
            36.784945
          ],
          [
            3.063301,
            36.784964
          ],
          [
            3.063299,
            36.784984
          ],
          [
            3.063296,
            36.785001
          ],
          [
            3.063293,
            36.785018
          ],
          [
            3.063293,
            36.785029
          ],
          [
            3.063293,
            36.785044
          ],
          [
            3.063293,
            36.785059
          ],
          [
            3.063296,
            36.785074
          ],
          [
            3.063299,
            36.785093
          ],
          [
            3.063304,
            36.785115
          ],
          [
            3.063317,
            36.785162
          ],
          [
            3.063328,
            36.785188
          ],
          [
            3.06343,
            36.785471
          ],
          [
            3.06346,
            36.785553
          ],
          [
            3.063473,
            36.785594
          ],
          [
            3.063486,
            36.785669
          ],
          [
            3.063489,
            36.785692
          ],
          [
            3.063489,
            36.785716
          ],
          [
            3.063489,
            36.78577
          ],
          [
            3.063486,
            36.7858
          ],
          [
            3.063476,
            36.785862
          ],
          [
            3.063414,
            36.786156
          ],
          [
            3.063226,
            36.787134
          ],
          [
            3.063213,
            36.787205
          ],
          [
            3.063001,
            36.788156
          ],
          [
            3.062875,
            36.788189
          ],
          [
            3.062765,
            36.788219
          ],
          [
            3.062349,
            36.788326
          ],
          [
            3.062202,
            36.788375
          ],
          [
            3.062161,
            36.788388
          ],
          [
            3.062035,
            36.788446
          ],
          [
            3.061941,
            36.788498
          ],
          [
            3.061805,
            36.788605
          ],
          [
            3.061448,
            36.78896
          ],
          [
            3.061255,
            36.789174
          ],
          [
            3.061059,
            36.78931
          ],
          [
            3.060871,
            36.789398
          ],
          [
            3.06082,
            36.789419
          ],
          [
            3.060431,
            36.789591
          ],
          [
            3.059991,
            36.789791
          ],
          [
            3.058935,
            36.790264
          ],
          [
            3.058404,
            36.7905
          ],
          [
            3.058146,
            36.790616
          ],
          [
            3.057864,
            36.79074
          ],
          [
            3.057894,
            36.790766
          ],
          [
            3.058127,
            36.791108
          ],
          [
            3.058251,
            36.79129
          ],
          [
            3.05842,
            36.791522
          ],
          [
            3.058125,
            36.791666
          ],
          [
            3.058025,
            36.791711
          ],
          [
            3.057864,
            36.791784
          ],
          [
            3.057746,
            36.791838
          ],
          [
            3.056837,
            36.79225
          ],
          [
            3.056644,
            36.792315
          ],
          [
            3.056097,
            36.792474
          ],
          [
            3.055968,
            36.79251
          ],
          [
            3.055904,
            36.79253
          ],
          [
            3.055547,
            36.792633
          ],
          [
            3.05533,
            36.792697
          ],
          [
            3.055239,
            36.792729
          ],
          [
            3.055169,
            36.792762
          ],
          [
            3.054257,
            36.793159
          ],
          [
            3.054246,
            36.793232
          ],
          [
            3.05423,
            36.793269
          ],
          [
            3.054198,
            36.793292
          ],
          [
            3.054128,
            36.793329
          ],
          [
            3.053766,
            36.7935
          ],
          [
            3.053662,
            36.793562
          ],
          [
            3.053653,
            36.793552
          ],
          [
            3.053662,
            36.793562
          ],
          [
            3.053645,
            36.793571
          ],
          [
            3.053396,
            36.793771
          ],
          [
            3.053332,
            36.793821
          ],
          [
            3.053264,
            36.793844
          ],
          [
            3.053133,
            36.793788
          ],
          [
            3.053055,
            36.794046
          ],
          [
            3.053058,
            36.794194
          ],
          [
            3.053104,
            36.794312
          ],
          [
            3.053141,
            36.794426
          ],
          [
            3.053385,
            36.794995
          ],
          [
            3.053404,
            36.795038
          ],
          [
            3.053543,
            36.795404
          ],
          [
            3.053538,
            36.795573
          ],
          [
            3.053442,
            36.795743
          ],
          [
            3.053302,
            36.795876
          ],
          [
            3.05276,
            36.79634
          ],
          [
            3.052248,
            36.796694
          ],
          [
            3.051886,
            36.796791
          ],
          [
            3.051682,
            36.796838
          ],
          [
            3.051441,
            36.796845
          ],
          [
            3.051392,
            36.796587
          ],
          [
            3.051352,
            36.796398
          ],
          [
            3.05128,
            36.796138
          ],
          [
            3.051253,
            36.79596
          ],
          [
            3.051242,
            36.795734
          ],
          [
            3.051347,
            36.79556
          ],
          [
            3.051671,
            36.79501
          ],
          [
            3.051942,
            36.794774
          ],
          [
            3.052165,
            36.794577
          ],
          [
            3.052261,
            36.794482
          ],
          [
            3.050856,
            36.793391
          ],
          [
            3.050775,
            36.793331
          ],
          [
            3.050703,
            36.79329
          ],
          [
            3.050617,
            36.793256
          ],
          [
            3.050515,
            36.793223
          ],
          [
            3.050445,
            36.793208
          ],
          [
            3.050405,
            36.7932
          ],
          [
            3.049981,
            36.793157
          ],
          [
            3.049901,
            36.793148
          ],
          [
            3.04948,
            36.793105
          ],
          [
            3.049383,
            36.793075
          ],
          [
            3.048903,
            36.792817
          ],
          [
            3.04874,
            36.792732
          ],
          [
            3.048665,
            36.792661
          ],
          [
            3.048659,
            36.792566
          ],
          [
            3.048498,
            36.791941
          ],
          [
            3.048337,
            36.791331
          ],
          [
            3.048324,
            36.791148
          ],
          [
            3.048308,
            36.791103
          ],
          [
            3.048278,
            36.791048
          ],
          [
            3.048182,
            36.790895
          ],
          [
            3.048125,
            36.790768
          ],
          [
            3.04804,
            36.790571
          ],
          [
            3.047975,
            36.790506
          ],
          [
            3.047763,
            36.790279
          ],
          [
            3.047621,
            36.79012
          ],
          [
            3.047584,
            36.790137
          ],
          [
            3.047621,
            36.79012
          ],
          [
            3.047074,
            36.789488
          ],
          [
            3.046859,
            36.78925
          ],
          [
            3.046441,
            36.788747
          ],
          [
            3.046304,
            36.788577
          ],
          [
            3.046114,
            36.788382
          ],
          [
            3.045843,
            36.788193
          ],
          [
            3.045757,
            36.788131
          ],
          [
            3.04569,
            36.788098
          ],
          [
            3.045626,
            36.78807
          ],
          [
            3.045411,
            36.787995
          ],
          [
            3.045231,
            36.787931
          ],
          [
            3.045194,
            36.787939
          ],
          [
            3.045156,
            36.787939
          ],
          [
            3.045105,
            36.787937
          ],
          [
            3.045068,
            36.787916
          ],
          [
            3.045011,
            36.78792
          ],
          [
            3.044955,
            36.787926
          ],
          [
            3.044901,
            36.787935
          ],
          [
            3.04485,
            36.787944
          ],
          [
            3.044698,
            36.787972
          ],
          [
            3.043979,
            36.788135
          ],
          [
            3.043855,
            36.788148
          ],
          [
            3.043737,
            36.78815
          ],
          [
            3.043657,
            36.788141
          ],
          [
            3.043574,
            36.788124
          ],
          [
            3.043509,
            36.7881
          ],
          [
            3.043456,
            36.788073
          ],
          [
            3.043354,
            36.78801
          ],
          [
            3.043037,
            36.787759
          ],
          [
            3.04297,
            36.787703
          ],
          [
            3.0429,
            36.787634
          ],
          [
            3.042849,
            36.787576
          ],
          [
            3.04278,
            36.787484
          ],
          [
            3.042748,
            36.787422
          ],
          [
            3.042731,
            36.787364
          ],
          [
            3.042723,
            36.787306
          ],
          [
            3.042721,
            36.787248
          ],
          [
            3.042721,
            36.787185
          ],
          [
            3.042715,
            36.786945
          ],
          [
            3.04271,
            36.786814
          ],
          [
            3.042689,
            36.785692
          ],
          [
            3.04268,
            36.785448
          ],
          [
            3.042678,
            36.785396
          ],
          [
            3.04267,
            36.785216
          ],
          [
            3.042664,
            36.78514
          ],
          [
            3.042654,
            36.785063
          ],
          [
            3.042638,
            36.784962
          ],
          [
            3.042616,
            36.784863
          ],
          [
            3.042597,
            36.78481
          ],
          [
            3.042571,
            36.784747
          ],
          [
            3.042536,
            36.784661
          ],
          [
            3.042482,
            36.784545
          ],
          [
            3.04242,
            36.784444
          ],
          [
            3.042367,
            36.784361
          ],
          [
            3.042316,
            36.784292
          ],
          [
            3.042259,
            36.784219
          ],
          [
            3.04219,
            36.784144
          ],
          [
            3.04182,
            36.783759
          ],
          [
            3.041715,
            36.783641
          ],
          [
            3.041629,
            36.783521
          ],
          [
            3.041583,
            36.783452
          ],
          [
            3.041516,
            36.783336
          ],
          [
            3.041476,
            36.783246
          ],
          [
            3.041447,
            36.783164
          ],
          [
            3.041382,
            36.782958
          ],
          [
            3.041256,
            36.782494
          ],
          [
            3.0412,
            36.7823
          ],
          [
            3.041157,
            36.782187
          ],
          [
            3.041106,
            36.782079
          ],
          [
            3.041055,
            36.781983
          ],
          [
            3.040993,
            36.781886
          ],
          [
            3.040918,
            36.781785
          ],
          [
            3.040768,
            36.781583
          ],
          [
            3.040696,
            36.781491
          ],
          [
            3.040551,
            36.781297
          ],
          [
            3.040422,
            36.781112
          ],
          [
            3.040253,
            36.780855
          ],
          [
            3.039746,
            36.779993
          ],
          [
            3.039642,
            36.779815
          ],
          [
            3.039357,
            36.779329
          ],
          [
            3.039271,
            36.779213
          ],
          [
            3.03921,
            36.779136
          ],
          [
            3.039164,
            36.779082
          ],
          [
            3.039011,
            36.778921
          ],
          [
            3.038869,
            36.778792
          ],
          [
            3.038794,
            36.77873
          ],
          [
            3.038676,
            36.778644
          ],
          [
            3.038196,
            36.77838
          ],
          [
            3.038156,
            36.778356
          ],
          [
            3.038019,
            36.778281
          ],
          [
            3.037936,
            36.778236
          ],
          [
            3.037858,
            36.77818
          ],
          [
            3.037775,
            36.778083
          ],
          [
            3.037724,
            36.778002
          ],
          [
            3.037675,
            36.77792
          ],
          [
            3.037638,
            36.777834
          ],
          [
            3.037603,
            36.777725
          ],
          [
            3.037525,
            36.777379
          ],
          [
            3.037501,
            36.777233
          ],
          [
            3.037456,
            36.77696
          ],
          [
            3.037429,
            36.77679
          ],
          [
            3.037388,
            36.776595
          ],
          [
            3.037351,
            36.776494
          ],
          [
            3.037329,
            36.77644
          ],
          [
            3.037308,
            36.776397
          ],
          [
            3.037276,
            36.776343
          ],
          [
            3.037254,
            36.776309
          ],
          [
            3.037228,
            36.77627
          ],
          [
            3.037182,
            36.776223
          ],
          [
            3.037144,
            36.776191
          ],
          [
            3.037102,
            36.776154
          ],
          [
            3.037042,
            36.776107
          ],
          [
            3.036882,
            36.775989
          ],
          [
            3.036552,
            36.775733
          ],
          [
            3.036474,
            36.775649
          ],
          [
            3.036444,
            36.775615
          ],
          [
            3.036385,
            36.775555
          ],
          [
            3.036337,
            36.775495
          ],
          [
            3.036294,
            36.77543
          ],
          [
            3.036055,
            36.775005
          ],
          [
            3.035913,
            36.774758
          ],
          [
            3.035809,
            36.774637
          ],
          [
            3.03575,
            36.774588
          ],
          [
            3.035675,
            36.774541
          ],
          [
            3.035618,
            36.774502
          ],
          [
            3.035567,
            36.774468
          ],
          [
            3.035487,
            36.774435
          ],
          [
            3.035382,
            36.774401
          ],
          [
            3.035294,
            36.77438
          ],
          [
            3.035186,
            36.77436
          ],
          [
            3.035017,
            36.774319
          ],
          [
            3.034873,
            36.774274
          ],
          [
            3.034797,
            36.774244
          ],
          [
            3.034736,
            36.774199
          ],
          [
            3.034658,
            36.774148
          ],
          [
            3.034607,
            36.774105
          ],
          [
            3.03454,
            36.774036
          ],
          [
            3.034462,
            36.773924
          ],
          [
            3.034374,
            36.773819
          ],
          [
            3.034296,
            36.773716
          ],
          [
            3.033859,
            36.773189
          ],
          [
            3.033588,
            36.77288
          ],
          [
            3.033494,
            36.772783
          ],
          [
            3.033416,
            36.772717
          ],
          [
            3.033306,
            36.772639
          ],
          [
            3.033196,
            36.772575
          ],
          [
            3.033097,
            36.772523
          ],
          [
            3.032915,
            36.772439
          ],
          [
            3.032805,
            36.772397
          ],
          [
            3.032721,
            36.772373
          ],
          [
            3.032649,
            36.772358
          ],
          [
            3.032582,
            36.772349
          ],
          [
            3.032507,
            36.772341
          ],
          [
            3.032359,
            36.772332
          ],
          [
            3.032228,
            36.77233
          ],
          [
            3.031901,
            36.772332
          ],
          [
            3.031675,
            36.77233
          ],
          [
            3.03152,
            36.772323
          ],
          [
            3.031396,
            36.772302
          ],
          [
            3.031273,
            36.772272
          ],
          [
            3.031152,
            36.77224
          ],
          [
            3.031042,
            36.772199
          ],
          [
            3.030951,
            36.772158
          ],
          [
            3.03056,
            36.771941
          ],
          [
            3.030275,
            36.771791
          ],
          [
            3.030206,
            36.771756
          ],
          [
            3.030133,
            36.771724
          ],
          [
            3.030063,
            36.7717
          ],
          [
            3.02998,
            36.771683
          ],
          [
            3.02987,
            36.771668
          ],
          [
            3.029755,
            36.771664
          ],
          [
            3.029605,
            36.771668
          ],
          [
            3.029492,
            36.771679
          ],
          [
            3.029393,
            36.771698
          ],
          [
            3.029294,
            36.771726
          ],
          [
            3.029181,
            36.771769
          ],
          [
            3.028663,
            36.772003
          ],
          [
            3.027969,
            36.772306
          ],
          [
            3.027738,
            36.772403
          ],
          [
            3.027226,
            36.772609
          ],
          [
            3.027043,
            36.772672
          ],
          [
            3.026909,
            36.772699
          ],
          [
            3.026762,
            36.77273
          ],
          [
            3.026641,
            36.772742
          ],
          [
            3.02652,
            36.772751
          ],
          [
            3.026349,
            36.77276
          ],
          [
            3.026249,
            36.77276
          ],
          [
            3.026048,
            36.772749
          ],
          [
            3.02586,
            36.772736
          ],
          [
            3.02552,
            36.772706
          ],
          [
            3.025364,
            36.772689
          ],
          [
            3.025182,
            36.772654
          ],
          [
            3.024989,
            36.772616
          ],
          [
            3.024707,
            36.772566
          ],
          [
            3.024597,
            36.772553
          ],
          [
            3.0245,
            36.772551
          ],
          [
            3.024364,
            36.772558
          ],
          [
            3.02424,
            36.772571
          ],
          [
            3.024101,
            36.772592
          ],
          [
            3.023932,
            36.772633
          ],
          [
            3.023639,
            36.772714
          ],
          [
            3.023484,
            36.772764
          ],
          [
            3.023363,
            36.772796
          ],
          [
            3.023205,
            36.772833
          ],
          [
            3.023116,
            36.77285
          ],
          [
            3.023006,
            36.772863
          ],
          [
            3.02288,
            36.772871
          ],
          [
            3.022789,
            36.772873
          ],
          [
            3.022698,
            36.772876
          ],
          [
            3.022489,
            36.772863
          ],
          [
            3.022124,
            36.772833
          ],
          [
            3.021663,
            36.772796
          ],
          [
            3.021322,
            36.772764
          ],
          [
            3.020998,
            36.772747
          ],
          [
            3.020922,
            36.772742
          ],
          [
            3.02023,
            36.77273
          ],
          [
            3.019825,
            36.772721
          ],
          [
            3.019367,
            36.772695
          ],
          [
            3.019214,
            36.772687
          ],
          [
            3.019061,
            36.772672
          ],
          [
            3.018895,
            36.772639
          ],
          [
            3.018766,
            36.772609
          ],
          [
            3.018645,
            36.772577
          ],
          [
            3.018525,
            36.772536
          ],
          [
            3.01835,
            36.772465
          ],
          [
            3.018179,
            36.772379
          ],
          [
            3.018101,
            36.772334
          ],
          [
            3.018018,
            36.772278
          ],
          [
            3.017886,
            36.772182
          ],
          [
            3.017814,
            36.772126
          ],
          [
            3.017739,
            36.772063
          ],
          [
            3.017677,
            36.772008
          ],
          [
            3.017613,
            36.771945
          ],
          [
            3.017446,
            36.771778
          ],
          [
            3.017318,
            36.77166
          ],
          [
            3.017248,
            36.771597
          ],
          [
            3.017181,
            36.771541
          ],
          [
            3.01706,
            36.771458
          ],
          [
            3.016942,
            36.771378
          ],
          [
            3.016824,
            36.771314
          ],
          [
            3.016701,
            36.771262
          ],
          [
            3.016516,
            36.771189
          ],
          [
            3.0164,
            36.771157
          ],
          [
            3.016317,
            36.771135
          ],
          [
            3.01617,
            36.771103
          ],
          [
            3.016014,
            36.771075
          ],
          [
            3.015853,
            36.771043
          ],
          [
            3.015456,
            36.770968
          ],
          [
            3.015258,
            36.770929
          ],
          [
            3.01471,
            36.770835
          ],
          [
            3.014386,
            36.770766
          ],
          [
            3.014067,
            36.770697
          ],
          [
            3.013597,
            36.770605
          ],
          [
            3.013281,
            36.770538
          ],
          [
            3.013157,
            36.770502
          ],
          [
            3.013061,
            36.770469
          ],
          [
            3.012983,
            36.770437
          ],
          [
            3.012868,
            36.77039
          ],
          [
            3.012747,
            36.770336
          ],
          [
            3.012594,
            36.770263
          ],
          [
            3.012431,
            36.770171
          ],
          [
            3.012251,
            36.770065
          ],
          [
            3.011894,
            36.769848
          ],
          [
            3.011551,
            36.769623
          ],
          [
            3.01103,
            36.769273
          ],
          [
            3.010741,
            36.769068
          ],
          [
            3.010566,
            36.768937
          ],
          [
            3.010483,
            36.768879
          ],
          [
            3.0104,
            36.76883
          ],
          [
            3.010309,
            36.768785
          ],
          [
            3.010223,
            36.768742
          ],
          [
            3.010143,
            36.76869
          ],
          [
            3.010116,
            36.768671
          ],
          [
            3.010097,
            36.768654
          ],
          [
            3.01007,
            36.768624
          ],
          [
            3.010038,
            36.768621
          ],
          [
            3.009971,
            36.768596
          ],
          [
            3.009888,
            36.768609
          ],
          [
            3.009813,
            36.768621
          ],
          [
            3.009644,
            36.768647
          ],
          [
            3.009287,
            36.768695
          ],
          [
            3.009139,
            36.768716
          ],
          [
            3.008882,
            36.768757
          ],
          [
            3.008576,
            36.768791
          ],
          [
            3.008324,
            36.76883
          ],
          [
            3.008273,
            36.768845
          ],
          [
            3.008072,
            36.768909
          ],
          [
            3.007849,
            36.768982
          ],
          [
            3.007656,
            36.769124
          ],
          [
            3.007603,
            36.769156
          ],
          [
            3.007546,
            36.769182
          ],
          [
            3.007404,
            36.76924
          ],
          [
            3.00713,
            36.769341
          ],
          [
            3.00693,
            36.769418
          ],
          [
            3.00697,
            36.769485
          ]
        ]
      },
      "properties": {
        "name": "Place des Martyrs - Station de bus chevalley",
        "stroke": "#249CF2",
        "description": "L58-R"
      }
    },
    {
      "type": "Feature",
      "geometry": {
        "type": "LineString",
        "coordinates": [
          [
            3.005832,
            36.752718
          ],
          [
            3.00572,
            36.752692
          ],
          [
            3.00562,
            36.752666
          ],
          [
            3.005513,
            36.752641
          ],
          [
            3.005409,
            36.752613
          ],
          [
            3.005199,
            36.752546
          ],
          [
            3.005127,
            36.752527
          ],
          [
            3.004993,
            36.752494
          ],
          [
            3.004915,
            36.752484
          ],
          [
            3.004867,
            36.752479
          ],
          [
            3.004824,
            36.752479
          ],
          [
            3.004767,
            36.752486
          ],
          [
            3.004698,
            36.752497
          ],
          [
            3.004676,
            36.75251
          ],
          [
            3.004639,
            36.752535
          ],
          [
            3.004577,
            36.752587
          ],
          [
            3.004545,
            36.752628
          ],
          [
            3.004531,
            36.752664
          ],
          [
            3.00451,
            36.752694
          ],
          [
            3.00447,
            36.752727
          ],
          [
            3.004421,
            36.752748
          ],
          [
            3.004365,
            36.752755
          ],
          [
            3.004311,
            36.75275
          ],
          [
            3.004261,
            36.752731
          ],
          [
            3.004234,
            36.752714
          ],
          [
            3.004212,
            36.752694
          ],
          [
            3.004204,
            36.752684
          ],
          [
            3.004185,
            36.752654
          ],
          [
            3.004177,
            36.752621
          ],
          [
            3.00418,
            36.752587
          ],
          [
            3.004191,
            36.752555
          ],
          [
            3.004204,
            36.752531
          ],
          [
            3.00422,
            36.75251
          ],
          [
            3.004279,
            36.752475
          ],
          [
            3.00433,
            36.752462
          ],
          [
            3.004384,
            36.752462
          ],
          [
            3.004427,
            36.752471
          ],
          [
            3.004467,
            36.752488
          ],
          [
            3.004625,
            36.752415
          ],
          [
            3.004826,
            36.752331
          ],
          [
            3.004934,
            36.752282
          ],
          [
            3.005001,
            36.752241
          ],
          [
            3.005063,
            36.752183
          ],
          [
            3.005105,
            36.752121
          ],
          [
            3.005132,
            36.75205
          ],
          [
            3.005132,
            36.751998
          ],
          [
            3.005132,
            36.751989
          ],
          [
            3.005119,
            36.751912
          ],
          [
            3.005089,
            36.751845
          ],
          [
            3.005054,
            36.751792
          ],
          [
            3.005001,
            36.751747
          ],
          [
            3.004931,
            36.75171
          ],
          [
            3.004757,
            36.751652
          ],
          [
            3.004647,
            36.75162
          ],
          [
            3.004505,
            36.751577
          ],
          [
            3.004478,
            36.75157
          ],
          [
            3.004204,
            36.751484
          ],
          [
            3.004132,
            36.751463
          ],
          [
            3.004014,
            36.751426
          ],
          [
            3.003896,
            36.751381
          ],
          [
            3.00374,
            36.751308
          ],
          [
            3.003644,
            36.751261
          ],
          [
            3.003552,
            36.751209
          ],
          [
            3.003429,
            36.751132
          ],
          [
            3.003295,
            36.751037
          ],
          [
            3.003212,
            36.750964
          ],
          [
            3.003126,
            36.750883
          ],
          [
            3.00307,
            36.750825
          ],
          [
            3.002973,
            36.750709
          ],
          [
            3.002855,
            36.750547
          ],
          [
            3.002646,
            36.750231
          ],
          [
            3.002514,
            36.75004
          ],
          [
            3.002421,
            36.749913
          ],
          [
            3.002351,
            36.74983
          ],
          [
            3.002292,
            36.749769
          ],
          [
            3.002174,
            36.74966
          ],
          [
            3.002099,
            36.749593
          ],
          [
            3.002016,
            36.749535
          ],
          [
            3.001951,
            36.74949
          ],
          [
            3.001879,
            36.749449
          ],
          [
            3.001806,
            36.749408
          ],
          [
            3.001737,
            36.749374
          ],
          [
            3.001597,
            36.749312
          ],
          [
            3.001458,
            36.749258
          ],
          [
            3.001299,
            36.749204
          ],
          [
            3.001189,
            36.749176
          ],
          [
            3.001101,
            36.749155
          ],
          [
            3.00102,
            36.749138
          ],
          [
            3.000929,
            36.749125
          ],
          [
            3.000752,
            36.74911
          ],
          [
            3.000572,
            36.749103
          ],
          [
            3.000412,
            36.749103
          ],
          [
            3.000267,
            36.74911
          ],
          [
            3.000111,
            36.749125
          ],
          [
            2.999958,
            36.749146
          ],
          [
            2.999781,
            36.749176
          ],
          [
            2.99961,
            36.749209
          ],
          [
            2.999046,
            36.749316
          ],
          [
            2.998706,
            36.74938
          ],
          [
            2.998419,
            36.749432
          ],
          [
            2.99826,
            36.74946
          ],
          [
            2.998065,
            36.749486
          ],
          [
            2.997837,
            36.749514
          ],
          [
            2.997625,
            36.749537
          ],
          [
            2.997472,
            36.74955
          ],
          [
            2.997314,
            36.749561
          ],
          [
            2.996965,
            36.749578
          ],
          [
            2.996305,
            36.749608
          ],
          [
            2.995895,
            36.749606
          ],
          [
            2.9955,
            36.749593
          ],
          [
            2.994827,
            36.749542
          ],
          [
            2.994441,
            36.749503
          ],
          [
            2.993996,
            36.749421
          ],
          [
            2.99351,
            36.749327
          ],
          [
            2.993277,
            36.749273
          ],
          [
            2.993089,
            36.749221
          ],
          [
            2.992759,
            36.749131
          ],
          [
            2.992499,
            36.749049
          ],
          [
            2.99189,
            36.74886
          ],
          [
            2.991828,
            36.748938
          ],
          [
            2.991775,
            36.749017
          ],
          [
            2.991761,
            36.749052
          ],
          [
            2.991759,
            36.749088
          ],
          [
            2.991769,
            36.749123
          ],
          [
            2.991791,
            36.749153
          ],
          [
            2.99182,
            36.749178
          ],
          [
            2.991858,
            36.749196
          ],
          [
            2.992234,
            36.749297
          ],
          [
            2.992295,
            36.749312
          ],
          [
            2.992354,
            36.749325
          ],
          [
            2.992419,
            36.749331
          ],
          [
            2.99248,
            36.749337
          ],
          [
            2.992518,
            36.749329
          ],
          [
            2.992555,
            36.749329
          ],
          [
            2.992593,
            36.749335
          ],
          [
            2.992628,
            36.74935
          ],
          [
            2.992655,
            36.74937
          ],
          [
            2.992676,
            36.749395
          ],
          [
            2.992689,
            36.749426
          ],
          [
            2.992692,
            36.749454
          ],
          [
            2.992687,
            36.749481
          ],
          [
            2.992676,
            36.749507
          ],
          [
            2.992655,
            36.749531
          ],
          [
            2.992647,
            36.749582
          ],
          [
            2.992647,
            36.749636
          ],
          [
            2.992647,
            36.749688
          ],
          [
            2.992655,
            36.749741
          ],
          [
            2.992695,
            36.7498
          ],
          [
            2.992732,
            36.749815
          ],
          [
            2.992767,
            36.749825
          ],
          [
            2.992797,
            36.749827
          ],
          [
            2.992829,
            36.749825
          ],
          [
            2.992875,
            36.74981
          ],
          [
            2.992917,
            36.749787
          ],
          [
            2.992955,
            36.749757
          ],
          [
            2.992987,
            36.74972
          ],
          [
            2.993044,
            36.749625
          ],
          [
            2.993137,
            36.749389
          ],
          [
            2.993167,
            36.749279
          ],
          [
            2.993207,
            36.749174
          ],
          [
            2.993255,
            36.749071
          ],
          [
            2.993317,
            36.748972
          ],
          [
            2.993387,
            36.748878
          ],
          [
            2.993478,
            36.748761
          ],
          [
            2.993599,
            36.748633
          ],
          [
            2.99369,
            36.748547
          ],
          [
            2.994079,
            36.748213
          ],
          [
            2.99432,
            36.748009
          ],
          [
            2.994575,
            36.74779
          ],
          [
            2.994902,
            36.747446
          ],
          [
            2.994924,
            36.747403
          ],
          [
            2.994951,
            36.747375
          ],
          [
            2.994948,
            36.747302
          ],
          [
            2.994959,
            36.747216
          ],
          [
            2.99501,
            36.747107
          ],
          [
            2.995023,
            36.747077
          ],
          [
            2.995095,
            36.746954
          ],
          [
            2.995192,
            36.746823
          ],
          [
            2.995433,
            36.746445
          ],
          [
            2.995621,
            36.746172
          ],
          [
            2.995677,
            36.745998
          ],
          [
            2.995691,
            36.745959
          ],
          [
            2.995723,
            36.745783
          ],
          [
            2.995769,
            36.74554
          ],
          [
            2.995804,
            36.745301
          ],
          [
            2.995814,
            36.745147
          ],
          [
            2.995841,
            36.745022
          ],
          [
            2.995913,
            36.744869
          ],
          [
            2.995997,
            36.744736
          ],
          [
            2.996099,
            36.744583
          ],
          [
            2.996192,
            36.744457
          ],
          [
            2.996163,
            36.744424
          ],
          [
            2.996139,
            36.744392
          ],
          [
            2.996117,
            36.744358
          ],
          [
            2.996091,
            36.744304
          ],
          [
            2.996061,
            36.74425
          ],
          [
            2.996029,
            36.744197
          ],
          [
            2.995743,
            36.74383
          ],
          [
            2.995693,
            36.743855
          ],
          [
            2.995743,
            36.74383
          ],
          [
            2.995594,
            36.74364
          ],
          [
            2.995297,
            36.743298
          ],
          [
            2.99512,
            36.743107
          ],
          [
            2.994969,
            36.74292
          ],
          [
            2.994846,
            36.742752
          ],
          [
            2.994822,
            36.742724
          ],
          [
            2.994808,
            36.74269
          ],
          [
            2.994725,
            36.742477
          ],
          [
            2.99469,
            36.742288
          ],
          [
            2.994666,
            36.741981
          ],
          [
            2.994647,
            36.741723
          ],
          [
            2.994602,
            36.741458
          ],
          [
            2.99447,
            36.741048
          ],
          [
            2.994347,
            36.740646
          ],
          [
            2.994237,
            36.740323
          ],
          [
            2.994192,
            36.740194
          ],
          [
            2.994151,
            36.740072
          ],
          [
            2.99413,
            36.740046
          ],
          [
            2.994122,
            36.740018
          ],
          [
            2.994122,
            36.739988
          ],
          [
            2.994106,
            36.739853
          ],
          [
            2.994084,
            36.739715
          ],
          [
            2.994044,
            36.739547
          ],
          [
            2.993937,
            36.739156
          ],
          [
            2.993749,
            36.738425
          ],
          [
            2.993508,
            36.73757
          ],
          [
            2.99325,
            36.73671
          ],
          [
            2.993207,
            36.736512
          ],
          [
            2.993194,
            36.736396
          ],
          [
            2.993191,
            36.736297
          ],
          [
            2.993186,
            36.735917
          ],
          [
            2.993175,
            36.735388
          ],
          [
            2.993175,
            36.735272
          ],
          [
            2.993175,
            36.73519
          ],
          [
            2.993154,
            36.735165
          ],
          [
            2.993145,
            36.735135
          ],
          [
            2.993154,
            36.735104
          ],
          [
            2.993172,
            36.735079
          ],
          [
            2.993188,
            36.734642
          ],
          [
            2.993162,
            36.734094
          ],
          [
            2.993135,
            36.733746
          ],
          [
            2.993132,
            36.733617
          ],
          [
            2.99314,
            36.733411
          ],
          [
            2.99314,
            36.733316
          ],
          [
            2.993127,
            36.733181
          ],
          [
            2.993103,
            36.733161
          ],
          [
            2.993073,
            36.733129
          ],
          [
            2.993057,
            36.73309
          ],
          [
            2.993057,
            36.733049
          ],
          [
            2.993062,
            36.733019
          ],
          [
            2.993084,
            36.732987
          ],
          [
            2.993014,
            36.732798
          ],
          [
            2.992885,
            36.732267
          ],
          [
            2.992749,
            36.731743
          ],
          [
            2.992692,
            36.731753
          ],
          [
            2.992749,
            36.731743
          ],
          [
            2.992738,
            36.7317
          ],
          [
            2.992657,
            36.731381
          ],
          [
            2.992571,
            36.7311
          ],
          [
            2.992314,
            36.730545
          ],
          [
            2.991971,
            36.729823
          ],
          [
            2.991735,
            36.729245
          ],
          [
            2.991426,
            36.728574
          ],
          [
            2.991322,
            36.728316
          ],
          [
            2.990962,
            36.727512
          ],
          [
            2.990874,
            36.727331
          ],
          [
            2.990756,
            36.727078
          ],
          [
            2.990632,
            36.726809
          ],
          [
            2.990525,
            36.726564
          ],
          [
            2.98997,
            36.725437
          ],
          [
            2.989951,
            36.725394
          ],
          [
            2.989938,
            36.725349
          ],
          [
            2.989927,
            36.725304
          ],
          [
            2.989916,
            36.725259
          ],
          [
            2.989911,
            36.725214
          ],
          [
            2.989884,
            36.725179
          ],
          [
            2.98987,
            36.725139
          ],
          [
            2.989873,
            36.725093
          ],
          [
            2.989892,
            36.725053
          ],
          [
            2.989924,
            36.725016
          ],
          [
            2.989938,
            36.725007
          ],
          [
            2.989994,
            36.724954
          ],
          [
            2.990249,
            36.72458
          ],
          [
            2.990619,
            36.724079
          ],
          [
            2.99067,
            36.72401
          ],
          [
            2.990713,
            36.723978
          ],
          [
            2.9909,
            36.723737
          ],
          [
            2.991174,
            36.723479
          ],
          [
            2.991458,
            36.723212
          ],
          [
            2.991802,
            36.722877
          ],
          [
            2.99222,
            36.722481
          ],
          [
            2.992488,
            36.722223
          ],
          [
            2.992727,
            36.722017
          ],
          [
            2.992934,
            36.72183
          ],
          [
            2.993111,
            36.721643
          ],
          [
            2.993188,
            36.721572
          ],
          [
            2.993644,
            36.721215
          ],
          [
            2.994006,
            36.720916
          ],
          [
            2.994312,
            36.720658
          ],
          [
            2.994436,
            36.720553
          ],
          [
            2.994752,
            36.720295
          ],
          [
            2.994953,
            36.720106
          ],
          [
            2.994967,
            36.720097
          ],
          [
            2.99498,
            36.720093
          ],
          [
            2.995012,
            36.720082
          ],
          [
            2.99501,
            36.720067
          ],
          [
            2.995015,
            36.72005
          ],
          [
            2.995026,
            36.720035
          ],
          [
            2.995039,
            36.72002
          ],
          [
            2.995061,
            36.720011
          ],
          [
            2.995082,
            36.720007
          ],
          [
            2.995095,
            36.720007
          ],
          [
            2.995197,
            36.719942
          ],
          [
            2.995211,
            36.719931
          ],
          [
            2.995286,
            36.719878
          ],
          [
            2.995348,
            36.719833
          ],
          [
            2.995393,
            36.719794
          ],
          [
            2.995439,
            36.719757
          ],
          [
            2.99553,
            36.719684
          ],
          [
            2.995616,
            36.719603
          ],
          [
            2.995686,
            36.719525
          ],
          [
            2.995728,
            36.719474
          ],
          [
            2.995774,
            36.719407
          ],
          [
            2.995828,
            36.719308
          ],
          [
            2.995863,
            36.719239
          ],
          [
            2.995916,
            36.719112
          ],
          [
            2.995975,
            36.718977
          ],
          [
            2.996053,
            36.718803
          ],
          [
            2.996128,
            36.718639
          ],
          [
            2.996246,
            36.718375
          ],
          [
            2.996364,
            36.718095
          ],
          [
            2.996418,
            36.717921
          ],
          [
            2.996463,
            36.717771
          ],
          [
            2.996536,
            36.717571
          ],
          [
            2.996606,
            36.717354
          ],
          [
            2.996694,
            36.717145
          ],
          [
            2.99675,
            36.717016
          ],
          [
            2.996895,
            36.716737
          ],
          [
            2.99693,
            36.716678
          ],
          [
            2.99704,
            36.716517
          ],
          [
            2.997161,
            36.716393
          ],
          [
            2.997171,
            36.716358
          ],
          [
            2.997185,
            36.716339
          ],
          [
            2.997212,
            36.716319
          ],
          [
            2.997314,
            36.716102
          ],
          [
            2.997314,
            36.716042
          ],
          [
            2.997483,
            36.715664
          ],
          [
            2.997499,
            36.715597
          ],
          [
            2.997526,
            36.715339
          ],
          [
            2.997585,
            36.714883
          ],
          [
            2.997627,
            36.714479
          ],
          [
            2.997724,
            36.713901
          ],
          [
            2.997791,
            36.71349
          ],
          [
            2.997925,
            36.712565
          ],
          [
            2.997909,
            36.712542
          ],
          [
            2.99788,
            36.712527
          ],
          [
            2.997823,
            36.712507
          ],
          [
            2.997767,
            36.712501
          ],
          [
            2.997526,
            36.712497
          ],
          [
            2.99707,
            36.712477
          ],
          [
            2.996909,
            36.712443
          ],
          [
            2.996635,
            36.712404
          ],
          [
            2.996442,
            36.712342
          ],
          [
            2.996265,
            36.712228
          ],
          [
            2.996246,
            36.71218
          ],
          [
            2.996243,
            36.712109
          ],
          [
            2.996316,
            36.71198
          ],
          [
            2.996533,
            36.711854
          ],
          [
            2.996662,
            36.71178
          ],
          [
            2.996842,
            36.71169
          ],
          [
            2.997198,
            36.711505
          ],
          [
            2.997397,
            36.711391
          ],
          [
            2.997536,
            36.71131
          ],
          [
            2.997721,
            36.711135
          ],
          [
            2.997874,
            36.710933
          ],
          [
            2.997952,
            36.710675
          ],
          [
            2.997965,
            36.710344
          ],
          [
            2.997931,
            36.710105
          ],
          [
            2.997585,
            36.709546
          ],
          [
            2.997348,
            36.709239
          ],
          [
            2.997188,
            36.708989
          ],
          [
            2.997099,
            36.708914
          ],
          [
            2.997019,
            36.708828
          ],
          [
            2.996876,
            36.708628
          ],
          [
            2.996783,
            36.708463
          ],
          [
            2.996665,
            36.708218
          ],
          [
            2.996622,
            36.708132
          ],
          [
            2.996592,
            36.708071
          ],
          [
            2.996538,
            36.707953
          ],
          [
            2.996506,
            36.707869
          ],
          [
            2.996474,
            36.707744
          ],
          [
            2.996458,
            36.707686
          ],
          [
            2.99645,
            36.707637
          ],
          [
            2.99641,
            36.707426
          ],
          [
            2.996402,
            36.707368
          ],
          [
            2.996388,
            36.707254
          ],
          [
            2.996375,
            36.707162
          ],
          [
            2.996359,
            36.707071
          ],
          [
            2.996351,
            36.706981
          ],
          [
            2.99634,
            36.706899
          ],
          [
            2.996233,
            36.70602
          ],
          [
            2.996217,
            36.705878
          ],
          [
            2.996206,
            36.705794
          ],
          [
            2.996184,
            36.70571
          ],
          [
            2.996155,
            36.705629
          ],
          [
            2.996117,
            36.705551
          ],
          [
            2.996072,
            36.705474
          ],
          [
            2.996015,
            36.705403
          ],
          [
            2.995954,
            36.705334
          ],
          [
            2.995884,
            36.705269
          ],
          [
            2.995806,
            36.705211
          ],
          [
            2.995723,
            36.705158
          ],
          [
            2.994859,
            36.704611
          ],
          [
            2.994739,
            36.704543
          ],
          [
            2.994623,
            36.704469
          ],
          [
            2.994513,
            36.704392
          ],
          [
            2.994457,
            36.704345
          ],
          [
            2.994409,
            36.704308
          ],
          [
            2.99431,
            36.704218
          ],
          [
            2.994218,
            36.704125
          ],
          [
            2.994133,
            36.704026
          ],
          [
            2.994076,
            36.703949
          ],
          [
            2.99402,
            36.703867
          ],
          [
            2.99395,
            36.703745
          ],
          [
            2.993698,
            36.70322
          ],
          [
            2.99339,
            36.702558
          ],
          [
            2.99332,
            36.702433
          ],
          [
            2.993274,
            36.702351
          ],
          [
            2.993231,
            36.702298
          ],
          [
            2.993183,
            36.70225
          ],
          [
            2.993127,
            36.702207
          ],
          [
            2.993062,
            36.702173
          ],
          [
            2.992993,
            36.702145
          ],
          [
            2.992917,
            36.702125
          ],
          [
            2.992842,
            36.702113
          ],
          [
            2.992799,
            36.702123
          ],
          [
            2.992754,
            36.702125
          ],
          [
            2.992711,
            36.702121
          ],
          [
            2.992663,
            36.702106
          ],
          [
            2.99262,
            36.70208
          ],
          [
            2.992588,
            36.702048
          ],
          [
            2.992569,
            36.702009
          ],
          [
            2.992563,
            36.701966
          ],
          [
            2.992574,
            36.701925
          ],
          [
            2.992547,
            36.701824
          ],
          [
            2.992537,
            36.701775
          ],
          [
            2.992518,
            36.701704
          ],
          [
            2.992507,
            36.701663
          ],
          [
            2.992499,
            36.701607
          ],
          [
            2.992494,
            36.701553
          ],
          [
            2.992491,
            36.701502
          ],
          [
            2.992488,
            36.701446
          ],
          [
            2.992491,
            36.701366
          ],
          [
            2.992499,
            36.701295
          ],
          [
            2.992518,
            36.701205
          ],
          [
            2.992719,
            36.700633
          ],
          [
            2.992751,
            36.700506
          ],
          [
            2.992786,
            36.700336
          ],
          [
            2.992802,
            36.700242
          ],
          [
            2.992808,
            36.700134
          ],
          [
            2.992802,
            36.700016
          ],
          [
            2.992748,
            36.699405
          ],
          [
            2.992735,
            36.698784
          ],
          [
            2.992727,
            36.698661
          ],
          [
            2.992708,
            36.698358
          ],
          [
            2.992698,
            36.698306
          ],
          [
            2.992681,
            36.698255
          ],
          [
            2.992655,
            36.698205
          ],
          [
            2.992625,
            36.698158
          ],
          [
            2.992585,
            36.698115
          ],
          [
            2.992494,
            36.698027
          ],
          [
            2.992456,
            36.698012
          ],
          [
            2.992427,
            36.697986
          ],
          [
            2.992405,
            36.697956
          ],
          [
            2.992397,
            36.697923
          ],
          [
            2.992365,
            36.697906
          ],
          [
            2.992325,
            36.697885
          ],
          [
            2.992244,
            36.697844
          ],
          [
            2.992142,
            36.697812
          ],
          [
            2.992054,
            36.697792
          ],
          [
            2.991981,
            36.697777
          ],
          [
            2.991842,
            36.697758
          ],
          [
            2.991721,
            36.697745
          ],
          [
            2.99159,
            36.697736
          ],
          [
            2.991354,
            36.697725
          ],
          [
            2.991075,
            36.697708
          ],
          [
            2.99089,
            36.697698
          ],
          [
            2.990756,
            36.697695
          ],
          [
            2.990624,
            36.697695
          ],
          [
            2.990455,
            36.6977
          ],
          [
            2.990294,
            36.697708
          ],
          [
            2.989929,
            36.697741
          ],
          [
            2.989557,
            36.697762
          ],
          [
            2.989187,
            36.697781
          ],
          [
            2.988843,
            36.697738
          ],
          [
            2.988548,
            36.697655
          ],
          [
            2.988272,
            36.697571
          ],
          [
            2.987974,
            36.697474
          ],
          [
            2.987693,
            36.697384
          ],
          [
            2.987451,
            36.69731
          ],
          [
            2.987234,
            36.697261
          ],
          [
            2.987022,
            36.697233
          ],
          [
            2.986861,
            36.697212
          ],
          [
            2.986689,
            36.697192
          ],
          [
            2.986432,
            36.697164
          ],
          [
            2.986225,
            36.697151
          ],
          [
            2.986091,
            36.697134
          ],
          [
            2.98563,
            36.697087
          ],
          [
            2.985456,
            36.697067
          ],
          [
            2.985378,
            36.697061
          ],
          [
            2.985319,
            36.697059
          ],
          [
            2.985152,
            36.697048
          ],
          [
            2.984933,
            36.697029
          ],
          [
            2.984691,
            36.697009
          ],
          [
            2.984439,
            36.696999
          ],
          [
            2.984163,
            36.696973
          ],
          [
            2.983937,
            36.69696
          ],
          [
            2.983591,
            36.696947
          ],
          [
            2.983444,
            36.696949
          ],
          [
            2.983393,
            36.696975
          ],
          [
            2.983337,
            36.696986
          ],
          [
            2.983278,
            36.696977
          ],
          [
            2.983227,
            36.696951
          ],
          [
            2.983194,
            36.696913
          ],
          [
            2.983023,
            36.696878
          ],
          [
            2.982532,
            36.696822
          ],
          [
            2.982328,
            36.696801
          ],
          [
            2.980601,
            36.696627
          ],
          [
            2.980386,
            36.696633
          ],
          [
            2.980145,
            36.696715
          ],
          [
            2.979949,
            36.696827
          ],
          [
            2.979847,
            36.696891
          ],
          [
            2.979772,
            36.696923
          ],
          [
            2.979764,
            36.696949
          ],
          [
            2.979751,
            36.696968
          ],
          [
            2.979729,
            36.696986
          ],
          [
            2.979705,
            36.696996
          ],
          [
            2.979675,
            36.696999
          ],
          [
            2.979643,
            36.696996
          ],
          [
            2.979496,
            36.69707
          ],
          [
            2.979364,
            36.697136
          ],
          [
            2.979329,
            36.697177
          ],
          [
            2.978997,
            36.697547
          ],
          [
            2.978605,
            36.698031
          ],
          [
            2.978246,
            36.698418
          ],
          [
            2.97812,
            36.698513
          ],
          [
            2.977986,
            36.698584
          ],
          [
            2.97786,
            36.69862
          ],
          [
            2.977742,
            36.698629
          ],
          [
            2.977683,
            36.698624
          ],
          [
            2.977599,
            36.698599
          ],
          [
            2.977519,
            36.69856
          ],
          [
            2.977441,
            36.698508
          ],
          [
            2.977387,
            36.698457
          ],
          [
            2.977323,
            36.698369
          ],
          [
            2.977288,
            36.698278
          ],
          [
            2.977272,
            36.698233
          ],
          [
            2.977278,
            36.698141
          ],
          [
            2.977307,
            36.698059
          ],
          [
            2.977487,
            36.697698
          ],
          [
            2.977508,
            36.697596
          ],
          [
            2.977511,
            36.697489
          ],
          [
            2.977473,
            36.697356
          ],
          [
            2.977076,
            36.696715
          ],
          [
            2.976969,
            36.696536
          ],
          [
            2.97687,
            36.696371
          ],
          [
            2.976757,
            36.696054
          ],
          [
            2.976674,
            36.695897
          ],
          [
            2.976438,
            36.695611
          ],
          [
            2.976154,
            36.695323
          ],
          [
            2.976081,
            36.695246
          ],
          [
            2.97599,
            36.695168
          ],
          [
            2.975915,
            36.695138
          ],
          [
            2.975872,
            36.695128
          ],
          [
            2.975786,
            36.695112
          ],
          [
            2.975663,
            36.69511
          ],
          [
            2.975545,
            36.695143
          ],
          [
            2.975376,
            36.695207
          ],
          [
            2.975164,
            36.69534
          ],
          [
            2.974062,
            36.69596
          ],
          [
            2.974021,
            36.695913
          ],
          [
            2.974062,
            36.69596
          ],
          [
            2.973997,
            36.695996
          ],
          [
            2.973667,
            36.696149
          ],
          [
            2.973493,
            36.696184
          ],
          [
            2.973402,
            36.696227
          ],
          [
            2.973388,
            36.696224
          ],
          [
            2.973305,
            36.696207
          ],
          [
            2.972871,
            36.696166
          ],
          [
            2.97212,
            36.696054
          ],
          [
            2.972074,
            36.696048
          ],
          [
            2.97183,
            36.69602
          ],
          [
            2.971589,
            36.695986
          ],
          [
            2.971564,
            36.695981
          ],
          [
            2.970811,
            36.695891
          ],
          [
            2.970575,
            36.69585
          ],
          [
            2.97051,
            36.695848
          ],
          [
            2.970462,
            36.695854
          ],
          [
            2.970403,
            36.695891
          ],
          [
            2.970349,
            36.69596
          ],
          [
            2.970167,
            36.696349
          ],
          [
            2.970124,
            36.696457
          ],
          [
            2.970105,
            36.69648
          ],
          [
            2.970038,
            36.696577
          ],
          [
            2.969912,
            36.696738
          ],
          [
            2.969593,
            36.697057
          ],
          [
            2.969427,
            36.697224
          ],
          [
            2.969352,
            36.697285
          ],
          [
            2.969073,
            36.69742
          ],
          [
            2.96896,
            36.697446
          ],
          [
            2.968855,
            36.697459
          ],
          [
            2.967992,
            36.697489
          ],
          [
            2.967699,
            36.697506
          ],
          [
            2.967466,
            36.697519
          ],
          [
            2.967404,
            36.697523
          ],
          [
            2.967013,
            36.697538
          ],
          [
            2.966895,
            36.697545
          ],
          [
            2.96675,
            36.697599
          ],
          [
            2.966648,
            36.697631
          ],
          [
            2.966594,
            36.697655
          ],
          [
            2.966549,
            36.697678
          ],
          [
            2.966498,
            36.697704
          ],
          [
            2.966466,
            36.697725
          ],
          [
            2.966471,
            36.697745
          ],
          [
            2.966466,
            36.697781
          ],
          [
            2.966449,
            36.697816
          ],
          [
            2.96642,
            36.697846
          ],
          [
            2.966382,
            36.697865
          ],
          [
            2.966337,
            36.697874
          ],
          [
            2.966286,
            36.697872
          ],
          [
            2.966238,
            36.697857
          ],
          [
            2.9662,
            36.697829
          ],
          [
            2.96601,
            36.69771
          ],
          [
            2.965953,
            36.697667
          ],
          [
            2.965916,
            36.697633
          ],
          [
            2.965859,
            36.697581
          ],
          [
            2.965814,
            36.697536
          ],
          [
            2.96443,
            36.695956
          ],
          [
            2.9644,
            36.69593
          ],
          [
            2.964368,
            36.695906
          ],
          [
            2.964328,
            36.695887
          ],
          [
            2.964288,
            36.695872
          ],
          [
            2.964245,
            36.695863
          ],
          [
            2.964194,
            36.695876
          ],
          [
            2.964143,
            36.695872
          ],
          [
            2.964097,
            36.69585
          ],
          [
            2.964014,
            36.695861
          ],
          [
            2.963931,
            36.695876
          ],
          [
            2.96385,
            36.695897
          ],
          [
            2.963773,
            36.695925
          ],
          [
            2.963716,
            36.695973
          ],
          [
            2.963196,
            36.696388
          ],
          [
            2.963089,
            36.696478
          ],
          [
            2.962845,
            36.69627
          ],
          [
            2.962681,
            36.69607
          ],
          [
            2.962547,
            36.695908
          ],
          [
            2.962405,
            36.69576
          ],
          [
            2.962276,
            36.695611
          ],
          [
            2.962083,
            36.695442
          ],
          [
            2.961697,
            36.695063
          ],
          [
            2.961587,
            36.694953
          ],
          [
            2.961485,
            36.694839
          ],
          [
            2.961399,
            36.694736
          ],
          [
            2.961249,
            36.69456
          ],
          [
            2.961047,
            36.6943
          ],
          [
            2.960889,
            36.694119
          ],
          [
            2.960648,
            36.693904
          ],
          [
            2.96039,
            36.693682
          ],
          [
            2.960071,
            36.693416
          ],
          [
            2.959714,
            36.693123
          ],
          [
            2.959331,
            36.69282
          ],
          [
            2.958974,
            36.692532
          ],
          [
            2.958639,
            36.692246
          ],
          [
            2.958271,
            36.691934
          ],
          [
            2.957976,
            36.691678
          ],
          [
            2.957767,
            36.691495
          ],
          [
            2.957571,
            36.691321
          ],
          [
            2.957424,
            36.691183
          ],
          [
            2.957271,
            36.691026
          ],
          [
            2.957153,
            36.690897
          ],
          [
            2.957027,
            36.690747
          ],
          [
            2.956925,
            36.690602
          ],
          [
            2.956842,
            36.690476
          ],
          [
            2.956769,
            36.690357
          ],
          [
            2.956692,
            36.690226
          ],
          [
            2.956641,
            36.690116
          ],
          [
            2.956584,
            36.689989
          ],
          [
            2.956536,
            36.689873
          ],
          [
            2.956496,
            36.689753
          ],
          [
            2.956456,
            36.689635
          ],
          [
            2.956423,
            36.68951
          ],
          [
            2.956394,
            36.689389
          ],
          [
            2.95637,
            36.689273
          ],
          [
            2.95634,
            36.689148
          ],
          [
            2.956313,
            36.688987
          ],
          [
            2.956297,
            36.68883
          ],
          [
            2.956295,
            36.688699
          ],
          [
            2.956289,
            36.688533
          ],
          [
            2.956295,
            36.688394
          ],
          [
            2.956303,
            36.688258
          ],
          [
            2.956319,
            36.688082
          ],
          [
            2.956343,
            36.687916
          ],
          [
            2.95652,
            36.68697
          ],
          [
            2.956726,
            36.686053
          ],
          [
            2.956775,
            36.685821
          ],
          [
            2.956842,
            36.68549
          ],
          [
            2.956989,
            36.684698
          ],
          [
            2.957059,
            36.684408
          ],
          [
            2.957118,
            36.684169
          ],
          [
            2.957252,
            36.683554
          ],
          [
            2.957311,
            36.683261
          ],
          [
            2.957429,
            36.682851
          ],
          [
            2.957587,
            36.682414
          ],
          [
            2.957705,
            36.681874
          ],
          [
            2.957713,
            36.681579
          ],
          [
            2.9577,
            36.681386
          ],
          [
            2.957684,
            36.681246
          ],
          [
            2.957652,
            36.681108
          ],
          [
            2.957622,
            36.680981
          ],
          [
            2.95759,
            36.68085
          ],
          [
            2.95755,
            36.680719
          ],
          [
            2.957504,
            36.680581
          ],
          [
            2.957456,
            36.680467
          ],
          [
            2.957408,
            36.680353
          ],
          [
            2.957359,
            36.680252
          ],
          [
            2.95729,
            36.680127
          ],
          [
            2.957215,
            36.680005
          ],
          [
            2.957134,
            36.679882
          ],
          [
            2.95703,
            36.679729
          ],
          [
            2.956949,
            36.679615
          ],
          [
            2.956847,
            36.679486
          ],
          [
            2.956716,
            36.67934
          ],
          [
            2.956568,
            36.6792
          ],
          [
            2.956431,
            36.679069
          ],
          [
            2.956187,
            36.678869
          ],
          [
            2.955839,
            36.678596
          ],
          [
            2.95549,
            36.678325
          ],
          [
            2.955144,
            36.678056
          ],
          [
            2.954801,
            36.677796
          ],
          [
            2.954444,
            36.677514
          ],
          [
            2.954189,
            36.677443
          ],
          [
            2.952918,
            36.677068
          ],
          [
            2.952647,
            36.676982
          ],
          [
            2.952371,
            36.676892
          ],
          [
            2.952094,
            36.676804
          ],
          [
            2.951488,
            36.67664
          ],
          [
            2.951367,
            36.676602
          ],
          [
            2.951083,
            36.67652
          ],
          [
            2.950378,
            36.676283
          ],
          [
            2.950174,
            36.676193
          ],
          [
            2.949833,
            36.676008
          ],
          [
            2.949594,
            36.675879
          ],
          [
            2.948387,
            36.675111
          ],
          [
            2.948229,
            36.675008
          ],
          [
            2.948015,
            36.674898
          ],
          [
            2.94773,
            36.674816
          ],
          [
            2.947357,
            36.674743
          ],
          [
            2.94703,
            36.674685
          ],
          [
            2.946837,
            36.674668
          ],
          [
            2.946612,
            36.674638
          ],
          [
            2.946421,
            36.674573
          ],
          [
            2.946223,
            36.67445
          ],
          [
            2.94574,
            36.674072
          ],
          [
            2.945689,
            36.674098
          ],
          [
            2.945676,
            36.674151
          ],
          [
            2.945662,
            36.674171
          ],
          [
            2.945641,
            36.674184
          ],
          [
            2.945072,
            36.674384
          ],
          [
            2.944152,
            36.674734
          ],
          [
            2.943798,
            36.674883
          ],
          [
            2.943525,
            36.674986
          ],
          [
            2.943162,
            36.675145
          ],
          [
            2.942913,
            36.675259
          ],
          [
            2.942862,
            36.675285
          ],
          [
            2.942819,
            36.675214
          ],
          [
            2.943103,
            36.675076
          ],
          [
            2.943492,
            36.674913
          ],
          [
            2.943909,
            36.674755
          ],
          [
            2.943878,
            36.674703
          ],
          [
            2.943909,
            36.674755
          ],
          [
            2.944112,
            36.674678
          ],
          [
            2.945008,
            36.674328
          ],
          [
            2.945611,
            36.6741
          ],
          [
            2.945689,
            36.674098
          ],
          [
            2.945676,
            36.674151
          ],
          [
            2.945662,
            36.674171
          ],
          [
            2.945641,
            36.674184
          ],
          [
            2.945072,
            36.674384
          ],
          [
            2.944152,
            36.674734
          ],
          [
            2.943798,
            36.674883
          ],
          [
            2.943525,
            36.674986
          ],
          [
            2.943162,
            36.675145
          ],
          [
            2.942913,
            36.675259
          ],
          [
            2.942862,
            36.675285
          ],
          [
            2.942806,
            36.675315
          ],
          [
            2.942613,
            36.675429
          ],
          [
            2.942513,
            36.675502
          ],
          [
            2.942438,
            36.675578
          ],
          [
            2.942352,
            36.675668
          ],
          [
            2.94228,
            36.675776
          ],
          [
            2.942183,
            36.676006
          ],
          [
            2.942044,
            36.676343
          ],
          [
            2.941854,
            36.676982
          ],
          [
            2.941698,
            36.677522
          ],
          [
            2.941623,
            36.677757
          ],
          [
            2.941556,
            36.677942
          ],
          [
            2.941532,
            36.678008
          ],
          [
            2.941478,
            36.678213
          ],
          [
            2.941438,
            36.678351
          ],
          [
            2.941398,
            36.678516
          ],
          [
            2.941365,
            36.678682
          ],
          [
            2.941347,
            36.678824
          ],
          [
            2.941309,
            36.679151
          ],
          [
            2.941226,
            36.679579
          ],
          [
            2.941172,
            36.679781
          ],
          [
            2.941105,
            36.680024
          ],
          [
            2.940995,
            36.680418
          ],
          [
            2.940867,
            36.680921
          ],
          [
            2.940837,
            36.68105
          ],
          [
            2.940824,
            36.681123
          ],
          [
            2.940818,
            36.681199
          ],
          [
            2.940821,
            36.681274
          ],
          [
            2.940834,
            36.681347
          ],
          [
            2.940856,
            36.68142
          ],
          [
            2.940885,
            36.681491
          ],
          [
            2.940923,
            36.68156
          ],
          [
            2.940952,
            36.681618
          ],
          [
            2.940993,
            36.681702
          ],
          [
            2.941062,
            36.681801
          ],
          [
            2.941081,
            36.681831
          ],
          [
            2.941183,
            36.681939
          ],
          [
            2.941293,
            36.682027
          ],
          [
            2.941357,
            36.68207
          ],
          [
            2.941424,
            36.682113
          ],
          [
            2.941486,
            36.682106
          ],
          [
            2.941754,
            36.682098
          ],
          [
            2.942122,
            36.682085
          ],
          [
            2.9425,
            36.682074
          ],
          [
            2.942653,
            36.68207
          ],
          [
            2.942709,
            36.682068
          ],
          [
            2.943071,
            36.68205
          ],
          [
            2.943342,
            36.682035
          ],
          [
            2.943795,
            36.682018
          ],
          [
            2.944131,
            36.682012
          ],
          [
            2.944238,
            36.682005
          ],
          [
            2.944538,
            36.68201
          ],
          [
            2.944906,
            36.682025
          ],
          [
            2.945032,
            36.682042
          ],
          [
            2.945118,
            36.682059
          ],
          [
            2.945217,
            36.682085
          ],
          [
            2.945536,
            36.682188
          ],
          [
            2.94589,
            36.682311
          ],
          [
            2.94625,
            36.682431
          ],
          [
            2.946633,
            36.68256
          ],
          [
            2.947006,
            36.682696
          ],
          [
            2.947325,
            36.682814
          ],
          [
            2.947486,
            36.68287
          ],
          [
            2.94761,
            36.682919
          ],
          [
            2.947867,
            36.68301
          ],
          [
            2.948189,
            36.683126
          ],
          [
            2.948505,
            36.683264
          ],
          [
            2.949305,
            36.683563
          ],
          [
            2.949643,
            36.683696
          ],
          [
            2.949782,
            36.683756
          ],
          [
            2.949916,
            36.683825
          ],
          [
            2.950056,
            36.683915
          ],
          [
            2.950193,
            36.684029
          ],
          [
            2.950362,
            36.684193
          ],
          [
            2.950439,
            36.684294
          ],
          [
            2.950549,
            36.684459
          ],
          [
            2.950565,
            36.684492
          ],
          [
            2.950613,
            36.684477
          ]
        ]
      },
      "properties": {
        "name": "Gare routière de Ben Aknoun - Cité abiziou",
        "stroke": "#E51B23",
        "description": "L179"
      }
    },
    {
      "type": "Feature",
      "geometry": {
        "type": "LineString",
        "coordinates": [
          [
            2.950613,
            36.684477
          ],
          [
            2.950565,
            36.684492
          ],
          [
            2.950549,
            36.684459
          ],
          [
            2.950439,
            36.684294
          ],
          [
            2.950362,
            36.684193
          ],
          [
            2.950193,
            36.684029
          ],
          [
            2.950056,
            36.683915
          ],
          [
            2.949916,
            36.683825
          ],
          [
            2.949782,
            36.683756
          ],
          [
            2.949643,
            36.683696
          ],
          [
            2.949305,
            36.683563
          ],
          [
            2.948505,
            36.683264
          ],
          [
            2.948189,
            36.683126
          ],
          [
            2.947867,
            36.68301
          ],
          [
            2.94761,
            36.682919
          ],
          [
            2.947486,
            36.68287
          ],
          [
            2.947325,
            36.682814
          ],
          [
            2.947006,
            36.682696
          ],
          [
            2.946633,
            36.68256
          ],
          [
            2.94625,
            36.682431
          ],
          [
            2.94589,
            36.682311
          ],
          [
            2.945536,
            36.682188
          ],
          [
            2.945217,
            36.682085
          ],
          [
            2.945118,
            36.682059
          ],
          [
            2.945032,
            36.682042
          ],
          [
            2.944906,
            36.682025
          ],
          [
            2.944538,
            36.68201
          ],
          [
            2.944238,
            36.682005
          ],
          [
            2.944131,
            36.682012
          ],
          [
            2.943795,
            36.682018
          ],
          [
            2.943342,
            36.682035
          ],
          [
            2.943071,
            36.68205
          ],
          [
            2.942709,
            36.682068
          ],
          [
            2.942653,
            36.68207
          ],
          [
            2.9425,
            36.682074
          ],
          [
            2.942122,
            36.682085
          ],
          [
            2.941754,
            36.682098
          ],
          [
            2.941486,
            36.682106
          ],
          [
            2.941456,
            36.68211
          ],
          [
            2.941488,
            36.68231
          ],
          [
            2.941456,
            36.68211
          ],
          [
            2.941424,
            36.682113
          ],
          [
            2.94128,
            36.682128
          ],
          [
            2.941188,
            36.682147
          ],
          [
            2.941121,
            36.682167
          ],
          [
            2.941092,
            36.68213
          ],
          [
            2.941057,
            36.682154
          ],
          [
            2.941014,
            36.682169
          ],
          [
            2.940976,
            36.682179
          ],
          [
            2.940942,
            36.682186
          ],
          [
            2.940896,
            36.682186
          ],
          [
            2.940853,
            36.682182
          ],
          [
            2.940735,
            36.682145
          ],
          [
            2.940571,
            36.681997
          ],
          [
            2.940539,
            36.681954
          ],
          [
            2.940504,
            36.681911
          ],
          [
            2.940462,
            36.681842
          ],
          [
            2.940432,
            36.681762
          ],
          [
            2.940421,
            36.681665
          ],
          [
            2.940424,
            36.681577
          ],
          [
            2.940453,
            36.681502
          ],
          [
            2.940542,
            36.681444
          ],
          [
            2.940574,
            36.681424
          ],
          [
            2.940614,
            36.681412
          ],
          [
            2.940655,
            36.681405
          ],
          [
            2.940692,
            36.681405
          ],
          [
            2.940735,
            36.681414
          ],
          [
            2.940775,
            36.681429
          ],
          [
            2.940805,
            36.681446
          ],
          [
            2.940829,
            36.68147
          ],
          [
            2.940923,
            36.68156
          ],
          [
            2.940952,
            36.681618
          ],
          [
            2.940993,
            36.681702
          ],
          [
            2.941062,
            36.681801
          ],
          [
            2.941081,
            36.681831
          ],
          [
            2.941183,
            36.681939
          ],
          [
            2.941293,
            36.682027
          ],
          [
            2.941357,
            36.68207
          ],
          [
            2.941424,
            36.682113
          ],
          [
            2.941486,
            36.682106
          ],
          [
            2.941754,
            36.682098
          ],
          [
            2.942122,
            36.682085
          ],
          [
            2.9425,
            36.682074
          ],
          [
            2.942653,
            36.68207
          ],
          [
            2.942709,
            36.682068
          ],
          [
            2.943071,
            36.68205
          ],
          [
            2.943342,
            36.682035
          ],
          [
            2.943795,
            36.682018
          ],
          [
            2.944131,
            36.682012
          ],
          [
            2.944238,
            36.682005
          ],
          [
            2.944538,
            36.68201
          ],
          [
            2.944906,
            36.682025
          ],
          [
            2.945032,
            36.682042
          ],
          [
            2.945118,
            36.682059
          ],
          [
            2.945217,
            36.682085
          ],
          [
            2.945536,
            36.682188
          ],
          [
            2.94589,
            36.682311
          ],
          [
            2.94625,
            36.682431
          ],
          [
            2.946633,
            36.68256
          ],
          [
            2.947006,
            36.682696
          ],
          [
            2.947325,
            36.682814
          ],
          [
            2.947486,
            36.68287
          ],
          [
            2.94761,
            36.682919
          ],
          [
            2.947867,
            36.68301
          ],
          [
            2.948189,
            36.683126
          ],
          [
            2.948505,
            36.683264
          ],
          [
            2.949305,
            36.683563
          ],
          [
            2.949643,
            36.683696
          ],
          [
            2.949782,
            36.683756
          ],
          [
            2.949916,
            36.683825
          ],
          [
            2.950056,
            36.683915
          ],
          [
            2.950193,
            36.684029
          ],
          [
            2.950362,
            36.684193
          ],
          [
            2.950474,
            36.684122
          ],
          [
            2.950842,
            36.68455
          ],
          [
            2.950882,
            36.684687
          ],
          [
            2.950882,
            36.684872
          ],
          [
            2.950906,
            36.685146
          ],
          [
            2.950906,
            36.685473
          ],
          [
            2.950906,
            36.685864
          ],
          [
            2.950918,
            36.686284
          ],
          [
            2.950854,
            36.686285
          ],
          [
            2.950918,
            36.686284
          ],
          [
            2.950927,
            36.686619
          ],
          [
            2.951008,
            36.68661
          ],
          [
            2.951083,
            36.686589
          ],
          [
            2.951153,
            36.686561
          ],
          [
            2.951295,
            36.686484
          ],
          [
            2.951255,
            36.685926
          ],
          [
            2.951113,
            36.685901
          ],
          [
            2.950906,
            36.685864
          ],
          [
            2.950906,
            36.685473
          ],
          [
            2.950906,
            36.685146
          ],
          [
            2.950882,
            36.684872
          ],
          [
            2.950882,
            36.684687
          ],
          [
            2.950842,
            36.68455
          ],
          [
            2.950474,
            36.684122
          ],
          [
            2.950362,
            36.684193
          ],
          [
            2.950439,
            36.684294
          ],
          [
            2.950549,
            36.684459
          ],
          [
            2.950651,
            36.684666
          ],
          [
            2.950713,
            36.684851
          ],
          [
            2.950748,
            36.685036
          ],
          [
            2.950769,
            36.685268
          ],
          [
            2.950753,
            36.68646
          ],
          [
            2.950769,
            36.686501
          ],
          [
            2.950772,
            36.68652
          ],
          [
            2.950775,
            36.686533
          ],
          [
            2.950777,
            36.686774
          ],
          [
            2.950785,
            36.686823
          ],
          [
            2.950807,
            36.686871
          ],
          [
            2.950839,
            36.686914
          ],
          [
            2.950879,
            36.686955
          ],
          [
            2.950938,
            36.686993
          ],
          [
            2.951,
            36.687017
          ],
          [
            2.95107,
            36.687034
          ],
          [
            2.951153,
            36.687041
          ],
          [
            2.951225,
            36.687032
          ],
          [
            2.951298,
            36.687015
          ],
          [
            2.951638,
            36.686847
          ],
          [
            2.952086,
            36.686617
          ],
          [
            2.952572,
            36.686337
          ],
          [
            2.952843,
            36.68621
          ],
          [
            2.953245,
            36.686028
          ],
          [
            2.953701,
            36.685821
          ],
          [
            2.954229,
            36.68561
          ],
          [
            2.954487,
            36.685526
          ],
          [
            2.954819,
            36.685408
          ],
          [
            2.955072,
            36.685316
          ],
          [
            2.955495,
            36.68518
          ],
          [
            2.956185,
            36.684974
          ],
          [
            2.956633,
            36.684847
          ],
          [
            2.957335,
            36.684683
          ],
          [
            2.957555,
            36.684625
          ],
          [
            2.957925,
            36.684561
          ],
          [
            2.958277,
            36.684507
          ],
          [
            2.958564,
            36.684457
          ],
          [
            2.958861,
            36.68438
          ],
          [
            2.958971,
            36.684337
          ],
          [
            2.959079,
            36.684268
          ],
          [
            2.959167,
            36.684193
          ],
          [
            2.959221,
            36.684115
          ],
          [
            2.959261,
            36.684019
          ],
          [
            2.959277,
            36.683928
          ],
          [
            2.959245,
            36.683821
          ],
          [
            2.959199,
            36.683735
          ],
          [
            2.959124,
            36.683638
          ],
          [
            2.959055,
            36.683593
          ],
          [
            2.958945,
            36.683537
          ],
          [
            2.958821,
            36.683498
          ],
          [
            2.958561,
            36.683472
          ],
          [
            2.958293,
            36.683498
          ],
          [
            2.957941,
            36.683517
          ],
          [
            2.957775,
            36.683535
          ],
          [
            2.957636,
            36.683578
          ],
          [
            2.957523,
            36.683636
          ],
          [
            2.957426,
            36.68373
          ],
          [
            2.95733,
            36.683933
          ],
          [
            2.957225,
            36.684266
          ],
          [
            2.957148,
            36.68466
          ],
          [
            2.956997,
            36.685516
          ],
          [
            2.956973,
            36.685584
          ],
          [
            2.956895,
            36.685939
          ],
          [
            2.956826,
            36.686268
          ],
          [
            2.95674,
            36.686638
          ],
          [
            2.956665,
            36.686983
          ],
          [
            2.9566,
            36.687312
          ],
          [
            2.956531,
            36.687632
          ],
          [
            2.956501,
            36.687787
          ],
          [
            2.95649,
            36.687856
          ],
          [
            2.956466,
            36.687987
          ],
          [
            2.956439,
            36.688193
          ],
          [
            2.956421,
            36.688374
          ],
          [
            2.956415,
            36.68854
          ],
          [
            2.956426,
            36.688727
          ],
          [
            2.956445,
            36.688946
          ],
          [
            2.956472,
            36.689127
          ],
          [
            2.956512,
            36.689331
          ],
          [
            2.956555,
            36.689501
          ],
          [
            2.956622,
            36.689718
          ],
          [
            2.956686,
            36.689886
          ],
          [
            2.956767,
            36.690073
          ],
          [
            2.956844,
            36.690237
          ],
          [
            2.956938,
            36.690411
          ],
          [
            2.957038,
            36.690553
          ],
          [
            2.957156,
            36.690721
          ],
          [
            2.957333,
            36.690923
          ],
          [
            2.957494,
            36.691088
          ],
          [
            2.957654,
            36.691241
          ],
          [
            2.958009,
            36.691562
          ],
          [
            2.958368,
            36.691871
          ],
          [
            2.958735,
            36.692183
          ],
          [
            2.959114,
            36.692497
          ],
          [
            2.959513,
            36.69282
          ],
          [
            2.95991,
            36.693125
          ],
          [
            2.960286,
            36.693431
          ],
          [
            2.960645,
            36.693738
          ],
          [
            2.961013,
            36.694044
          ],
          [
            2.961388,
            36.694358
          ],
          [
            2.961731,
            36.694659
          ],
          [
            2.96208,
            36.694953
          ],
          [
            2.962458,
            36.695267
          ],
          [
            2.96281,
            36.695571
          ],
          [
            2.963142,
            36.695852
          ],
          [
            2.963748,
            36.696349
          ],
          [
            2.96399,
            36.696549
          ],
          [
            2.964288,
            36.696781
          ],
          [
            2.964596,
            36.697033
          ],
          [
            2.964937,
            36.697306
          ],
          [
            2.965267,
            36.697581
          ],
          [
            2.965591,
            36.69785
          ],
          [
            2.965948,
            36.698151
          ],
          [
            2.966305,
            36.698461
          ],
          [
            2.966339,
            36.698465
          ],
          [
            2.966377,
            36.698476
          ],
          [
            2.966409,
            36.698489
          ],
          [
            2.966439,
            36.698506
          ],
          [
            2.966466,
            36.698528
          ],
          [
            2.966511,
            36.698558
          ],
          [
            2.966589,
            36.698609
          ],
          [
            2.966637,
            36.698639
          ],
          [
            2.96668,
            36.698659
          ],
          [
            2.966728,
            36.698667
          ],
          [
            2.966777,
            36.698667
          ],
          [
            2.966822,
            36.698655
          ],
          [
            2.966865,
            36.698633
          ],
          [
            2.9669,
            36.698609
          ],
          [
            2.966946,
            36.698573
          ],
          [
            2.966964,
            36.698547
          ],
          [
            2.966897,
            36.698429
          ],
          [
            2.966841,
            36.698341
          ],
          [
            2.966726,
            36.698201
          ],
          [
            2.966637,
            36.698113
          ],
          [
            2.966503,
            36.697994
          ],
          [
            2.966337,
            36.697874
          ],
          [
            2.966286,
            36.697872
          ],
          [
            2.966238,
            36.697857
          ],
          [
            2.9662,
            36.697829
          ],
          [
            2.966179,
            36.697796
          ],
          [
            2.96617,
            36.69776
          ],
          [
            2.966173,
            36.697723
          ],
          [
            2.966192,
            36.697691
          ],
          [
            2.966221,
            36.697663
          ],
          [
            2.966262,
            36.697644
          ],
          [
            2.966283,
            36.697637
          ],
          [
            2.96628,
            36.697616
          ],
          [
            2.966288,
            36.697594
          ],
          [
            2.966305,
            36.697575
          ],
          [
            2.966323,
            36.69756
          ],
          [
            2.96635,
            36.697549
          ],
          [
            2.966377,
            36.697545
          ],
          [
            2.966466,
            36.697538
          ],
          [
            2.966688,
            36.697538
          ],
          [
            2.966795,
            36.697541
          ],
          [
            2.966895,
            36.697545
          ],
          [
            2.967013,
            36.697538
          ],
          [
            2.967404,
            36.697523
          ],
          [
            2.967466,
            36.697519
          ],
          [
            2.967699,
            36.697506
          ],
          [
            2.967992,
            36.697489
          ],
          [
            2.968855,
            36.697459
          ],
          [
            2.96896,
            36.697446
          ],
          [
            2.969073,
            36.69742
          ],
          [
            2.969352,
            36.697285
          ],
          [
            2.969427,
            36.697224
          ],
          [
            2.969593,
            36.697057
          ],
          [
            2.969912,
            36.696738
          ],
          [
            2.970038,
            36.696577
          ],
          [
            2.970105,
            36.69648
          ],
          [
            2.970124,
            36.696457
          ],
          [
            2.970167,
            36.696349
          ],
          [
            2.970349,
            36.69596
          ],
          [
            2.970403,
            36.695891
          ],
          [
            2.970462,
            36.695854
          ],
          [
            2.97051,
            36.695848
          ],
          [
            2.970575,
            36.69585
          ],
          [
            2.970811,
            36.695891
          ],
          [
            2.971564,
            36.695981
          ],
          [
            2.971589,
            36.695986
          ],
          [
            2.97183,
            36.69602
          ],
          [
            2.972074,
            36.696048
          ],
          [
            2.97212,
            36.696054
          ],
          [
            2.972871,
            36.696166
          ],
          [
            2.973305,
            36.696207
          ],
          [
            2.973388,
            36.696224
          ],
          [
            2.973402,
            36.696227
          ],
          [
            2.973493,
            36.696184
          ],
          [
            2.973667,
            36.696149
          ],
          [
            2.973997,
            36.695996
          ],
          [
            2.974062,
            36.69596
          ],
          [
            2.974021,
            36.695913
          ],
          [
            2.974062,
            36.69596
          ],
          [
            2.975164,
            36.69534
          ],
          [
            2.975376,
            36.695207
          ],
          [
            2.975545,
            36.695143
          ],
          [
            2.975663,
            36.69511
          ],
          [
            2.975786,
            36.695112
          ],
          [
            2.975872,
            36.695128
          ],
          [
            2.975915,
            36.695138
          ],
          [
            2.97599,
            36.695168
          ],
          [
            2.976081,
            36.695246
          ],
          [
            2.976154,
            36.695323
          ],
          [
            2.976438,
            36.695611
          ],
          [
            2.976674,
            36.695897
          ],
          [
            2.976757,
            36.696054
          ],
          [
            2.97687,
            36.696371
          ],
          [
            2.976969,
            36.696536
          ],
          [
            2.977076,
            36.696715
          ],
          [
            2.977473,
            36.697356
          ],
          [
            2.977511,
            36.697489
          ],
          [
            2.977508,
            36.697596
          ],
          [
            2.977487,
            36.697698
          ],
          [
            2.977307,
            36.698059
          ],
          [
            2.977278,
            36.698141
          ],
          [
            2.977272,
            36.698233
          ],
          [
            2.977288,
            36.698278
          ],
          [
            2.977323,
            36.698369
          ],
          [
            2.977387,
            36.698457
          ],
          [
            2.977441,
            36.698508
          ],
          [
            2.977519,
            36.69856
          ],
          [
            2.977599,
            36.698599
          ],
          [
            2.977683,
            36.698624
          ],
          [
            2.977742,
            36.698629
          ],
          [
            2.97786,
            36.69862
          ],
          [
            2.977986,
            36.698584
          ],
          [
            2.97812,
            36.698513
          ],
          [
            2.978246,
            36.698418
          ],
          [
            2.978605,
            36.698031
          ],
          [
            2.978997,
            36.697547
          ],
          [
            2.979329,
            36.697177
          ],
          [
            2.979364,
            36.697136
          ],
          [
            2.979579,
            36.696943
          ],
          [
            2.979573,
            36.696917
          ],
          [
            2.979582,
            36.696891
          ],
          [
            2.979595,
            36.696872
          ],
          [
            2.979614,
            36.696859
          ],
          [
            2.979635,
            36.696848
          ],
          [
            2.979659,
            36.696842
          ],
          [
            2.979683,
            36.696842
          ],
          [
            2.979708,
            36.696846
          ],
          [
            2.979855,
            36.696762
          ],
          [
            2.980094,
            36.696599
          ],
          [
            2.98033,
            36.696517
          ],
          [
            2.980606,
            36.696523
          ],
          [
            2.983117,
            36.696747
          ],
          [
            2.983272,
            36.696751
          ],
          [
            2.983331,
            36.696743
          ],
          [
            2.98339,
            36.696751
          ],
          [
            2.983439,
            36.696777
          ],
          [
            2.983632,
            36.696801
          ],
          [
            2.98405,
            36.696831
          ],
          [
            2.984246,
            36.69685
          ],
          [
            2.984471,
            36.696874
          ],
          [
            2.984624,
            36.696889
          ],
          [
            2.985085,
            36.696928
          ],
          [
            2.985598,
            36.696962
          ],
          [
            2.985815,
            36.696984
          ],
          [
            2.986169,
            36.697016
          ],
          [
            2.986241,
            36.69702
          ],
          [
            2.986373,
            36.697029
          ],
          [
            2.986577,
            36.697042
          ],
          [
            2.986979,
            36.697074
          ],
          [
            2.987274,
            36.697128
          ],
          [
            2.98754,
            36.697212
          ],
          [
            2.988124,
            36.697381
          ],
          [
            2.988693,
            36.697553
          ],
          [
            2.988985,
            36.697618
          ],
          [
            2.989339,
            36.697633
          ],
          [
            2.989696,
            36.697627
          ],
          [
            2.990573,
            36.697592
          ],
          [
            2.990697,
            36.69759
          ],
          [
            2.990828,
            36.697588
          ],
          [
            2.990951,
            36.697594
          ],
          [
            2.991091,
            36.697607
          ],
          [
            2.991582,
            36.69765
          ],
          [
            2.992145,
            36.697719
          ],
          [
            2.992327,
            36.697749
          ],
          [
            2.992427,
            36.697769
          ],
          [
            2.99251,
            36.697801
          ],
          [
            2.992539,
            36.697796
          ],
          [
            2.992582,
            36.697801
          ],
          [
            2.992622,
            36.697816
          ],
          [
            2.992657,
            36.697837
          ],
          [
            2.992679,
            36.697867
          ],
          [
            2.992692,
            36.697902
          ],
          [
            2.992689,
            36.697936
          ],
          [
            2.99273,
            36.698059
          ],
          [
            2.992757,
            36.698143
          ],
          [
            2.992783,
            36.698252
          ],
          [
            2.992826,
            36.698609
          ],
          [
            2.99285,
            36.698917
          ],
          [
            2.992864,
            36.699285
          ],
          [
            2.992899,
            36.699685
          ],
          [
            2.992928,
            36.700042
          ],
          [
            2.992931,
            36.700149
          ],
          [
            2.992923,
            36.700272
          ],
          [
            2.992899,
            36.700373
          ],
          [
            2.992861,
            36.700534
          ],
          [
            2.992818,
            36.700661
          ],
          [
            2.992644,
            36.701136
          ],
          [
            2.992625,
            36.701218
          ],
          [
            2.992617,
            36.7013
          ],
          [
            2.99262,
            36.701369
          ],
          [
            2.992622,
            36.701424
          ],
          [
            2.992639,
            36.701485
          ],
          [
            2.992655,
            36.701534
          ],
          [
            2.992676,
            36.701584
          ],
          [
            2.992698,
            36.701633
          ],
          [
            2.992722,
            36.701687
          ],
          [
            2.992808,
            36.701824
          ],
          [
            2.992848,
            36.701837
          ],
          [
            2.992883,
            36.701859
          ],
          [
            2.992912,
            36.701885
          ],
          [
            2.992934,
            36.701915
          ],
          [
            2.993041,
            36.701988
          ],
          [
            2.9931,
            36.702033
          ],
          [
            2.993156,
            36.702082
          ],
          [
            2.993191,
            36.702119
          ],
          [
            2.993221,
            36.702151
          ],
          [
            2.993288,
            36.702235
          ],
          [
            2.993355,
            36.702328
          ],
          [
            2.993395,
            36.702401
          ],
          [
            2.993441,
            36.702476
          ],
          [
            2.993475,
            36.702556
          ],
          [
            2.993851,
            36.703315
          ],
          [
            2.994025,
            36.7037
          ],
          [
            2.99409,
            36.703829
          ],
          [
            2.994165,
            36.70394
          ],
          [
            2.994237,
            36.704033
          ],
          [
            2.994355,
            36.704158
          ],
          [
            2.994398,
            36.704207
          ],
          [
            2.994511,
            36.704306
          ],
          [
            2.994631,
            36.704394
          ],
          [
            2.994755,
            36.704478
          ],
          [
            2.994884,
            36.704555
          ],
          [
            2.995015,
            36.704626
          ],
          [
            2.995535,
            36.704943
          ],
          [
            2.995782,
            36.705093
          ],
          [
            2.995873,
            36.705151
          ],
          [
            2.995954,
            36.705214
          ],
          [
            2.996029,
            36.705282
          ],
          [
            2.996093,
            36.705355
          ],
          [
            2.996144,
            36.705424
          ],
          [
            2.99619,
            36.705497
          ],
          [
            2.996225,
            36.70557
          ],
          [
            2.996254,
            36.705648
          ],
          [
            2.996273,
            36.705725
          ],
          [
            2.996319,
            36.706037
          ],
          [
            2.996356,
            36.706349
          ],
          [
            2.996394,
            36.706663
          ],
          [
            2.996428,
            36.706975
          ],
          [
            2.996482,
            36.707357
          ],
          [
            2.996517,
            36.707605
          ],
          [
            2.99653,
            36.707661
          ],
          [
            2.996544,
            36.707723
          ],
          [
            2.996571,
            36.707803
          ],
          [
            2.996622,
            36.707929
          ],
          [
            2.996691,
            36.708073
          ],
          [
            2.996721,
            36.708132
          ],
          [
            2.99685,
            36.708392
          ],
          [
            2.996911,
            36.708519
          ],
          [
            2.996938,
            36.708572
          ],
          [
            2.997091,
            36.708798
          ],
          [
            2.997188,
            36.708989
          ],
          [
            2.997348,
            36.709239
          ],
          [
            2.997585,
            36.709546
          ],
          [
            2.997931,
            36.710105
          ],
          [
            2.997965,
            36.710344
          ],
          [
            2.997952,
            36.710675
          ],
          [
            2.997874,
            36.710933
          ],
          [
            2.997721,
            36.711135
          ],
          [
            2.997536,
            36.71131
          ],
          [
            2.997397,
            36.711391
          ],
          [
            2.997198,
            36.711505
          ],
          [
            2.996842,
            36.71169
          ],
          [
            2.996662,
            36.71178
          ],
          [
            2.996919,
            36.711488
          ],
          [
            2.996973,
            36.711518
          ],
          [
            2.996919,
            36.711488
          ],
          [
            2.996994,
            36.711402
          ],
          [
            2.99704,
            36.711327
          ],
          [
            2.997072,
            36.711245
          ],
          [
            2.997056,
            36.711159
          ],
          [
            2.995439,
            36.712245
          ],
          [
            2.995557,
            36.712238
          ],
          [
            2.995643,
            36.712241
          ],
          [
            2.996002,
            36.712249
          ],
          [
            2.996265,
            36.712228
          ],
          [
            2.996442,
            36.712342
          ],
          [
            2.996635,
            36.712404
          ],
          [
            2.996909,
            36.712443
          ],
          [
            2.99707,
            36.712477
          ],
          [
            2.997526,
            36.712497
          ],
          [
            2.997767,
            36.712501
          ],
          [
            2.997823,
            36.712507
          ],
          [
            2.99788,
            36.712527
          ],
          [
            2.997909,
            36.712542
          ],
          [
            2.997925,
            36.712565
          ],
          [
            2.997791,
            36.71349
          ],
          [
            2.997724,
            36.713901
          ],
          [
            2.997627,
            36.714479
          ],
          [
            2.997585,
            36.714883
          ],
          [
            2.997526,
            36.715339
          ],
          [
            2.997499,
            36.715597
          ],
          [
            2.997483,
            36.715664
          ],
          [
            2.997314,
            36.716042
          ],
          [
            2.997314,
            36.716102
          ],
          [
            2.997314,
            36.716186
          ],
          [
            2.997298,
            36.716307
          ],
          [
            2.997332,
            36.716319
          ],
          [
            2.99748,
            36.716291
          ],
          [
            2.997646,
            36.716322
          ],
          [
            2.998078,
            36.716399
          ],
          [
            2.998564,
            36.716485
          ],
          [
            2.999532,
            36.716681
          ],
          [
            2.999682,
            36.716706
          ],
          [
            2.99984,
            36.716715
          ],
          [
            3.000049,
            36.7167
          ],
          [
            3.000285,
            36.716661
          ],
          [
            3.000648,
            36.716599
          ],
          [
            3.001452,
            36.716461
          ],
          [
            3.001611,
            36.716431
          ],
          [
            3.001999,
            36.716358
          ],
          [
            3.002198,
            36.716313
          ],
          [
            3.002337,
            36.716266
          ],
          [
            3.002552,
            36.71616
          ],
          [
            3.002716,
            36.716117
          ],
          [
            3.002729,
            36.716083
          ],
          [
            3.002742,
            36.716068
          ],
          [
            3.002791,
            36.716036
          ],
          [
            3.002826,
            36.716027
          ],
          [
            3.002871,
            36.716029
          ],
          [
            3.002925,
            36.716051
          ],
          [
            3.002957,
            36.716085
          ],
          [
            3.00297,
            36.716124
          ],
          [
            3.002965,
            36.716162
          ],
          [
            3.00293,
            36.716205
          ],
          [
            3.002874,
            36.716229
          ],
          [
            3.002823,
            36.716231
          ],
          [
            3.00278,
            36.716218
          ],
          [
            3.00275,
            36.716201
          ],
          [
            3.002614,
            36.716242
          ],
          [
            3.002388,
            36.716352
          ],
          [
            3.002254,
            36.716399
          ],
          [
            3.002024,
            36.716453
          ],
          [
            3.001468,
            36.716558
          ],
          [
            3.000275,
            36.716767
          ],
          [
            3.000218,
            36.716773
          ],
          [
            3.000036,
            36.716797
          ],
          [
            2.999795,
            36.716807
          ],
          [
            2.999628,
            36.71679
          ],
          [
            2.999462,
            36.716756
          ],
          [
            2.999298,
            36.716717
          ],
          [
            2.999097,
            36.716672
          ],
          [
            2.998416,
            36.716545
          ],
          [
            2.998295,
            36.716526
          ],
          [
            2.998177,
            36.716506
          ],
          [
            2.997992,
            36.71658
          ],
          [
            2.997761,
            36.716548
          ],
          [
            2.997759,
            36.71656
          ],
          [
            2.997761,
            36.716548
          ],
          [
            2.997595,
            36.716526
          ],
          [
            2.997501,
            36.716537
          ],
          [
            2.997389,
            36.716522
          ],
          [
            2.997319,
            36.716481
          ],
          [
            2.997268,
            36.716487
          ],
          [
            2.99723,
            36.716481
          ],
          [
            2.997169,
            36.716509
          ],
          [
            2.997107,
            36.716584
          ],
          [
            2.996976,
            36.71678
          ],
          [
            2.996874,
            36.716943
          ],
          [
            2.996761,
            36.717145
          ],
          [
            2.996718,
            36.717231
          ],
          [
            2.996683,
            36.717321
          ],
          [
            2.996651,
            36.717431
          ],
          [
            2.996619,
            36.71753
          ],
          [
            2.996544,
            36.717762
          ],
          [
            2.996493,
            36.717941
          ],
          [
            2.996455,
            36.718065
          ],
          [
            2.996294,
            36.718474
          ],
          [
            2.996241,
            36.718603
          ],
          [
            2.995948,
            36.719267
          ],
          [
            2.99583,
            36.719471
          ],
          [
            2.995787,
            36.719538
          ],
          [
            2.995728,
            36.719609
          ],
          [
            2.995686,
            36.71965
          ],
          [
            2.995651,
            36.719682
          ],
          [
            2.995498,
            36.719815
          ],
          [
            2.995447,
            36.719861
          ],
          [
            2.995385,
            36.71991
          ],
          [
            2.995326,
            36.719949
          ],
          [
            2.99528,
            36.719985
          ],
          [
            2.99524,
            36.720015
          ],
          [
            2.995168,
            36.720073
          ],
          [
            2.995162,
            36.720095
          ],
          [
            2.995149,
            36.720112
          ],
          [
            2.99513,
            36.720125
          ],
          [
            2.995106,
            36.720134
          ],
          [
            2.995079,
            36.720134
          ],
          [
            2.995055,
            36.720127
          ],
          [
            2.994975,
            36.720205
          ],
          [
            2.994808,
            36.72034
          ],
          [
            2.9945,
            36.7206
          ],
          [
            2.994157,
            36.720871
          ],
          [
            2.993953,
            36.721039
          ],
          [
            2.993537,
            36.721381
          ],
          [
            2.993199,
            36.721671
          ],
          [
            2.993084,
            36.721776
          ],
          [
            2.992539,
            36.722296
          ],
          [
            2.992024,
            36.722774
          ],
          [
            2.991724,
            36.723068
          ],
          [
            2.991249,
            36.723502
          ],
          [
            2.990984,
            36.723754
          ],
          [
            2.990809,
            36.723939
          ],
          [
            2.990621,
            36.724186
          ],
          [
            2.990375,
            36.724534
          ],
          [
            2.990326,
            36.724608
          ],
          [
            2.990211,
            36.72478
          ],
          [
            2.990176,
            36.724887
          ],
          [
            2.990171,
            36.725014
          ],
          [
            2.990203,
            36.725048
          ],
          [
            2.990225,
            36.725087
          ],
          [
            2.990227,
            36.725128
          ],
          [
            2.990219,
            36.725169
          ],
          [
            2.990198,
            36.725203
          ],
          [
            2.990166,
            36.725231
          ],
          [
            2.990125,
            36.72525
          ],
          [
            2.99008,
            36.725263
          ],
          [
            2.990061,
            36.725295
          ],
          [
            2.99005,
            36.72533
          ],
          [
            2.990042,
            36.725366
          ],
          [
            2.990042,
            36.725401
          ],
          [
            2.990048,
            36.725437
          ],
          [
            2.990061,
            36.725476
          ],
          [
            2.990074,
            36.72551
          ],
          [
            2.990394,
            36.726162
          ],
          [
            2.990579,
            36.726553
          ],
          [
            2.990833,
            36.72706
          ],
          [
            2.990876,
            36.727146
          ],
          [
            2.990898,
            36.727189
          ],
          [
            2.99093,
            36.727243
          ],
          [
            2.990962,
            36.727297
          ],
          [
            2.990997,
            36.727349
          ],
          [
            2.991032,
            36.727411
          ],
          [
            2.991064,
            36.727482
          ],
          [
            2.991346,
            36.728094
          ],
          [
            2.991657,
            36.728819
          ],
          [
            2.991925,
            36.729421
          ],
          [
            2.99226,
            36.730171
          ],
          [
            2.992521,
            36.730709
          ],
          [
            2.992834,
            36.731474
          ],
          [
            2.992891,
            36.731648
          ],
          [
            2.992963,
            36.731975
          ],
          [
            2.992985,
            36.732059
          ],
          [
            2.993035,
            36.732323
          ],
          [
            2.993097,
            36.732553
          ],
          [
            2.993108,
            36.7326
          ],
          [
            2.993127,
            36.732663
          ],
          [
            2.99317,
            36.732753
          ],
          [
            2.993242,
            36.732875
          ],
          [
            2.993341,
            36.732968
          ],
          [
            2.993381,
            36.733015
          ],
          [
            2.993395,
            36.733069
          ],
          [
            2.993381,
            36.733123
          ],
          [
            2.993349,
            36.733161
          ],
          [
            2.993325,
            36.733333
          ],
          [
            2.993312,
            36.733428
          ],
          [
            2.993298,
            36.73352
          ],
          [
            2.993304,
            36.733649
          ],
          [
            2.993304,
            36.733735
          ],
          [
            2.993325,
            36.734449
          ],
          [
            2.993314,
            36.735077
          ],
          [
            2.993336,
            36.735102
          ],
          [
            2.993344,
            36.735132
          ],
          [
            2.993336,
            36.735163
          ],
          [
            2.993317,
            36.735188
          ],
          [
            2.993309,
            36.735425
          ],
          [
            2.993309,
            36.735534
          ],
          [
            2.993312,
            36.735681
          ],
          [
            2.993314,
            36.735885
          ],
          [
            2.993317,
            36.736119
          ],
          [
            2.99332,
            36.736257
          ],
          [
            2.993322,
            36.736313
          ],
          [
            2.993336,
            36.736504
          ],
          [
            2.993365,
            36.73665
          ],
          [
            2.99369,
            36.737761
          ],
          [
            2.9938,
            36.738217
          ],
          [
            2.994041,
            36.739176
          ],
          [
            2.994173,
            36.739614
          ],
          [
            2.99424,
            36.739767
          ],
          [
            2.994323,
            36.739924
          ],
          [
            2.994352,
            36.739949
          ],
          [
            2.994371,
            36.739979
          ],
          [
            2.994374,
            36.740014
          ],
          [
            2.994369,
            36.74004
          ],
          [
            2.994382,
            36.740166
          ],
          [
            2.994401,
            36.740295
          ],
          [
            2.99447,
            36.740635
          ],
          [
            2.994588,
            36.741039
          ],
          [
            2.994715,
            36.741439
          ],
          [
            2.994763,
            36.741899
          ],
          [
            2.99479,
            36.742256
          ],
          [
            2.99483,
            36.742382
          ],
          [
            2.994956,
            36.742595
          ],
          [
            2.994972,
            36.7426
          ],
          [
            2.994999,
            36.742612
          ],
          [
            2.995018,
            36.742632
          ],
          [
            2.995031,
            36.742653
          ],
          [
            2.995036,
            36.742677
          ],
          [
            2.995036,
            36.742703
          ],
          [
            2.995026,
            36.742724
          ],
          [
            2.995015,
            36.742739
          ],
          [
            2.995087,
            36.742898
          ],
          [
            2.995125,
            36.742961
          ],
          [
            2.995589,
            36.743515
          ],
          [
            2.995723,
            36.743683
          ],
          [
            2.99582,
            36.743797
          ],
          [
            2.995951,
            36.743971
          ],
          [
            2.996297,
            36.744403
          ],
          [
            2.996327,
            36.744437
          ],
          [
            2.996359,
            36.744472
          ],
          [
            2.996391,
            36.744502
          ],
          [
            2.996469,
            36.74457
          ],
          [
            2.996482,
            36.744588
          ],
          [
            2.996493,
            36.744607
          ],
          [
            2.996501,
            36.744626
          ],
          [
            2.996506,
            36.744648
          ],
          [
            2.996536,
            36.744669
          ],
          [
            2.997123,
            36.745121
          ],
          [
            2.997182,
            36.745181
          ],
          [
            2.997247,
            36.745239
          ],
          [
            2.997316,
            36.745295
          ],
          [
            2.997386,
            36.745346
          ],
          [
            2.997461,
            36.745396
          ],
          [
            2.997461,
            36.745372
          ],
          [
            2.997469,
            36.745351
          ],
          [
            2.997485,
            36.745331
          ],
          [
            2.997509,
            36.745316
          ],
          [
            2.997536,
            36.745308
          ],
          [
            2.997566,
            36.745308
          ],
          [
            2.997603,
            36.745318
          ],
          [
            2.99763,
            36.745338
          ],
          [
            2.997646,
            36.745368
          ],
          [
            2.997646,
            36.7454
          ],
          [
            2.997762,
            36.745495
          ],
          [
            2.997896,
            36.745613
          ],
          [
            2.997973,
            36.745723
          ],
          [
            2.997998,
            36.745783
          ],
          [
            2.998006,
            36.745851
          ],
          [
            2.997995,
            36.745935
          ],
          [
            2.997965,
            36.746017
          ],
          [
            2.997922,
            36.746084
          ],
          [
            2.997861,
            36.746148
          ],
          [
            2.997652,
            36.746303
          ],
          [
            2.99733,
            36.746498
          ],
          [
            2.997137,
            36.746606
          ],
          [
            2.996981,
            36.746668
          ],
          [
            2.99682,
            36.746722
          ],
          [
            2.996667,
            36.746767
          ],
          [
            2.99645,
            36.746838
          ],
          [
            2.996305,
            36.746879
          ],
          [
            2.996133,
            36.746941
          ],
          [
            2.996002,
            36.747006
          ],
          [
            2.995742,
            36.74721
          ],
          [
            2.99546,
            36.747414
          ],
          [
            2.995278,
            36.747511
          ],
          [
            2.995259,
            36.747556
          ],
          [
            2.995221,
            36.747594
          ],
          [
            2.995173,
            36.747622
          ],
          [
            2.995122,
            36.74765
          ],
          [
            2.994961,
            36.747736
          ],
          [
            2.994387,
            36.748151
          ],
          [
            2.994116,
            36.748355
          ],
          [
            2.993982,
            36.748463
          ],
          [
            2.993864,
            36.748562
          ],
          [
            2.993727,
            36.748701
          ],
          [
            2.993553,
            36.748893
          ],
          [
            2.993371,
            36.749196
          ],
          [
            2.993288,
            36.74938
          ],
          [
            2.99329,
            36.749664
          ],
          [
            2.993333,
            36.749776
          ],
          [
            2.993365,
            36.749834
          ],
          [
            2.993406,
            36.749888
          ],
          [
            2.993486,
            36.749963
          ],
          [
            2.993542,
            36.749993
          ],
          [
            2.99362,
            36.750019
          ],
          [
            2.993682,
            36.750034
          ],
          [
            2.99376,
            36.750038
          ],
          [
            2.99391,
            36.75004
          ],
          [
            2.993985,
            36.750036
          ],
          [
            2.994082,
            36.750023
          ],
          [
            2.994127,
            36.75001
          ],
          [
            2.994119,
            36.749991
          ],
          [
            2.994127,
            36.75001
          ],
          [
            2.994428,
            36.749926
          ],
          [
            2.994639,
            36.749881
          ],
          [
            2.994841,
            36.749858
          ],
          [
            2.994969,
            36.749851
          ],
          [
            2.99509,
            36.749849
          ],
          [
            2.995275,
            36.749851
          ],
          [
            2.995449,
            36.74987
          ],
          [
            2.995565,
            36.749898
          ],
          [
            2.995653,
            36.749928
          ],
          [
            2.995801,
            36.749967
          ],
          [
            2.995943,
            36.750023
          ],
          [
            2.996115,
            36.75007
          ],
          [
            2.996273,
            36.750105
          ],
          [
            2.996391,
            36.750124
          ],
          [
            2.99653,
            36.750133
          ],
          [
            2.996678,
            36.75013
          ],
          [
            2.996879,
            36.750118
          ],
          [
            2.997107,
            36.7501
          ],
          [
            2.997161,
            36.750098
          ],
          [
            2.997209,
            36.750094
          ],
          [
            2.997249,
            36.750088
          ],
          [
            2.997335,
            36.750081
          ],
          [
            2.997359,
            36.750068
          ],
          [
            2.997391,
            36.75006
          ],
          [
            2.997421,
            36.75006
          ],
          [
            2.997453,
            36.750066
          ],
          [
            2.997509,
            36.750053
          ],
          [
            2.997585,
            36.750038
          ],
          [
            2.997652,
            36.750021
          ],
          [
            2.997735,
            36.749997
          ],
          [
            2.997818,
            36.749967
          ],
          [
            2.998038,
            36.749898
          ],
          [
            2.998274,
            36.749834
          ],
          [
            2.998408,
            36.749797
          ],
          [
            2.998561,
            36.749763
          ],
          [
            2.99866,
            36.749748
          ],
          [
            2.998749,
            36.749737
          ],
          [
            2.998845,
            36.749729
          ],
          [
            2.998958,
            36.749729
          ],
          [
            2.99906,
            36.749735
          ],
          [
            2.99918,
            36.749748
          ],
          [
            2.999272,
            36.749767
          ],
          [
            2.999376,
            36.749795
          ],
          [
            2.999553,
            36.749838
          ],
          [
            2.999661,
            36.749868
          ],
          [
            2.999776,
            36.749894
          ],
          [
            2.999872,
            36.749909
          ],
          [
            2.999945,
            36.749913
          ],
          [
            3.000036,
            36.749916
          ],
          [
            3.000133,
            36.749913
          ],
          [
            3.000226,
            36.749907
          ],
          [
            3.000334,
            36.749896
          ],
          [
            3.000417,
            36.749879
          ],
          [
            3.000516,
            36.749851
          ],
          [
            3.000634,
            36.749817
          ],
          [
            3.000739,
            36.749784
          ],
          [
            3.000873,
            36.749748
          ],
          [
            3.001106,
            36.74969
          ],
          [
            3.001246,
            36.749666
          ],
          [
            3.00135,
            36.749649
          ],
          [
            3.001433,
            36.749645
          ],
          [
            3.001509,
            36.749638
          ],
          [
            3.001584,
            36.749638
          ],
          [
            3.00168,
            36.749647
          ],
          [
            3.001774,
            36.749664
          ],
          [
            3.001825,
            36.749683
          ],
          [
            3.001873,
            36.749701
          ],
          [
            3.001959,
            36.749737
          ],
          [
            3.002013,
            36.749767
          ],
          [
            3.00205,
            36.749795
          ],
          [
            3.002096,
            36.749832
          ],
          [
            3.002131,
            36.749868
          ],
          [
            3.002176,
            36.749916
          ],
          [
            3.002214,
            36.749963
          ],
          [
            3.002311,
            36.750109
          ],
          [
            3.002528,
            36.750442
          ],
          [
            3.002767,
            36.750816
          ],
          [
            3.003244,
            36.751577
          ],
          [
            3.003807,
            36.752458
          ],
          [
            3.003829,
            36.752488
          ],
          [
            3.003858,
            36.752516
          ],
          [
            3.003896,
            36.752544
          ],
          [
            3.003941,
            36.752557
          ],
          [
            3.003984,
            36.752563
          ],
          [
            3.00403,
            36.752557
          ],
          [
            3.00422,
            36.75251
          ],
          [
            3.004279,
            36.752475
          ],
          [
            3.00433,
            36.752462
          ],
          [
            3.004384,
            36.752462
          ],
          [
            3.004427,
            36.752471
          ],
          [
            3.004467,
            36.752488
          ],
          [
            3.004505,
            36.752516
          ],
          [
            3.004531,
            36.752548
          ],
          [
            3.004545,
            36.752587
          ],
          [
            3.004545,
            36.752628
          ],
          [
            3.004531,
            36.752664
          ],
          [
            3.00451,
            36.752694
          ],
          [
            3.004499,
            36.75275
          ],
          [
            3.004502,
            36.75278
          ],
          [
            3.00451,
            36.752825
          ],
          [
            3.004526,
            36.752903
          ],
          [
            3.004556,
            36.753021
          ],
          [
            3.004574,
            36.75304
          ],
          [
            3.004617,
            36.753055
          ],
          [
            3.004663,
            36.753068
          ],
          [
            3.004902,
            36.753124
          ],
          [
            3.004958,
            36.753133
          ],
          [
            3.005006,
            36.753137
          ],
          [
            3.005218,
            36.753139
          ],
          [
            3.005328,
            36.753133
          ],
          [
            3.005454,
            36.753126
          ],
          [
            3.005564,
            36.753122
          ],
          [
            3.005674,
            36.753118
          ],
          [
            3.005779,
            36.753109
          ],
          [
            3.005822,
            36.75272
          ]
        ]
      },
      "properties": {
        "name": "Cité abiziou - Gare routière de Ben Aknoun",
        "stroke": "#249CF2",
        "description": "L179-R"
      }
    },
    {
      "type": "Feature",
      "geometry": {
        "type": "LineString",
        "coordinates": [
          [
            3.005832,
            36.752718
          ],
          [
            3.00572,
            36.752692
          ],
          [
            3.00562,
            36.752666
          ],
          [
            3.005513,
            36.752641
          ],
          [
            3.005409,
            36.752613
          ],
          [
            3.005199,
            36.752546
          ],
          [
            3.005127,
            36.752527
          ],
          [
            3.004993,
            36.752494
          ],
          [
            3.004915,
            36.752484
          ],
          [
            3.004867,
            36.752479
          ],
          [
            3.004824,
            36.752479
          ],
          [
            3.004767,
            36.752486
          ],
          [
            3.004698,
            36.752497
          ],
          [
            3.004676,
            36.75251
          ],
          [
            3.004639,
            36.752535
          ],
          [
            3.004577,
            36.752587
          ],
          [
            3.004545,
            36.752628
          ],
          [
            3.004531,
            36.752664
          ],
          [
            3.00451,
            36.752694
          ],
          [
            3.00447,
            36.752727
          ],
          [
            3.004421,
            36.752748
          ],
          [
            3.004365,
            36.752755
          ],
          [
            3.004311,
            36.75275
          ],
          [
            3.004261,
            36.752731
          ],
          [
            3.004234,
            36.752714
          ],
          [
            3.004212,
            36.752694
          ],
          [
            3.004204,
            36.752684
          ],
          [
            3.004185,
            36.752654
          ],
          [
            3.004177,
            36.752621
          ],
          [
            3.00418,
            36.752587
          ],
          [
            3.004191,
            36.752555
          ],
          [
            3.004204,
            36.752531
          ],
          [
            3.00422,
            36.75251
          ],
          [
            3.004279,
            36.752475
          ],
          [
            3.00433,
            36.752462
          ],
          [
            3.004384,
            36.752462
          ],
          [
            3.004427,
            36.752471
          ],
          [
            3.004467,
            36.752488
          ],
          [
            3.004625,
            36.752415
          ],
          [
            3.004826,
            36.752331
          ],
          [
            3.004934,
            36.752282
          ],
          [
            3.005001,
            36.752241
          ],
          [
            3.005063,
            36.752183
          ],
          [
            3.005105,
            36.752121
          ],
          [
            3.005132,
            36.75205
          ],
          [
            3.005132,
            36.751998
          ],
          [
            3.005132,
            36.751989
          ],
          [
            3.005119,
            36.751912
          ],
          [
            3.005089,
            36.751845
          ],
          [
            3.005054,
            36.751792
          ],
          [
            3.005001,
            36.751747
          ],
          [
            3.004931,
            36.75171
          ],
          [
            3.004757,
            36.751652
          ],
          [
            3.004647,
            36.75162
          ],
          [
            3.004505,
            36.751577
          ],
          [
            3.004478,
            36.75157
          ],
          [
            3.004204,
            36.751484
          ],
          [
            3.004132,
            36.751463
          ],
          [
            3.004014,
            36.751426
          ],
          [
            3.003896,
            36.751381
          ],
          [
            3.00374,
            36.751308
          ],
          [
            3.003644,
            36.751261
          ],
          [
            3.003552,
            36.751209
          ],
          [
            3.003429,
            36.751132
          ],
          [
            3.003295,
            36.751037
          ],
          [
            3.003212,
            36.750964
          ],
          [
            3.003126,
            36.750883
          ],
          [
            3.00307,
            36.750825
          ],
          [
            3.002973,
            36.750709
          ],
          [
            3.002855,
            36.750547
          ],
          [
            3.002646,
            36.750231
          ],
          [
            3.002514,
            36.75004
          ],
          [
            3.002421,
            36.749913
          ],
          [
            3.002351,
            36.74983
          ],
          [
            3.002292,
            36.749769
          ],
          [
            3.002174,
            36.74966
          ],
          [
            3.002099,
            36.749593
          ],
          [
            3.002016,
            36.749535
          ],
          [
            3.001951,
            36.74949
          ],
          [
            3.001879,
            36.749449
          ],
          [
            3.001806,
            36.749408
          ],
          [
            3.001737,
            36.749374
          ],
          [
            3.001597,
            36.749312
          ],
          [
            3.001458,
            36.749258
          ],
          [
            3.001299,
            36.749204
          ],
          [
            3.001189,
            36.749176
          ],
          [
            3.001101,
            36.749155
          ],
          [
            3.00102,
            36.749138
          ],
          [
            3.000929,
            36.749125
          ],
          [
            3.000752,
            36.74911
          ],
          [
            3.000572,
            36.749103
          ],
          [
            3.000412,
            36.749103
          ],
          [
            3.000267,
            36.74911
          ],
          [
            3.000111,
            36.749125
          ],
          [
            2.999958,
            36.749146
          ],
          [
            2.999781,
            36.749176
          ],
          [
            2.99961,
            36.749209
          ],
          [
            2.999046,
            36.749316
          ],
          [
            2.998706,
            36.74938
          ],
          [
            2.998419,
            36.749432
          ],
          [
            2.99826,
            36.74946
          ],
          [
            2.998065,
            36.749486
          ],
          [
            2.997837,
            36.749514
          ],
          [
            2.997625,
            36.749537
          ],
          [
            2.997472,
            36.74955
          ],
          [
            2.997314,
            36.749561
          ],
          [
            2.996965,
            36.749578
          ],
          [
            2.996305,
            36.749608
          ],
          [
            2.995895,
            36.749606
          ],
          [
            2.9955,
            36.749593
          ],
          [
            2.994827,
            36.749542
          ],
          [
            2.994441,
            36.749503
          ],
          [
            2.993996,
            36.749421
          ],
          [
            2.99351,
            36.749327
          ],
          [
            2.993277,
            36.749273
          ],
          [
            2.993089,
            36.749221
          ],
          [
            2.992759,
            36.749131
          ],
          [
            2.992499,
            36.749049
          ],
          [
            2.99189,
            36.74886
          ],
          [
            2.991828,
            36.748938
          ],
          [
            2.991775,
            36.749017
          ],
          [
            2.991761,
            36.749052
          ],
          [
            2.991759,
            36.749088
          ],
          [
            2.991769,
            36.749123
          ],
          [
            2.991791,
            36.749153
          ],
          [
            2.99182,
            36.749178
          ],
          [
            2.991858,
            36.749196
          ],
          [
            2.992234,
            36.749297
          ],
          [
            2.992295,
            36.749312
          ],
          [
            2.992354,
            36.749325
          ],
          [
            2.992419,
            36.749331
          ],
          [
            2.99248,
            36.749337
          ],
          [
            2.992518,
            36.749329
          ],
          [
            2.992555,
            36.749329
          ],
          [
            2.992593,
            36.749335
          ],
          [
            2.992628,
            36.74935
          ],
          [
            2.992655,
            36.74937
          ],
          [
            2.992676,
            36.749395
          ],
          [
            2.992689,
            36.749426
          ],
          [
            2.992692,
            36.749454
          ],
          [
            2.992687,
            36.749481
          ],
          [
            2.992676,
            36.749507
          ],
          [
            2.992655,
            36.749531
          ],
          [
            2.992647,
            36.749582
          ],
          [
            2.992647,
            36.749636
          ],
          [
            2.992647,
            36.749688
          ],
          [
            2.992655,
            36.749741
          ],
          [
            2.992695,
            36.7498
          ],
          [
            2.992732,
            36.749815
          ],
          [
            2.992767,
            36.749825
          ],
          [
            2.992797,
            36.749827
          ],
          [
            2.992829,
            36.749825
          ],
          [
            2.992875,
            36.74981
          ],
          [
            2.992917,
            36.749787
          ],
          [
            2.992955,
            36.749757
          ],
          [
            2.992987,
            36.74972
          ],
          [
            2.993044,
            36.749625
          ],
          [
            2.993137,
            36.749389
          ],
          [
            2.993167,
            36.749279
          ],
          [
            2.993207,
            36.749174
          ],
          [
            2.993255,
            36.749071
          ],
          [
            2.993317,
            36.748972
          ],
          [
            2.993387,
            36.748878
          ],
          [
            2.993478,
            36.748761
          ],
          [
            2.993599,
            36.748633
          ],
          [
            2.99369,
            36.748547
          ],
          [
            2.994079,
            36.748213
          ],
          [
            2.99432,
            36.748009
          ],
          [
            2.994575,
            36.74779
          ],
          [
            2.994902,
            36.747446
          ],
          [
            2.994924,
            36.747403
          ],
          [
            2.994951,
            36.747375
          ],
          [
            2.994948,
            36.747302
          ],
          [
            2.994959,
            36.747216
          ],
          [
            2.99501,
            36.747107
          ],
          [
            2.995023,
            36.747077
          ],
          [
            2.995095,
            36.746954
          ],
          [
            2.995192,
            36.746823
          ],
          [
            2.995433,
            36.746445
          ],
          [
            2.995621,
            36.746172
          ],
          [
            2.995677,
            36.745998
          ],
          [
            2.995691,
            36.745959
          ],
          [
            2.995723,
            36.745783
          ],
          [
            2.995769,
            36.74554
          ],
          [
            2.995804,
            36.745301
          ],
          [
            2.995814,
            36.745147
          ],
          [
            2.995841,
            36.745022
          ],
          [
            2.995913,
            36.744869
          ],
          [
            2.995997,
            36.744736
          ],
          [
            2.996099,
            36.744583
          ],
          [
            2.996192,
            36.744457
          ],
          [
            2.996163,
            36.744424
          ],
          [
            2.996139,
            36.744392
          ],
          [
            2.996117,
            36.744358
          ],
          [
            2.996091,
            36.744304
          ],
          [
            2.996061,
            36.74425
          ],
          [
            2.996029,
            36.744197
          ],
          [
            2.995594,
            36.74364
          ],
          [
            2.995297,
            36.743298
          ],
          [
            2.99512,
            36.743107
          ],
          [
            2.994969,
            36.74292
          ],
          [
            2.994846,
            36.742752
          ],
          [
            2.994822,
            36.742724
          ],
          [
            2.994808,
            36.74269
          ],
          [
            2.99474,
            36.742514
          ],
          [
            2.994658,
            36.742535
          ],
          [
            2.99474,
            36.742514
          ],
          [
            2.994725,
            36.742477
          ],
          [
            2.99469,
            36.742288
          ],
          [
            2.994666,
            36.741981
          ],
          [
            2.994647,
            36.741723
          ],
          [
            2.994602,
            36.741458
          ],
          [
            2.99447,
            36.741048
          ],
          [
            2.994347,
            36.740646
          ],
          [
            2.994237,
            36.740323
          ],
          [
            2.994192,
            36.740194
          ],
          [
            2.994151,
            36.740072
          ],
          [
            2.99413,
            36.740046
          ],
          [
            2.994122,
            36.740018
          ],
          [
            2.994122,
            36.739988
          ],
          [
            2.994106,
            36.739853
          ],
          [
            2.994084,
            36.739715
          ],
          [
            2.994044,
            36.739547
          ],
          [
            2.993937,
            36.739156
          ],
          [
            2.993749,
            36.738425
          ],
          [
            2.993508,
            36.73757
          ],
          [
            2.99325,
            36.73671
          ],
          [
            2.993207,
            36.736512
          ],
          [
            2.993194,
            36.736396
          ],
          [
            2.993191,
            36.736297
          ],
          [
            2.993186,
            36.735917
          ],
          [
            2.993175,
            36.735388
          ],
          [
            2.993175,
            36.735272
          ],
          [
            2.993175,
            36.73519
          ],
          [
            2.993154,
            36.735165
          ],
          [
            2.993145,
            36.735135
          ],
          [
            2.993154,
            36.735104
          ],
          [
            2.993172,
            36.735079
          ],
          [
            2.993188,
            36.734642
          ],
          [
            2.993162,
            36.734094
          ],
          [
            2.993135,
            36.733746
          ],
          [
            2.993132,
            36.733617
          ],
          [
            2.99314,
            36.733411
          ],
          [
            2.99314,
            36.733316
          ],
          [
            2.993127,
            36.733181
          ],
          [
            2.993103,
            36.733161
          ],
          [
            2.993073,
            36.733129
          ],
          [
            2.993057,
            36.73309
          ],
          [
            2.993057,
            36.733049
          ],
          [
            2.993062,
            36.733019
          ],
          [
            2.993084,
            36.732987
          ],
          [
            2.993014,
            36.732798
          ],
          [
            2.992885,
            36.732267
          ],
          [
            2.992749,
            36.731743
          ],
          [
            2.992692,
            36.731753
          ],
          [
            2.992749,
            36.731743
          ],
          [
            2.992738,
            36.7317
          ],
          [
            2.992657,
            36.731381
          ],
          [
            2.992571,
            36.7311
          ],
          [
            2.992314,
            36.730545
          ],
          [
            2.991971,
            36.729823
          ],
          [
            2.991735,
            36.729245
          ],
          [
            2.991426,
            36.728574
          ],
          [
            2.991322,
            36.728316
          ],
          [
            2.990962,
            36.727512
          ],
          [
            2.990874,
            36.727331
          ],
          [
            2.990756,
            36.727078
          ],
          [
            2.990632,
            36.726809
          ],
          [
            2.990525,
            36.726564
          ],
          [
            2.98997,
            36.725437
          ],
          [
            2.989951,
            36.725394
          ],
          [
            2.989938,
            36.725349
          ],
          [
            2.989927,
            36.725304
          ],
          [
            2.989916,
            36.725259
          ],
          [
            2.989911,
            36.725214
          ],
          [
            2.989884,
            36.725179
          ],
          [
            2.98987,
            36.725139
          ],
          [
            2.989873,
            36.725093
          ],
          [
            2.989892,
            36.725053
          ],
          [
            2.989924,
            36.725016
          ],
          [
            2.989938,
            36.725007
          ],
          [
            2.989994,
            36.724954
          ],
          [
            2.990249,
            36.72458
          ],
          [
            2.990619,
            36.724079
          ],
          [
            2.99067,
            36.72401
          ],
          [
            2.990713,
            36.723978
          ],
          [
            2.9909,
            36.723737
          ],
          [
            2.991174,
            36.723479
          ],
          [
            2.991458,
            36.723212
          ],
          [
            2.991802,
            36.722877
          ],
          [
            2.99222,
            36.722481
          ],
          [
            2.992488,
            36.722223
          ],
          [
            2.992727,
            36.722017
          ],
          [
            2.992934,
            36.72183
          ],
          [
            2.993111,
            36.721643
          ],
          [
            2.993188,
            36.721572
          ],
          [
            2.993644,
            36.721215
          ],
          [
            2.994006,
            36.720916
          ],
          [
            2.994312,
            36.720658
          ],
          [
            2.994436,
            36.720553
          ],
          [
            2.994752,
            36.720295
          ],
          [
            2.994953,
            36.720106
          ],
          [
            2.994967,
            36.720097
          ],
          [
            2.99498,
            36.720093
          ],
          [
            2.995012,
            36.720082
          ],
          [
            2.99501,
            36.720067
          ],
          [
            2.995015,
            36.72005
          ],
          [
            2.995026,
            36.720035
          ],
          [
            2.995039,
            36.72002
          ],
          [
            2.995061,
            36.720011
          ],
          [
            2.995082,
            36.720007
          ],
          [
            2.995095,
            36.720007
          ],
          [
            2.995197,
            36.719942
          ],
          [
            2.995211,
            36.719931
          ],
          [
            2.995286,
            36.719878
          ],
          [
            2.995348,
            36.719833
          ],
          [
            2.995393,
            36.719794
          ],
          [
            2.995439,
            36.719757
          ],
          [
            2.99553,
            36.719684
          ],
          [
            2.995616,
            36.719603
          ],
          [
            2.995686,
            36.719525
          ],
          [
            2.995728,
            36.719474
          ],
          [
            2.995774,
            36.719407
          ],
          [
            2.995828,
            36.719308
          ],
          [
            2.995863,
            36.719239
          ],
          [
            2.995916,
            36.719112
          ],
          [
            2.995975,
            36.718977
          ],
          [
            2.996053,
            36.718803
          ],
          [
            2.996128,
            36.718639
          ],
          [
            2.996246,
            36.718375
          ],
          [
            2.996364,
            36.718095
          ],
          [
            2.996418,
            36.717921
          ],
          [
            2.996463,
            36.717771
          ],
          [
            2.996536,
            36.717571
          ],
          [
            2.996606,
            36.717354
          ],
          [
            2.996694,
            36.717145
          ],
          [
            2.99675,
            36.717016
          ],
          [
            2.996895,
            36.716737
          ],
          [
            2.99693,
            36.716678
          ],
          [
            2.99704,
            36.716517
          ],
          [
            2.997161,
            36.716393
          ],
          [
            2.997171,
            36.716358
          ],
          [
            2.997185,
            36.716339
          ],
          [
            2.997212,
            36.716319
          ],
          [
            2.997314,
            36.716102
          ],
          [
            2.997314,
            36.716042
          ],
          [
            2.997483,
            36.715664
          ],
          [
            2.997499,
            36.715597
          ],
          [
            2.997526,
            36.715339
          ],
          [
            2.997585,
            36.714883
          ],
          [
            2.997627,
            36.714479
          ],
          [
            2.997724,
            36.713901
          ],
          [
            2.997791,
            36.71349
          ],
          [
            2.997925,
            36.712565
          ],
          [
            2.997909,
            36.712542
          ],
          [
            2.99788,
            36.712527
          ],
          [
            2.997823,
            36.712507
          ],
          [
            2.997767,
            36.712501
          ],
          [
            2.997526,
            36.712497
          ],
          [
            2.99707,
            36.712477
          ],
          [
            2.996909,
            36.712443
          ],
          [
            2.996635,
            36.712404
          ],
          [
            2.996442,
            36.712342
          ],
          [
            2.996265,
            36.712228
          ],
          [
            2.996246,
            36.71218
          ],
          [
            2.996243,
            36.712109
          ],
          [
            2.996316,
            36.71198
          ],
          [
            2.996533,
            36.711854
          ],
          [
            2.996662,
            36.71178
          ],
          [
            2.996842,
            36.71169
          ],
          [
            2.997198,
            36.711505
          ],
          [
            2.997397,
            36.711391
          ],
          [
            2.997536,
            36.71131
          ],
          [
            2.997721,
            36.711135
          ],
          [
            2.997874,
            36.710933
          ],
          [
            2.997952,
            36.710675
          ],
          [
            2.997965,
            36.710344
          ],
          [
            2.997931,
            36.710105
          ],
          [
            2.997585,
            36.709546
          ],
          [
            2.997348,
            36.709239
          ],
          [
            2.997188,
            36.708989
          ],
          [
            2.997099,
            36.708914
          ],
          [
            2.997019,
            36.708828
          ],
          [
            2.996876,
            36.708628
          ],
          [
            2.996783,
            36.708463
          ],
          [
            2.996665,
            36.708218
          ],
          [
            2.996622,
            36.708132
          ],
          [
            2.996592,
            36.708071
          ],
          [
            2.996538,
            36.707953
          ],
          [
            2.996506,
            36.707869
          ],
          [
            2.996474,
            36.707744
          ],
          [
            2.996458,
            36.707686
          ],
          [
            2.99645,
            36.707637
          ],
          [
            2.99641,
            36.707426
          ],
          [
            2.996402,
            36.707368
          ],
          [
            2.996388,
            36.707254
          ],
          [
            2.996375,
            36.707162
          ],
          [
            2.996359,
            36.707071
          ],
          [
            2.996351,
            36.706981
          ],
          [
            2.99634,
            36.706899
          ],
          [
            2.996233,
            36.70602
          ],
          [
            2.996217,
            36.705878
          ],
          [
            2.996206,
            36.705794
          ],
          [
            2.996184,
            36.70571
          ],
          [
            2.996155,
            36.705629
          ],
          [
            2.996117,
            36.705551
          ],
          [
            2.996072,
            36.705474
          ],
          [
            2.996015,
            36.705403
          ],
          [
            2.995954,
            36.705334
          ],
          [
            2.995884,
            36.705269
          ],
          [
            2.995806,
            36.705211
          ],
          [
            2.995723,
            36.705158
          ],
          [
            2.994859,
            36.704611
          ],
          [
            2.994739,
            36.704543
          ],
          [
            2.994623,
            36.704469
          ],
          [
            2.994513,
            36.704392
          ],
          [
            2.994457,
            36.704345
          ],
          [
            2.994409,
            36.704308
          ],
          [
            2.99431,
            36.704218
          ],
          [
            2.994218,
            36.704125
          ],
          [
            2.994133,
            36.704026
          ],
          [
            2.994076,
            36.703949
          ],
          [
            2.99402,
            36.703867
          ],
          [
            2.99395,
            36.703745
          ],
          [
            2.993698,
            36.70322
          ],
          [
            2.99339,
            36.702558
          ],
          [
            2.99332,
            36.702433
          ],
          [
            2.993274,
            36.702351
          ],
          [
            2.993231,
            36.702298
          ],
          [
            2.993183,
            36.70225
          ],
          [
            2.993127,
            36.702207
          ],
          [
            2.993062,
            36.702173
          ],
          [
            2.992993,
            36.702145
          ],
          [
            2.992917,
            36.702125
          ],
          [
            2.992842,
            36.702113
          ],
          [
            2.992799,
            36.702123
          ],
          [
            2.992754,
            36.702125
          ],
          [
            2.992711,
            36.702121
          ],
          [
            2.992663,
            36.702106
          ],
          [
            2.99262,
            36.70208
          ],
          [
            2.992588,
            36.702048
          ],
          [
            2.992569,
            36.702009
          ],
          [
            2.992563,
            36.701966
          ],
          [
            2.992574,
            36.701925
          ],
          [
            2.992547,
            36.701824
          ],
          [
            2.992537,
            36.701775
          ],
          [
            2.992518,
            36.701704
          ],
          [
            2.992507,
            36.701663
          ],
          [
            2.992499,
            36.701607
          ],
          [
            2.992494,
            36.701553
          ],
          [
            2.992491,
            36.701502
          ],
          [
            2.992488,
            36.701446
          ],
          [
            2.992491,
            36.701366
          ],
          [
            2.992499,
            36.701295
          ],
          [
            2.992518,
            36.701205
          ],
          [
            2.992719,
            36.700633
          ],
          [
            2.992751,
            36.700506
          ],
          [
            2.992786,
            36.700336
          ],
          [
            2.992802,
            36.700242
          ],
          [
            2.992808,
            36.700134
          ],
          [
            2.992802,
            36.700016
          ],
          [
            2.992748,
            36.699405
          ],
          [
            2.992735,
            36.698784
          ],
          [
            2.992727,
            36.698661
          ],
          [
            2.992708,
            36.698358
          ],
          [
            2.992698,
            36.698306
          ],
          [
            2.992681,
            36.698255
          ],
          [
            2.992655,
            36.698205
          ],
          [
            2.992625,
            36.698158
          ],
          [
            2.992585,
            36.698115
          ],
          [
            2.992494,
            36.698027
          ],
          [
            2.992456,
            36.698012
          ],
          [
            2.992427,
            36.697986
          ],
          [
            2.992405,
            36.697956
          ],
          [
            2.992397,
            36.697923
          ],
          [
            2.992365,
            36.697906
          ],
          [
            2.992325,
            36.697885
          ],
          [
            2.992244,
            36.697844
          ],
          [
            2.992142,
            36.697812
          ],
          [
            2.992054,
            36.697792
          ],
          [
            2.991981,
            36.697777
          ],
          [
            2.991842,
            36.697758
          ],
          [
            2.991721,
            36.697745
          ],
          [
            2.99159,
            36.697736
          ],
          [
            2.991354,
            36.697725
          ],
          [
            2.991075,
            36.697708
          ],
          [
            2.99089,
            36.697698
          ],
          [
            2.990756,
            36.697695
          ],
          [
            2.990624,
            36.697695
          ],
          [
            2.990455,
            36.6977
          ],
          [
            2.990294,
            36.697708
          ],
          [
            2.989929,
            36.697741
          ],
          [
            2.989557,
            36.697762
          ],
          [
            2.989187,
            36.697781
          ],
          [
            2.988843,
            36.697738
          ],
          [
            2.988548,
            36.697655
          ],
          [
            2.988272,
            36.697571
          ],
          [
            2.987974,
            36.697474
          ],
          [
            2.987693,
            36.697384
          ],
          [
            2.987451,
            36.69731
          ],
          [
            2.987234,
            36.697261
          ],
          [
            2.987022,
            36.697233
          ],
          [
            2.986861,
            36.697212
          ],
          [
            2.986689,
            36.697192
          ],
          [
            2.986432,
            36.697164
          ],
          [
            2.986225,
            36.697151
          ],
          [
            2.986091,
            36.697134
          ],
          [
            2.98563,
            36.697087
          ],
          [
            2.985456,
            36.697067
          ],
          [
            2.985378,
            36.697061
          ],
          [
            2.985319,
            36.697059
          ],
          [
            2.985152,
            36.697048
          ],
          [
            2.984933,
            36.697029
          ],
          [
            2.984691,
            36.697009
          ],
          [
            2.984439,
            36.696999
          ],
          [
            2.984163,
            36.696973
          ],
          [
            2.983937,
            36.69696
          ],
          [
            2.983591,
            36.696947
          ],
          [
            2.983444,
            36.696949
          ],
          [
            2.983393,
            36.696975
          ],
          [
            2.983337,
            36.696986
          ],
          [
            2.983278,
            36.696977
          ],
          [
            2.983227,
            36.696951
          ],
          [
            2.983194,
            36.696913
          ],
          [
            2.983023,
            36.696878
          ],
          [
            2.982532,
            36.696822
          ],
          [
            2.982328,
            36.696801
          ],
          [
            2.980601,
            36.696627
          ],
          [
            2.980386,
            36.696633
          ],
          [
            2.980145,
            36.696715
          ],
          [
            2.979949,
            36.696827
          ],
          [
            2.979847,
            36.696891
          ],
          [
            2.979772,
            36.696923
          ],
          [
            2.979764,
            36.696949
          ],
          [
            2.979751,
            36.696968
          ],
          [
            2.979729,
            36.696986
          ],
          [
            2.979705,
            36.696996
          ],
          [
            2.979675,
            36.696999
          ],
          [
            2.979643,
            36.696996
          ],
          [
            2.979496,
            36.69707
          ],
          [
            2.979364,
            36.697136
          ],
          [
            2.979329,
            36.697177
          ],
          [
            2.978997,
            36.697547
          ],
          [
            2.978605,
            36.698031
          ],
          [
            2.978246,
            36.698418
          ],
          [
            2.97812,
            36.698513
          ],
          [
            2.977986,
            36.698584
          ],
          [
            2.97786,
            36.69862
          ],
          [
            2.977742,
            36.698629
          ],
          [
            2.977683,
            36.698624
          ],
          [
            2.977599,
            36.698599
          ],
          [
            2.977519,
            36.69856
          ],
          [
            2.977441,
            36.698508
          ],
          [
            2.977387,
            36.698457
          ],
          [
            2.977323,
            36.698369
          ],
          [
            2.977288,
            36.698278
          ],
          [
            2.977272,
            36.698233
          ],
          [
            2.977278,
            36.698141
          ],
          [
            2.977307,
            36.698059
          ],
          [
            2.977487,
            36.697698
          ],
          [
            2.977508,
            36.697596
          ],
          [
            2.977511,
            36.697489
          ],
          [
            2.977473,
            36.697356
          ],
          [
            2.977076,
            36.696715
          ],
          [
            2.976969,
            36.696536
          ],
          [
            2.97687,
            36.696371
          ],
          [
            2.976757,
            36.696054
          ],
          [
            2.976674,
            36.695897
          ],
          [
            2.976438,
            36.695611
          ],
          [
            2.976154,
            36.695323
          ],
          [
            2.976081,
            36.695246
          ],
          [
            2.97599,
            36.695168
          ],
          [
            2.975915,
            36.695138
          ],
          [
            2.975872,
            36.695128
          ],
          [
            2.975786,
            36.695112
          ],
          [
            2.975663,
            36.69511
          ],
          [
            2.975545,
            36.695143
          ],
          [
            2.975376,
            36.695207
          ],
          [
            2.975164,
            36.69534
          ],
          [
            2.974062,
            36.69596
          ],
          [
            2.974021,
            36.695913
          ],
          [
            2.974062,
            36.69596
          ],
          [
            2.973997,
            36.695996
          ],
          [
            2.973667,
            36.696149
          ],
          [
            2.973493,
            36.696184
          ],
          [
            2.973402,
            36.696227
          ],
          [
            2.973388,
            36.696224
          ],
          [
            2.973305,
            36.696207
          ],
          [
            2.972871,
            36.696166
          ],
          [
            2.97212,
            36.696054
          ],
          [
            2.972074,
            36.696048
          ],
          [
            2.97183,
            36.69602
          ],
          [
            2.971589,
            36.695986
          ],
          [
            2.971564,
            36.695981
          ],
          [
            2.970811,
            36.695891
          ],
          [
            2.970575,
            36.69585
          ],
          [
            2.97051,
            36.695848
          ],
          [
            2.970462,
            36.695854
          ],
          [
            2.970403,
            36.695891
          ],
          [
            2.970349,
            36.69596
          ],
          [
            2.970167,
            36.696349
          ],
          [
            2.970124,
            36.696457
          ],
          [
            2.970105,
            36.69648
          ],
          [
            2.970038,
            36.696577
          ],
          [
            2.969912,
            36.696738
          ],
          [
            2.969593,
            36.697057
          ],
          [
            2.969427,
            36.697224
          ],
          [
            2.969352,
            36.697285
          ],
          [
            2.969291,
            36.697314
          ],
          [
            2.969352,
            36.697394
          ],
          [
            2.969291,
            36.697314
          ],
          [
            2.969073,
            36.69742
          ],
          [
            2.96896,
            36.697446
          ],
          [
            2.968855,
            36.697459
          ],
          [
            2.967992,
            36.697489
          ],
          [
            2.967699,
            36.697506
          ],
          [
            2.967466,
            36.697519
          ],
          [
            2.967404,
            36.697523
          ],
          [
            2.967013,
            36.697538
          ],
          [
            2.966895,
            36.697545
          ],
          [
            2.96675,
            36.697599
          ],
          [
            2.966648,
            36.697631
          ],
          [
            2.966594,
            36.697655
          ],
          [
            2.966549,
            36.697678
          ],
          [
            2.966498,
            36.697704
          ],
          [
            2.966466,
            36.697725
          ],
          [
            2.966471,
            36.697745
          ],
          [
            2.966466,
            36.697781
          ],
          [
            2.966449,
            36.697816
          ],
          [
            2.96642,
            36.697846
          ],
          [
            2.966382,
            36.697865
          ],
          [
            2.966337,
            36.697874
          ],
          [
            2.966286,
            36.697872
          ],
          [
            2.966238,
            36.697857
          ],
          [
            2.9662,
            36.697829
          ],
          [
            2.96601,
            36.69771
          ],
          [
            2.965953,
            36.697667
          ],
          [
            2.965916,
            36.697633
          ],
          [
            2.965859,
            36.697581
          ],
          [
            2.965814,
            36.697536
          ],
          [
            2.96443,
            36.695956
          ],
          [
            2.9644,
            36.69593
          ],
          [
            2.964368,
            36.695906
          ],
          [
            2.964328,
            36.695887
          ],
          [
            2.964288,
            36.695872
          ],
          [
            2.964245,
            36.695863
          ],
          [
            2.964194,
            36.695876
          ],
          [
            2.964143,
            36.695872
          ],
          [
            2.964097,
            36.69585
          ],
          [
            2.96407,
            36.69582
          ],
          [
            2.964062,
            36.695783
          ],
          [
            2.964073,
            36.69574
          ],
          [
            2.964094,
            36.695715
          ],
          [
            2.964105,
            36.695663
          ],
          [
            2.964108,
            36.695609
          ],
          [
            2.964105,
            36.695556
          ],
          [
            2.964097,
            36.695504
          ],
          [
            2.964081,
            36.695452
          ],
          [
            2.96373,
            36.695078
          ],
          [
            2.963036,
            36.694293
          ],
          [
            2.962848,
            36.6944
          ],
          [
            2.963036,
            36.694293
          ],
          [
            2.962836,
            36.694067
          ],
          [
            2.962963,
            36.693996
          ],
          [
            2.963148,
            36.693889
          ],
          [
            2.963314,
            36.693805
          ],
          [
            2.963644,
            36.69362
          ],
          [
            2.963751,
            36.69356
          ],
          [
            2.965006,
            36.692861
          ],
          [
            2.965449,
            36.692622
          ],
          [
            2.965194,
            36.691953
          ],
          [
            2.96509,
            36.691678
          ],
          [
            2.964824,
            36.691033
          ],
          [
            2.964717,
            36.690774
          ],
          [
            2.964486,
            36.690308
          ],
          [
            2.964435,
            36.690151
          ],
          [
            2.964427,
            36.689998
          ],
          [
            2.964462,
            36.689759
          ],
          [
            2.964494,
            36.689499
          ],
          [
            2.964534,
            36.689303
          ],
          [
            2.964556,
            36.689138
          ],
          [
            2.964575,
            36.689045
          ],
          [
            2.964647,
            36.688796
          ],
          [
            2.964695,
            36.688619
          ],
          [
            2.964776,
            36.688316
          ],
          [
            2.964958,
            36.688325
          ],
          [
            2.965191,
            36.688325
          ],
          [
            2.96521,
            36.688295
          ],
          [
            2.96524,
            36.688269
          ],
          [
            2.965285,
            36.688254
          ],
          [
            2.965328,
            36.688252
          ],
          [
            2.965369,
            36.688262
          ],
          [
            2.965401,
            36.688284
          ],
          [
            2.965425,
            36.688312
          ],
          [
            2.965433,
            36.688344
          ],
          [
            2.96547,
            36.688327
          ],
          [
            2.965548,
            36.688293
          ],
          [
            2.965522,
            36.688256
          ]
        ]
      },
      "properties": {
        "name": "Gare routière de Ben Aknoun - Baba hassen aadl",
        "stroke": "#E51B23",
        "description": "L725"
      }
    },
    {
      "type": "Feature",
      "geometry": {
        "type": "LineString",
        "coordinates": [
          [
            2.965522,
            36.688256
          ],
          [
            2.965548,
            36.688293
          ],
          [
            2.96547,
            36.688327
          ],
          [
            2.965433,
            36.688344
          ],
          [
            2.965428,
            36.688378
          ],
          [
            2.965409,
            36.688409
          ],
          [
            2.965377,
            36.688432
          ],
          [
            2.965334,
            36.688445
          ],
          [
            2.965291,
            36.688445
          ],
          [
            2.96525,
            36.688434
          ],
          [
            2.965218,
            36.688413
          ],
          [
            2.9652,
            36.688391
          ],
          [
            2.964695,
            36.688619
          ],
          [
            2.964647,
            36.688796
          ],
          [
            2.964575,
            36.689045
          ],
          [
            2.964556,
            36.689138
          ],
          [
            2.964534,
            36.689303
          ],
          [
            2.964494,
            36.689499
          ],
          [
            2.964462,
            36.689759
          ],
          [
            2.964427,
            36.689998
          ],
          [
            2.964435,
            36.690151
          ],
          [
            2.964486,
            36.690308
          ],
          [
            2.964717,
            36.690774
          ],
          [
            2.964824,
            36.691033
          ],
          [
            2.96509,
            36.691678
          ],
          [
            2.965194,
            36.691953
          ],
          [
            2.965449,
            36.692622
          ],
          [
            2.965006,
            36.692861
          ],
          [
            2.963751,
            36.69356
          ],
          [
            2.963644,
            36.69362
          ],
          [
            2.963314,
            36.693805
          ],
          [
            2.963148,
            36.693889
          ],
          [
            2.962963,
            36.693996
          ],
          [
            2.962836,
            36.694067
          ],
          [
            2.96373,
            36.695078
          ],
          [
            2.964035,
            36.695403
          ],
          [
            2.964081,
            36.695452
          ],
          [
            2.964132,
            36.695495
          ],
          [
            2.964175,
            36.695545
          ],
          [
            2.964212,
            36.695596
          ],
          [
            2.964242,
            36.695652
          ],
          [
            2.964263,
            36.695713
          ],
          [
            2.96429,
            36.695743
          ],
          [
            2.964357,
            36.695796
          ],
          [
            2.964411,
            36.695848
          ],
          [
            2.965465,
            36.69702
          ],
          [
            2.965814,
            36.697433
          ],
          [
            2.965851,
            36.69747
          ],
          [
            2.965897,
            36.697502
          ],
          [
            2.965942,
            36.69753
          ],
          [
            2.965993,
            36.697556
          ],
          [
            2.966047,
            36.697577
          ],
          [
            2.966262,
            36.697644
          ],
          [
            2.966283,
            36.697637
          ],
          [
            2.96628,
            36.697616
          ],
          [
            2.966288,
            36.697594
          ],
          [
            2.966305,
            36.697575
          ],
          [
            2.966323,
            36.69756
          ],
          [
            2.96635,
            36.697549
          ],
          [
            2.966377,
            36.697545
          ],
          [
            2.966466,
            36.697538
          ],
          [
            2.966688,
            36.697538
          ],
          [
            2.966795,
            36.697541
          ],
          [
            2.966895,
            36.697545
          ],
          [
            2.967013,
            36.697538
          ],
          [
            2.967404,
            36.697523
          ],
          [
            2.967466,
            36.697519
          ],
          [
            2.967699,
            36.697506
          ],
          [
            2.967992,
            36.697489
          ],
          [
            2.968855,
            36.697459
          ],
          [
            2.96896,
            36.697446
          ],
          [
            2.969073,
            36.69742
          ],
          [
            2.969291,
            36.697314
          ],
          [
            2.969352,
            36.697394
          ],
          [
            2.969291,
            36.697314
          ],
          [
            2.969352,
            36.697285
          ],
          [
            2.969427,
            36.697224
          ],
          [
            2.969593,
            36.697057
          ],
          [
            2.969912,
            36.696738
          ],
          [
            2.970038,
            36.696577
          ],
          [
            2.970105,
            36.69648
          ],
          [
            2.970124,
            36.696457
          ],
          [
            2.970167,
            36.696349
          ],
          [
            2.970349,
            36.69596
          ],
          [
            2.970403,
            36.695891
          ],
          [
            2.970462,
            36.695854
          ],
          [
            2.97051,
            36.695848
          ],
          [
            2.970575,
            36.69585
          ],
          [
            2.970811,
            36.695891
          ],
          [
            2.971564,
            36.695981
          ],
          [
            2.971589,
            36.695986
          ],
          [
            2.97183,
            36.69602
          ],
          [
            2.972074,
            36.696048
          ],
          [
            2.97212,
            36.696054
          ],
          [
            2.972871,
            36.696166
          ],
          [
            2.973305,
            36.696207
          ],
          [
            2.973388,
            36.696224
          ],
          [
            2.973402,
            36.696227
          ],
          [
            2.973493,
            36.696184
          ],
          [
            2.973667,
            36.696149
          ],
          [
            2.973997,
            36.695996
          ],
          [
            2.974062,
            36.69596
          ],
          [
            2.974021,
            36.695913
          ],
          [
            2.974062,
            36.69596
          ],
          [
            2.975164,
            36.69534
          ],
          [
            2.975376,
            36.695207
          ],
          [
            2.975545,
            36.695143
          ],
          [
            2.975663,
            36.69511
          ],
          [
            2.975786,
            36.695112
          ],
          [
            2.975872,
            36.695128
          ],
          [
            2.975915,
            36.695138
          ],
          [
            2.97599,
            36.695168
          ],
          [
            2.976081,
            36.695246
          ],
          [
            2.976154,
            36.695323
          ],
          [
            2.976438,
            36.695611
          ],
          [
            2.976674,
            36.695897
          ],
          [
            2.976757,
            36.696054
          ],
          [
            2.97687,
            36.696371
          ],
          [
            2.976969,
            36.696536
          ],
          [
            2.977076,
            36.696715
          ],
          [
            2.977473,
            36.697356
          ],
          [
            2.977511,
            36.697489
          ],
          [
            2.977508,
            36.697596
          ],
          [
            2.977487,
            36.697698
          ],
          [
            2.977307,
            36.698059
          ],
          [
            2.977278,
            36.698141
          ],
          [
            2.977272,
            36.698233
          ],
          [
            2.977288,
            36.698278
          ],
          [
            2.977323,
            36.698369
          ],
          [
            2.977387,
            36.698457
          ],
          [
            2.977441,
            36.698508
          ],
          [
            2.977519,
            36.69856
          ],
          [
            2.977599,
            36.698599
          ],
          [
            2.977683,
            36.698624
          ],
          [
            2.977742,
            36.698629
          ],
          [
            2.97786,
            36.69862
          ],
          [
            2.977986,
            36.698584
          ],
          [
            2.97812,
            36.698513
          ],
          [
            2.978246,
            36.698418
          ],
          [
            2.978605,
            36.698031
          ],
          [
            2.978997,
            36.697547
          ],
          [
            2.979329,
            36.697177
          ],
          [
            2.979364,
            36.697136
          ],
          [
            2.979579,
            36.696943
          ],
          [
            2.979573,
            36.696917
          ],
          [
            2.979582,
            36.696891
          ],
          [
            2.979595,
            36.696872
          ],
          [
            2.979614,
            36.696859
          ],
          [
            2.979635,
            36.696848
          ],
          [
            2.979659,
            36.696842
          ],
          [
            2.979683,
            36.696842
          ],
          [
            2.979708,
            36.696846
          ],
          [
            2.979855,
            36.696762
          ],
          [
            2.980094,
            36.696599
          ],
          [
            2.98033,
            36.696517
          ],
          [
            2.980606,
            36.696523
          ],
          [
            2.983117,
            36.696747
          ],
          [
            2.983272,
            36.696751
          ],
          [
            2.983331,
            36.696743
          ],
          [
            2.98339,
            36.696751
          ],
          [
            2.983439,
            36.696777
          ],
          [
            2.983632,
            36.696801
          ],
          [
            2.98405,
            36.696831
          ],
          [
            2.984246,
            36.69685
          ],
          [
            2.984471,
            36.696874
          ],
          [
            2.984624,
            36.696889
          ],
          [
            2.985085,
            36.696928
          ],
          [
            2.985598,
            36.696962
          ],
          [
            2.985815,
            36.696984
          ],
          [
            2.986169,
            36.697016
          ],
          [
            2.986241,
            36.69702
          ],
          [
            2.986373,
            36.697029
          ],
          [
            2.986577,
            36.697042
          ],
          [
            2.986979,
            36.697074
          ],
          [
            2.987274,
            36.697128
          ],
          [
            2.98754,
            36.697212
          ],
          [
            2.988124,
            36.697381
          ],
          [
            2.988693,
            36.697553
          ],
          [
            2.988985,
            36.697618
          ],
          [
            2.989339,
            36.697633
          ],
          [
            2.989696,
            36.697627
          ],
          [
            2.990573,
            36.697592
          ],
          [
            2.990697,
            36.69759
          ],
          [
            2.990828,
            36.697588
          ],
          [
            2.990951,
            36.697594
          ],
          [
            2.991091,
            36.697607
          ],
          [
            2.991582,
            36.69765
          ],
          [
            2.992145,
            36.697719
          ],
          [
            2.992327,
            36.697749
          ],
          [
            2.992427,
            36.697769
          ],
          [
            2.99251,
            36.697801
          ],
          [
            2.992539,
            36.697796
          ],
          [
            2.992582,
            36.697801
          ],
          [
            2.992622,
            36.697816
          ],
          [
            2.992657,
            36.697837
          ],
          [
            2.992679,
            36.697867
          ],
          [
            2.992692,
            36.697902
          ],
          [
            2.992689,
            36.697936
          ],
          [
            2.99273,
            36.698059
          ],
          [
            2.992757,
            36.698143
          ],
          [
            2.992783,
            36.698252
          ],
          [
            2.992826,
            36.698609
          ],
          [
            2.99285,
            36.698917
          ],
          [
            2.992864,
            36.699285
          ],
          [
            2.992899,
            36.699685
          ],
          [
            2.992928,
            36.700042
          ],
          [
            2.992931,
            36.700149
          ],
          [
            2.992923,
            36.700272
          ],
          [
            2.992899,
            36.700373
          ],
          [
            2.992861,
            36.700534
          ],
          [
            2.992818,
            36.700661
          ],
          [
            2.992644,
            36.701136
          ],
          [
            2.992625,
            36.701218
          ],
          [
            2.992617,
            36.7013
          ],
          [
            2.99262,
            36.701369
          ],
          [
            2.992622,
            36.701424
          ],
          [
            2.992639,
            36.701485
          ],
          [
            2.992655,
            36.701534
          ],
          [
            2.992676,
            36.701584
          ],
          [
            2.992698,
            36.701633
          ],
          [
            2.992722,
            36.701687
          ],
          [
            2.992808,
            36.701824
          ],
          [
            2.992848,
            36.701837
          ],
          [
            2.992883,
            36.701859
          ],
          [
            2.992912,
            36.701885
          ],
          [
            2.992934,
            36.701915
          ],
          [
            2.993041,
            36.701988
          ],
          [
            2.9931,
            36.702033
          ],
          [
            2.993156,
            36.702082
          ],
          [
            2.993191,
            36.702119
          ],
          [
            2.993221,
            36.702151
          ],
          [
            2.993288,
            36.702235
          ],
          [
            2.993355,
            36.702328
          ],
          [
            2.993395,
            36.702401
          ],
          [
            2.993441,
            36.702476
          ],
          [
            2.993475,
            36.702556
          ],
          [
            2.993851,
            36.703315
          ],
          [
            2.994025,
            36.7037
          ],
          [
            2.99409,
            36.703829
          ],
          [
            2.994165,
            36.70394
          ],
          [
            2.994237,
            36.704033
          ],
          [
            2.994355,
            36.704158
          ],
          [
            2.994398,
            36.704207
          ],
          [
            2.994511,
            36.704306
          ],
          [
            2.994631,
            36.704394
          ],
          [
            2.994755,
            36.704478
          ],
          [
            2.994884,
            36.704555
          ],
          [
            2.995015,
            36.704626
          ],
          [
            2.995535,
            36.704943
          ],
          [
            2.995782,
            36.705093
          ],
          [
            2.995873,
            36.705151
          ],
          [
            2.995954,
            36.705214
          ],
          [
            2.996029,
            36.705282
          ],
          [
            2.996093,
            36.705355
          ],
          [
            2.996144,
            36.705424
          ],
          [
            2.99619,
            36.705497
          ],
          [
            2.996225,
            36.70557
          ],
          [
            2.996254,
            36.705648
          ],
          [
            2.996273,
            36.705725
          ],
          [
            2.996319,
            36.706037
          ],
          [
            2.996356,
            36.706349
          ],
          [
            2.996394,
            36.706663
          ],
          [
            2.996428,
            36.706975
          ],
          [
            2.996482,
            36.707357
          ],
          [
            2.996517,
            36.707605
          ],
          [
            2.99653,
            36.707661
          ],
          [
            2.996544,
            36.707723
          ],
          [
            2.996571,
            36.707803
          ],
          [
            2.996622,
            36.707929
          ],
          [
            2.996691,
            36.708073
          ],
          [
            2.996721,
            36.708132
          ],
          [
            2.99685,
            36.708392
          ],
          [
            2.996911,
            36.708519
          ],
          [
            2.996938,
            36.708572
          ],
          [
            2.997091,
            36.708798
          ],
          [
            2.997188,
            36.708989
          ],
          [
            2.997348,
            36.709239
          ],
          [
            2.997585,
            36.709546
          ],
          [
            2.997931,
            36.710105
          ],
          [
            2.997965,
            36.710344
          ],
          [
            2.997952,
            36.710675
          ],
          [
            2.997874,
            36.710933
          ],
          [
            2.997721,
            36.711135
          ],
          [
            2.997536,
            36.71131
          ],
          [
            2.997397,
            36.711391
          ],
          [
            2.997198,
            36.711505
          ],
          [
            2.996842,
            36.71169
          ],
          [
            2.996662,
            36.71178
          ],
          [
            2.996533,
            36.711854
          ],
          [
            2.996316,
            36.71198
          ],
          [
            2.996243,
            36.712109
          ],
          [
            2.996246,
            36.71218
          ],
          [
            2.996265,
            36.712228
          ],
          [
            2.996442,
            36.712342
          ],
          [
            2.996635,
            36.712404
          ],
          [
            2.996909,
            36.712443
          ],
          [
            2.99707,
            36.712477
          ],
          [
            2.997526,
            36.712497
          ],
          [
            2.997767,
            36.712501
          ],
          [
            2.997823,
            36.712507
          ],
          [
            2.99788,
            36.712527
          ],
          [
            2.997909,
            36.712542
          ],
          [
            2.997925,
            36.712565
          ],
          [
            2.997791,
            36.71349
          ],
          [
            2.997724,
            36.713901
          ],
          [
            2.997627,
            36.714479
          ],
          [
            2.997585,
            36.714883
          ],
          [
            2.997526,
            36.715339
          ],
          [
            2.997499,
            36.715597
          ],
          [
            2.997483,
            36.715664
          ],
          [
            2.997314,
            36.716042
          ],
          [
            2.997314,
            36.716102
          ],
          [
            2.997314,
            36.716186
          ],
          [
            2.997298,
            36.716307
          ],
          [
            2.997332,
            36.716319
          ],
          [
            2.99748,
            36.716291
          ],
          [
            2.997646,
            36.716322
          ],
          [
            2.998078,
            36.716399
          ],
          [
            2.998564,
            36.716485
          ],
          [
            2.999532,
            36.716681
          ],
          [
            2.999682,
            36.716706
          ],
          [
            2.99984,
            36.716715
          ],
          [
            3.000049,
            36.7167
          ],
          [
            3.000285,
            36.716661
          ],
          [
            3.000648,
            36.716599
          ],
          [
            3.001452,
            36.716461
          ],
          [
            3.001611,
            36.716431
          ],
          [
            3.001999,
            36.716358
          ],
          [
            3.002198,
            36.716313
          ],
          [
            3.002337,
            36.716266
          ],
          [
            3.002552,
            36.71616
          ],
          [
            3.002716,
            36.716117
          ],
          [
            3.002729,
            36.716083
          ],
          [
            3.002742,
            36.716068
          ],
          [
            3.002791,
            36.716036
          ],
          [
            3.002826,
            36.716027
          ],
          [
            3.002871,
            36.716029
          ],
          [
            3.002925,
            36.716051
          ],
          [
            3.002957,
            36.716085
          ],
          [
            3.00297,
            36.716124
          ],
          [
            3.002965,
            36.716162
          ],
          [
            3.00293,
            36.716205
          ],
          [
            3.002874,
            36.716229
          ],
          [
            3.002823,
            36.716231
          ],
          [
            3.00278,
            36.716218
          ],
          [
            3.00275,
            36.716201
          ],
          [
            3.002614,
            36.716242
          ],
          [
            3.002388,
            36.716352
          ],
          [
            3.002254,
            36.716399
          ],
          [
            3.002024,
            36.716453
          ],
          [
            3.001468,
            36.716558
          ],
          [
            3.000275,
            36.716767
          ],
          [
            3.000218,
            36.716773
          ],
          [
            3.000036,
            36.716797
          ],
          [
            2.999795,
            36.716807
          ],
          [
            2.999628,
            36.71679
          ],
          [
            2.999462,
            36.716756
          ],
          [
            2.999298,
            36.716717
          ],
          [
            2.999097,
            36.716672
          ],
          [
            2.998416,
            36.716545
          ],
          [
            2.998295,
            36.716526
          ],
          [
            2.998177,
            36.716506
          ],
          [
            2.997992,
            36.71658
          ],
          [
            2.997761,
            36.716548
          ],
          [
            2.997759,
            36.71656
          ],
          [
            2.997761,
            36.716548
          ],
          [
            2.997595,
            36.716526
          ],
          [
            2.997501,
            36.716537
          ],
          [
            2.997389,
            36.716522
          ],
          [
            2.997319,
            36.716481
          ],
          [
            2.997268,
            36.716487
          ],
          [
            2.99723,
            36.716481
          ],
          [
            2.997169,
            36.716509
          ],
          [
            2.997107,
            36.716584
          ],
          [
            2.996976,
            36.71678
          ],
          [
            2.996874,
            36.716943
          ],
          [
            2.996761,
            36.717145
          ],
          [
            2.996718,
            36.717231
          ],
          [
            2.996683,
            36.717321
          ],
          [
            2.996651,
            36.717431
          ],
          [
            2.996619,
            36.71753
          ],
          [
            2.996544,
            36.717762
          ],
          [
            2.996493,
            36.717941
          ],
          [
            2.996455,
            36.718065
          ],
          [
            2.996294,
            36.718474
          ],
          [
            2.996241,
            36.718603
          ],
          [
            2.995948,
            36.719267
          ],
          [
            2.99583,
            36.719471
          ],
          [
            2.995787,
            36.719538
          ],
          [
            2.995728,
            36.719609
          ],
          [
            2.995686,
            36.71965
          ],
          [
            2.995651,
            36.719682
          ],
          [
            2.995498,
            36.719815
          ],
          [
            2.995447,
            36.719861
          ],
          [
            2.995385,
            36.71991
          ],
          [
            2.995326,
            36.719949
          ],
          [
            2.99528,
            36.719985
          ],
          [
            2.99524,
            36.720015
          ],
          [
            2.995168,
            36.720073
          ],
          [
            2.995162,
            36.720095
          ],
          [
            2.995149,
            36.720112
          ],
          [
            2.99513,
            36.720125
          ],
          [
            2.995106,
            36.720134
          ],
          [
            2.995079,
            36.720134
          ],
          [
            2.995055,
            36.720127
          ],
          [
            2.994975,
            36.720205
          ],
          [
            2.994808,
            36.72034
          ],
          [
            2.9945,
            36.7206
          ],
          [
            2.994157,
            36.720871
          ],
          [
            2.993953,
            36.721039
          ],
          [
            2.993537,
            36.721381
          ],
          [
            2.993199,
            36.721671
          ],
          [
            2.993084,
            36.721776
          ],
          [
            2.992539,
            36.722296
          ],
          [
            2.992024,
            36.722774
          ],
          [
            2.991724,
            36.723068
          ],
          [
            2.991249,
            36.723502
          ],
          [
            2.990984,
            36.723754
          ],
          [
            2.990809,
            36.723939
          ],
          [
            2.990621,
            36.724186
          ],
          [
            2.990375,
            36.724534
          ],
          [
            2.990326,
            36.724608
          ],
          [
            2.990211,
            36.72478
          ],
          [
            2.990176,
            36.724887
          ],
          [
            2.990171,
            36.725014
          ],
          [
            2.990203,
            36.725048
          ],
          [
            2.990225,
            36.725087
          ],
          [
            2.990227,
            36.725128
          ],
          [
            2.990219,
            36.725169
          ],
          [
            2.990198,
            36.725203
          ],
          [
            2.990166,
            36.725231
          ],
          [
            2.990125,
            36.72525
          ],
          [
            2.99008,
            36.725263
          ],
          [
            2.990061,
            36.725295
          ],
          [
            2.99005,
            36.72533
          ],
          [
            2.990042,
            36.725366
          ],
          [
            2.990042,
            36.725401
          ],
          [
            2.990048,
            36.725437
          ],
          [
            2.990061,
            36.725476
          ],
          [
            2.990074,
            36.72551
          ],
          [
            2.990394,
            36.726162
          ],
          [
            2.990579,
            36.726553
          ],
          [
            2.990833,
            36.72706
          ],
          [
            2.990876,
            36.727146
          ],
          [
            2.990898,
            36.727189
          ],
          [
            2.99093,
            36.727243
          ],
          [
            2.990962,
            36.727297
          ],
          [
            2.990997,
            36.727349
          ],
          [
            2.991032,
            36.727411
          ],
          [
            2.991064,
            36.727482
          ],
          [
            2.991346,
            36.728094
          ],
          [
            2.991657,
            36.728819
          ],
          [
            2.991925,
            36.729421
          ],
          [
            2.99226,
            36.730171
          ],
          [
            2.992521,
            36.730709
          ],
          [
            2.992834,
            36.731474
          ],
          [
            2.992891,
            36.731648
          ],
          [
            2.992963,
            36.731975
          ],
          [
            2.992985,
            36.732059
          ],
          [
            2.993035,
            36.732323
          ],
          [
            2.993097,
            36.732553
          ],
          [
            2.993108,
            36.7326
          ],
          [
            2.993127,
            36.732663
          ],
          [
            2.99317,
            36.732753
          ],
          [
            2.993242,
            36.732875
          ],
          [
            2.993341,
            36.732968
          ],
          [
            2.993381,
            36.733015
          ],
          [
            2.993395,
            36.733069
          ],
          [
            2.993381,
            36.733123
          ],
          [
            2.993349,
            36.733161
          ],
          [
            2.993325,
            36.733333
          ],
          [
            2.993312,
            36.733428
          ],
          [
            2.993298,
            36.73352
          ],
          [
            2.993304,
            36.733649
          ],
          [
            2.993304,
            36.733735
          ],
          [
            2.993325,
            36.734449
          ],
          [
            2.993314,
            36.735077
          ],
          [
            2.993336,
            36.735102
          ],
          [
            2.993344,
            36.735132
          ],
          [
            2.993336,
            36.735163
          ],
          [
            2.993317,
            36.735188
          ],
          [
            2.993309,
            36.735425
          ],
          [
            2.993309,
            36.735534
          ],
          [
            2.993312,
            36.735681
          ],
          [
            2.993314,
            36.735885
          ],
          [
            2.993317,
            36.736119
          ],
          [
            2.99332,
            36.736257
          ],
          [
            2.993322,
            36.736313
          ],
          [
            2.993336,
            36.736504
          ],
          [
            2.993365,
            36.73665
          ],
          [
            2.99369,
            36.737761
          ],
          [
            2.9938,
            36.738217
          ],
          [
            2.994041,
            36.739176
          ],
          [
            2.994173,
            36.739614
          ],
          [
            2.99424,
            36.739767
          ],
          [
            2.994323,
            36.739924
          ],
          [
            2.994352,
            36.739949
          ],
          [
            2.994371,
            36.739979
          ],
          [
            2.994374,
            36.740014
          ],
          [
            2.994369,
            36.74004
          ],
          [
            2.994382,
            36.740166
          ],
          [
            2.994401,
            36.740295
          ],
          [
            2.99447,
            36.740635
          ],
          [
            2.994588,
            36.741039
          ],
          [
            2.994715,
            36.741439
          ],
          [
            2.994763,
            36.741899
          ],
          [
            2.99479,
            36.742256
          ],
          [
            2.99483,
            36.742382
          ],
          [
            2.994956,
            36.742595
          ],
          [
            2.994972,
            36.7426
          ],
          [
            2.994999,
            36.742612
          ],
          [
            2.995018,
            36.742632
          ],
          [
            2.995031,
            36.742653
          ],
          [
            2.995036,
            36.742677
          ],
          [
            2.995036,
            36.742703
          ],
          [
            2.995026,
            36.742724
          ],
          [
            2.995015,
            36.742739
          ],
          [
            2.995087,
            36.742898
          ],
          [
            2.995125,
            36.742961
          ],
          [
            2.995589,
            36.743515
          ],
          [
            2.995723,
            36.743683
          ],
          [
            2.99582,
            36.743797
          ],
          [
            2.995951,
            36.743971
          ],
          [
            2.996297,
            36.744403
          ],
          [
            2.996327,
            36.744437
          ],
          [
            2.996359,
            36.744472
          ],
          [
            2.996391,
            36.744502
          ],
          [
            2.996469,
            36.74457
          ],
          [
            2.996482,
            36.744588
          ],
          [
            2.996493,
            36.744607
          ],
          [
            2.996501,
            36.744626
          ],
          [
            2.996506,
            36.744648
          ],
          [
            2.996536,
            36.744669
          ],
          [
            2.997123,
            36.745121
          ],
          [
            2.997182,
            36.745181
          ],
          [
            2.997247,
            36.745239
          ],
          [
            2.997316,
            36.745295
          ],
          [
            2.997386,
            36.745346
          ],
          [
            2.997461,
            36.745396
          ],
          [
            2.997461,
            36.745372
          ],
          [
            2.997469,
            36.745351
          ],
          [
            2.997485,
            36.745331
          ],
          [
            2.997509,
            36.745316
          ],
          [
            2.997536,
            36.745308
          ],
          [
            2.997566,
            36.745308
          ],
          [
            2.997603,
            36.745318
          ],
          [
            2.99763,
            36.745338
          ],
          [
            2.997646,
            36.745368
          ],
          [
            2.997646,
            36.7454
          ],
          [
            2.997762,
            36.745495
          ],
          [
            2.997896,
            36.745613
          ],
          [
            2.997973,
            36.745723
          ],
          [
            2.997998,
            36.745783
          ],
          [
            2.998006,
            36.745851
          ],
          [
            2.997995,
            36.745935
          ],
          [
            2.997965,
            36.746017
          ],
          [
            2.997922,
            36.746084
          ],
          [
            2.997861,
            36.746148
          ],
          [
            2.997652,
            36.746303
          ],
          [
            2.99733,
            36.746498
          ],
          [
            2.997137,
            36.746606
          ],
          [
            2.996981,
            36.746668
          ],
          [
            2.99682,
            36.746722
          ],
          [
            2.996667,
            36.746767
          ],
          [
            2.99645,
            36.746838
          ],
          [
            2.996305,
            36.746879
          ],
          [
            2.996133,
            36.746941
          ],
          [
            2.996002,
            36.747006
          ],
          [
            2.995742,
            36.74721
          ],
          [
            2.99546,
            36.747414
          ],
          [
            2.995278,
            36.747511
          ],
          [
            2.995259,
            36.747556
          ],
          [
            2.995221,
            36.747594
          ],
          [
            2.995173,
            36.747622
          ],
          [
            2.995122,
            36.74765
          ],
          [
            2.994961,
            36.747736
          ],
          [
            2.994387,
            36.748151
          ],
          [
            2.994116,
            36.748355
          ],
          [
            2.993982,
            36.748463
          ],
          [
            2.993864,
            36.748562
          ],
          [
            2.993727,
            36.748701
          ],
          [
            2.993553,
            36.748893
          ],
          [
            2.993371,
            36.749196
          ],
          [
            2.993288,
            36.74938
          ],
          [
            2.99329,
            36.749664
          ],
          [
            2.993333,
            36.749776
          ],
          [
            2.993365,
            36.749834
          ],
          [
            2.993406,
            36.749888
          ],
          [
            2.993486,
            36.749963
          ],
          [
            2.993542,
            36.749993
          ],
          [
            2.99362,
            36.750019
          ],
          [
            2.993682,
            36.750034
          ],
          [
            2.99376,
            36.750038
          ],
          [
            2.99391,
            36.75004
          ],
          [
            2.993985,
            36.750036
          ],
          [
            2.994082,
            36.750023
          ],
          [
            2.994127,
            36.75001
          ],
          [
            2.994119,
            36.749991
          ],
          [
            2.994127,
            36.75001
          ],
          [
            2.994428,
            36.749926
          ],
          [
            2.994639,
            36.749881
          ],
          [
            2.994841,
            36.749858
          ],
          [
            2.994969,
            36.749851
          ],
          [
            2.99509,
            36.749849
          ],
          [
            2.995275,
            36.749851
          ],
          [
            2.995449,
            36.74987
          ],
          [
            2.995565,
            36.749898
          ],
          [
            2.995653,
            36.749928
          ],
          [
            2.995801,
            36.749967
          ],
          [
            2.995943,
            36.750023
          ],
          [
            2.996115,
            36.75007
          ],
          [
            2.996273,
            36.750105
          ],
          [
            2.996391,
            36.750124
          ],
          [
            2.99653,
            36.750133
          ],
          [
            2.996678,
            36.75013
          ],
          [
            2.996879,
            36.750118
          ],
          [
            2.997107,
            36.7501
          ],
          [
            2.997161,
            36.750098
          ],
          [
            2.997209,
            36.750094
          ],
          [
            2.997249,
            36.750088
          ],
          [
            2.997335,
            36.750081
          ],
          [
            2.997359,
            36.750068
          ],
          [
            2.997391,
            36.75006
          ],
          [
            2.997421,
            36.75006
          ],
          [
            2.997453,
            36.750066
          ],
          [
            2.997509,
            36.750053
          ],
          [
            2.997585,
            36.750038
          ],
          [
            2.997652,
            36.750021
          ],
          [
            2.997735,
            36.749997
          ],
          [
            2.997818,
            36.749967
          ],
          [
            2.998038,
            36.749898
          ],
          [
            2.998274,
            36.749834
          ],
          [
            2.998408,
            36.749797
          ],
          [
            2.998561,
            36.749763
          ],
          [
            2.99866,
            36.749748
          ],
          [
            2.998749,
            36.749737
          ],
          [
            2.998845,
            36.749729
          ],
          [
            2.998958,
            36.749729
          ],
          [
            2.99906,
            36.749735
          ],
          [
            2.99918,
            36.749748
          ],
          [
            2.999272,
            36.749767
          ],
          [
            2.999376,
            36.749795
          ],
          [
            2.999553,
            36.749838
          ],
          [
            2.999661,
            36.749868
          ],
          [
            2.999776,
            36.749894
          ],
          [
            2.999872,
            36.749909
          ],
          [
            2.999945,
            36.749913
          ],
          [
            3.000036,
            36.749916
          ],
          [
            3.000133,
            36.749913
          ],
          [
            3.000226,
            36.749907
          ],
          [
            3.000334,
            36.749896
          ],
          [
            3.000417,
            36.749879
          ],
          [
            3.000516,
            36.749851
          ],
          [
            3.000634,
            36.749817
          ],
          [
            3.000739,
            36.749784
          ],
          [
            3.000873,
            36.749748
          ],
          [
            3.001106,
            36.74969
          ],
          [
            3.001246,
            36.749666
          ],
          [
            3.00135,
            36.749649
          ],
          [
            3.001433,
            36.749645
          ],
          [
            3.001509,
            36.749638
          ],
          [
            3.001584,
            36.749638
          ],
          [
            3.00168,
            36.749647
          ],
          [
            3.001774,
            36.749664
          ],
          [
            3.001825,
            36.749683
          ],
          [
            3.001873,
            36.749701
          ],
          [
            3.001959,
            36.749737
          ],
          [
            3.002013,
            36.749767
          ],
          [
            3.00205,
            36.749795
          ],
          [
            3.002096,
            36.749832
          ],
          [
            3.002131,
            36.749868
          ],
          [
            3.002176,
            36.749916
          ],
          [
            3.002214,
            36.749963
          ],
          [
            3.002311,
            36.750109
          ],
          [
            3.002528,
            36.750442
          ],
          [
            3.002767,
            36.750816
          ],
          [
            3.003244,
            36.751577
          ],
          [
            3.003807,
            36.752458
          ],
          [
            3.003829,
            36.752488
          ],
          [
            3.003858,
            36.752516
          ],
          [
            3.003896,
            36.752544
          ],
          [
            3.003941,
            36.752557
          ],
          [
            3.003984,
            36.752563
          ],
          [
            3.00403,
            36.752557
          ],
          [
            3.00422,
            36.75251
          ],
          [
            3.004279,
            36.752475
          ],
          [
            3.00433,
            36.752462
          ],
          [
            3.004384,
            36.752462
          ],
          [
            3.004427,
            36.752471
          ],
          [
            3.004467,
            36.752488
          ],
          [
            3.004505,
            36.752516
          ],
          [
            3.004531,
            36.752548
          ],
          [
            3.004545,
            36.752587
          ],
          [
            3.004545,
            36.752628
          ],
          [
            3.004531,
            36.752664
          ],
          [
            3.00451,
            36.752694
          ],
          [
            3.004499,
            36.75275
          ],
          [
            3.004502,
            36.75278
          ],
          [
            3.00451,
            36.752825
          ],
          [
            3.004526,
            36.752903
          ],
          [
            3.004556,
            36.753021
          ],
          [
            3.004574,
            36.75304
          ],
          [
            3.004617,
            36.753055
          ],
          [
            3.004663,
            36.753068
          ],
          [
            3.004902,
            36.753124
          ],
          [
            3.004958,
            36.753133
          ],
          [
            3.005006,
            36.753137
          ],
          [
            3.005218,
            36.753139
          ],
          [
            3.005328,
            36.753133
          ],
          [
            3.005454,
            36.753126
          ],
          [
            3.005564,
            36.753122
          ],
          [
            3.005674,
            36.753118
          ],
          [
            3.005779,
            36.753109
          ],
          [
            3.005822,
            36.75272
          ]
        ]
      },
      "properties": {
        "name": "Baba hassen aadl - Gare routière de Ben Aknoun",
        "stroke": "#249CF2",
        "description": "L725-R"
      }
    },
    {
      "type": "Feature",
      "geometry": {
        "type": "LineString",
        "coordinates": [
          [
            3.056706,
            36.760087
          ],
          [
            3.056697,
            36.760063
          ],
          [
            3.056494,
            36.76011
          ],
          [
            3.056317,
            36.760156
          ],
          [
            3.056258,
            36.760194
          ],
          [
            3.056108,
            36.76022
          ],
          [
            3.056051,
            36.760113
          ],
          [
            3.055888,
            36.759724
          ],
          [
            3.055831,
            36.75959
          ],
          [
            3.055788,
            36.759446
          ],
          [
            3.055676,
            36.759363
          ],
          [
            3.055507,
            36.759219
          ],
          [
            3.05533,
            36.759057
          ],
          [
            3.055131,
            36.759197
          ],
          [
            3.055013,
            36.759139
          ],
          [
            3.054914,
            36.7591
          ],
          [
            3.054726,
            36.759002
          ],
          [
            3.054415,
            36.758832
          ],
          [
            3.054308,
            36.758828
          ],
          [
            3.053822,
            36.758787
          ],
          [
            3.05368,
            36.758671
          ],
          [
            3.053584,
            36.758589
          ],
          [
            3.053484,
            36.758516
          ],
          [
            3.053318,
            36.758396
          ],
          [
            3.05305,
            36.758228
          ],
          [
            3.052948,
            36.758265
          ],
          [
            3.052707,
            36.75834
          ],
          [
            3.051956,
            36.758591
          ],
          [
            3.051478,
            36.758767
          ],
          [
            3.051277,
            36.758843
          ],
          [
            3.050934,
            36.759032
          ],
          [
            3.050416,
            36.759337
          ],
          [
            3.050336,
            36.759481
          ],
          [
            3.050333,
            36.759498
          ],
          [
            3.050319,
            36.759614
          ],
          [
            3.050325,
            36.759687
          ],
          [
            3.050336,
            36.759743
          ],
          [
            3.050357,
            36.759812
          ],
          [
            3.050386,
            36.759898
          ],
          [
            3.05044,
            36.75999
          ],
          [
            3.050411,
            36.760065
          ],
          [
            3.050362,
            36.760149
          ],
          [
            3.050424,
            36.760175
          ],
          [
            3.050362,
            36.760149
          ],
          [
            3.050277,
            36.760265
          ],
          [
            3.050089,
            36.760527
          ],
          [
            3.049941,
            36.760779
          ],
          [
            3.049684,
            36.761127
          ],
          [
            3.049646,
            36.761165
          ],
          [
            3.049601,
            36.761198
          ],
          [
            3.049544,
            36.761221
          ],
          [
            3.049491,
            36.761234
          ],
          [
            3.049418,
            36.761243
          ],
          [
            3.049365,
            36.761232
          ],
          [
            3.049319,
            36.761215
          ],
          [
            3.049276,
            36.761183
          ],
          [
            3.049214,
            36.76112
          ],
          [
            3.049064,
            36.760959
          ],
          [
            3.049,
            36.760897
          ],
          [
            3.048962,
            36.760865
          ],
          [
            3.04893,
            36.760839
          ],
          [
            3.048597,
            36.760555
          ],
          [
            3.048273,
            36.760291
          ],
          [
            3.048214,
            36.760254
          ],
          [
            3.048166,
            36.760229
          ],
          [
            3.048109,
            36.760211
          ],
          [
            3.048037,
            36.760216
          ],
          [
            3.047975,
            36.760237
          ],
          [
            3.047935,
            36.760267
          ],
          [
            3.047916,
            36.760306
          ],
          [
            3.047913,
            36.76036
          ],
          [
            3.047922,
            36.760396
          ],
          [
            3.047951,
            36.760452
          ],
          [
            3.048002,
            36.760538
          ],
          [
            3.048096,
            36.760673
          ],
          [
            3.048265,
            36.760899
          ],
          [
            3.048284,
            36.760942
          ],
          [
            3.048294,
            36.760991
          ],
          [
            3.048297,
            36.761049
          ],
          [
            3.048292,
            36.761105
          ],
          [
            3.048273,
            36.76115
          ],
          [
            3.04823,
            36.761193
          ],
          [
            3.048203,
            36.76123
          ],
          [
            3.048166,
            36.761256
          ],
          [
            3.048088,
            36.761286
          ],
          [
            3.048042,
            36.761299
          ],
          [
            3.048005,
            36.761307
          ],
          [
            3.04794,
            36.761314
          ],
          [
            3.047884,
            36.76132
          ],
          [
            3.047865,
            36.761279
          ],
          [
            3.047833,
            36.761204
          ],
          [
            3.047736,
            36.761019
          ],
          [
            3.047637,
            36.760854
          ],
          [
            3.047608,
            36.760824
          ],
          [
            3.047557,
            36.760787
          ],
          [
            3.047511,
            36.76077
          ],
          [
            3.04746,
            36.760761
          ],
          [
            3.047409,
            36.760761
          ],
          [
            3.047361,
            36.760772
          ],
          [
            3.047345,
            36.760779
          ],
          [
            3.047315,
            36.760792
          ],
          [
            3.047278,
            36.760817
          ],
          [
            3.047248,
            36.76085
          ],
          [
            3.047227,
            36.760888
          ],
          [
            3.047219,
            36.760929
          ],
          [
            3.047224,
            36.760968
          ],
          [
            3.047238,
            36.761009
          ],
          [
            3.047605,
            36.761572
          ],
          [
            3.047621,
            36.761625
          ],
          [
            3.047621,
            36.761679
          ],
          [
            3.047605,
            36.761735
          ],
          [
            3.047586,
            36.761776
          ],
          [
            3.047562,
            36.761806
          ],
          [
            3.047495,
            36.761838
          ],
          [
            3.047449,
            36.761853
          ],
          [
            3.047401,
            36.761862
          ],
          [
            3.04735,
            36.76186
          ],
          [
            3.047302,
            36.761851
          ],
          [
            3.047256,
            36.761832
          ],
          [
            3.04716,
            36.761778
          ],
          [
            3.046916,
            36.761582
          ],
          [
            3.046886,
            36.761559
          ],
          [
            3.046798,
            36.76149
          ],
          [
            3.046597,
            36.761331
          ],
          [
            3.046546,
            36.761288
          ],
          [
            3.046307,
            36.761168
          ],
          [
            3.046149,
            36.761112
          ],
          [
            3.046108,
            36.761127
          ],
          [
            3.046065,
            36.761133
          ],
          [
            3.045953,
            36.761215
          ],
          [
            3.045816,
            36.761324
          ],
          [
            3.045757,
            36.761447
          ],
          [
            3.045687,
            36.761576
          ],
          [
            3.045588,
            36.761681
          ],
          [
            3.045435,
            36.761795
          ],
          [
            3.04529,
            36.761892
          ],
          [
            3.045129,
            36.761995
          ],
          [
            3.044794,
            36.762257
          ],
          [
            3.044641,
            36.76241
          ],
          [
            3.044435,
            36.762609
          ],
          [
            3.044183,
            36.762835
          ],
          [
            3.044078,
            36.763121
          ],
          [
            3.044043,
            36.763314
          ],
          [
            3.044059,
            36.763495
          ],
          [
            3.044097,
            36.763714
          ],
          [
            3.044126,
            36.763821
          ],
          [
            3.04414,
            36.763869
          ],
          [
            3.044158,
            36.763955
          ],
          [
            3.04422,
            36.76424
          ],
          [
            3.044223,
            36.764253
          ],
          [
            3.044239,
            36.764376
          ],
          [
            3.044242,
            36.764576
          ],
          [
            3.044242,
            36.764752
          ],
          [
            3.044282,
            36.764898
          ],
          [
            3.044301,
            36.764937
          ],
          [
            3.044327,
            36.764969
          ],
          [
            3.044362,
            36.764999
          ],
          [
            3.044405,
            36.76502
          ],
          [
            3.044791,
            36.765181
          ],
          [
            3.044848,
            36.765216
          ],
          [
            3.044893,
            36.765259
          ],
          [
            3.044926,
            36.76531
          ],
          [
            3.045006,
            36.765469
          ],
          [
            3.045097,
            36.765476
          ],
          [
            3.045188,
            36.765525
          ],
          [
            3.045298,
            36.765592
          ],
          [
            3.045381,
            36.765631
          ],
          [
            3.045459,
            36.765659
          ],
          [
            3.045725,
            36.765753
          ],
          [
            3.045907,
            36.765826
          ],
          [
            3.04602,
            36.765899
          ],
          [
            3.046183,
            36.766043
          ],
          [
            3.046336,
            36.766191
          ],
          [
            3.0465,
            36.766329
          ],
          [
            3.046688,
            36.766447
          ],
          [
            3.046841,
            36.766503
          ],
          [
            3.047004,
            36.766535
          ],
          [
            3.047144,
            36.766563
          ],
          [
            3.04727,
            36.766604
          ],
          [
            3.047369,
            36.766606
          ],
          [
            3.047476,
            36.766623
          ],
          [
            3.047578,
            36.766655
          ],
          [
            3.047667,
            36.766705
          ],
          [
            3.047804,
            36.766804
          ],
          [
            3.047922,
            36.76695
          ],
          [
            3.048136,
            36.7673
          ],
          [
            3.048147,
            36.767319
          ],
          [
            3.048187,
            36.767304
          ],
          [
            3.048147,
            36.767319
          ],
          [
            3.04823,
            36.767435
          ],
          [
            3.048437,
            36.767683
          ],
          [
            3.048538,
            36.767779
          ],
          [
            3.04908,
            36.768286
          ],
          [
            3.049161,
            36.768374
          ],
          [
            3.049625,
            36.768783
          ],
          [
            3.049944,
            36.769073
          ],
          [
            3.050116,
            36.769227
          ],
          [
            3.05037,
            36.769427
          ],
          [
            3.050515,
            36.769524
          ],
          [
            3.050598,
            36.769578
          ],
          [
            3.050716,
            36.76964
          ],
          [
            3.05077,
            36.769683
          ],
          [
            3.050794,
            36.769713
          ],
          [
            3.05081,
            36.769747
          ],
          [
            3.050818,
            36.769784
          ],
          [
            3.050816,
            36.769812
          ],
          [
            3.050805,
            36.76984
          ],
          [
            3.050789,
            36.769863
          ],
          [
            3.050765,
            36.769885
          ],
          [
            3.050738,
            36.7699
          ],
          [
            3.050432,
            36.770059
          ],
          [
            3.050137,
            36.770203
          ],
          [
            3.049998,
            36.770321
          ],
          [
            3.049957,
            36.770416
          ],
          [
            3.049957,
            36.770525
          ],
          [
            3.05003,
            36.770602
          ],
          [
            3.050142,
            36.770641
          ],
          [
            3.050282,
            36.770643
          ],
          [
            3.050547,
            36.770658
          ],
          [
            3.050829,
            36.77068
          ],
          [
            3.05096,
            36.770725
          ],
          [
            3.051017,
            36.770792
          ],
          [
            3.051127,
            36.770955
          ],
          [
            3.05121,
            36.771105
          ],
          [
            3.051242,
            36.77118
          ],
          [
            3.051234,
            36.771303
          ],
          [
            3.051239,
            36.771357
          ],
          [
            3.051223,
            36.771417
          ],
          [
            3.051167,
            36.77152
          ],
          [
            3.051113,
            36.771675
          ],
          [
            3.051065,
            36.771769
          ],
          [
            3.051038,
            36.771812
          ],
          [
            3.050979,
            36.771885
          ],
          [
            3.050958,
            36.77199
          ],
          [
            3.050987,
            36.772072
          ],
          [
            3.051054,
            36.772115
          ],
          [
            3.051151,
            36.772147
          ],
          [
            3.051247,
            36.772132
          ],
          [
            3.051532,
            36.772055
          ],
          [
            3.051556,
            36.772047
          ],
          [
            3.051585,
            36.772038
          ],
          [
            3.051666,
            36.772029
          ],
          [
            3.051915,
            36.771988
          ],
          [
            3.052057,
            36.772005
          ],
          [
            3.052162,
            36.772025
          ],
          [
            3.052253,
            36.772076
          ],
          [
            3.052307,
            36.772128
          ],
          [
            3.052409,
            36.772261
          ],
          [
            3.052487,
            36.772371
          ],
          [
            3.052503,
            36.772448
          ],
          [
            3.052468,
            36.772562
          ],
          [
            3.052404,
            36.772637
          ],
          [
            3.052302,
            36.772708
          ],
          [
            3.052138,
            36.772783
          ],
          [
            3.052055,
            36.772833
          ],
          [
            3.05202,
            36.772876
          ],
          [
            3.052028,
            36.772942
          ],
          [
            3.052066,
            36.773011
          ],
          [
            3.05213,
            36.77306
          ],
          [
            3.05231,
            36.77314
          ],
          [
            3.052481,
            36.773198
          ],
          [
            3.052524,
            36.773215
          ],
          [
            3.052567,
            36.773241
          ],
          [
            3.05261,
            36.773249
          ],
          [
            3.052634,
            36.773267
          ],
          [
            3.052658,
            36.773284
          ],
          [
            3.052843,
            36.77358
          ],
          [
            3.052878,
            36.773628
          ],
          [
            3.052918,
            36.773645
          ],
          [
            3.052937,
            36.773656
          ],
          [
            3.052951,
            36.773668
          ],
          [
            3.053117,
            36.773894
          ],
          [
            3.053144,
            36.773924
          ],
          [
            3.053181,
            36.773948
          ],
          [
            3.053227,
            36.773961
          ],
          [
            3.053267,
            36.773967
          ],
          [
            3.053313,
            36.773963
          ],
          [
            3.053345,
            36.773954
          ],
          [
            3.053377,
            36.77395
          ],
          [
            3.053412,
            36.773952
          ],
          [
            3.053444,
            36.773961
          ],
          [
            3.053522,
            36.773939
          ],
          [
            3.053586,
            36.773926
          ],
          [
            3.05371,
            36.773913
          ],
          [
            3.053838,
            36.773918
          ],
          [
            3.053935,
            36.773931
          ],
          [
            3.054037,
            36.77395
          ],
          [
            3.054123,
            36.773976
          ],
          [
            3.05419,
            36.77401
          ],
          [
            3.054243,
            36.774049
          ],
          [
            3.054294,
            36.774096
          ],
          [
            3.054364,
            36.774186
          ],
          [
            3.054552,
            36.774453
          ],
          [
            3.054638,
            36.774573
          ],
          [
            3.054855,
            36.774865
          ],
          [
            3.05497,
            36.775013
          ],
          [
            3.055043,
            36.775097
          ],
          [
            3.055131,
            36.775172
          ],
          [
            3.055233,
            36.775237
          ],
          [
            3.055343,
            36.775286
          ],
          [
            3.055456,
            36.775323
          ],
          [
            3.055579,
            36.775344
          ],
          [
            3.055684,
            36.775355
          ],
          [
            3.055794,
            36.775357
          ],
          [
            3.055856,
            36.775348
          ],
          [
            3.055925,
            36.775336
          ],
          [
            3.055992,
            36.775312
          ],
          [
            3.056022,
            36.775293
          ],
          [
            3.056062,
            36.77528
          ],
          [
            3.056102,
            36.775273
          ],
          [
            3.05614,
            36.775275
          ],
          [
            3.056185,
            36.775282
          ],
          [
            3.056218,
            36.77529
          ],
          [
            3.056252,
            36.775308
          ],
          [
            3.05636,
            36.775366
          ],
          [
            3.056389,
            36.775379
          ],
          [
            3.056424,
            36.775391
          ],
          [
            3.056464,
            36.7754
          ],
          [
            3.056963,
            36.775434
          ],
          [
            3.057036,
            36.775437
          ],
          [
            3.057108,
            36.775428
          ],
          [
            3.057178,
            36.775413
          ],
          [
            3.05724,
            36.775387
          ],
          [
            3.057288,
            36.775353
          ],
          [
            3.057328,
            36.775314
          ],
          [
            3.057363,
            36.775271
          ],
          [
            3.0574,
            36.775215
          ],
          [
            3.057425,
            36.775164
          ],
          [
            3.057484,
            36.774988
          ],
          [
            3.057492,
            36.774977
          ],
          [
            3.057502,
            36.774964
          ],
          [
            3.057527,
            36.774945
          ],
          [
            3.057612,
            36.774622
          ],
          [
            3.057634,
            36.774545
          ],
          [
            3.057642,
            36.774483
          ],
          [
            3.057642,
            36.774403
          ],
          [
            3.057631,
            36.774343
          ],
          [
            3.057602,
            36.774283
          ],
          [
            3.057564,
            36.774238
          ],
          [
            3.05747,
            36.774141
          ],
          [
            3.057226,
            36.773898
          ],
          [
            3.057105,
            36.773787
          ],
          [
            3.05666,
            36.773381
          ],
          [
            3.056572,
            36.773303
          ],
          [
            3.056067,
            36.772871
          ],
          [
            3.055842,
            36.772684
          ],
          [
            3.055625,
            36.772504
          ],
          [
            3.055311,
            36.772259
          ],
          [
            3.055287,
            36.77221
          ],
          [
            3.055279,
            36.772169
          ],
          [
            3.055287,
            36.772109
          ],
          [
            3.055332,
            36.772059
          ],
          [
            3.055569,
            36.771864
          ],
          [
            3.055606,
            36.771836
          ],
          [
            3.055652,
            36.771801
          ],
          [
            3.055713,
            36.771735
          ],
          [
            3.055965,
            36.77147
          ],
          [
            3.055343,
            36.770349
          ],
          [
            3.055335,
            36.770334
          ],
          [
            3.055362,
            36.770287
          ],
          [
            3.055389,
            36.770242
          ],
          [
            3.055434,
            36.770218
          ],
          [
            3.055595,
            36.77016
          ],
          [
            3.055687,
            36.770158
          ],
          [
            3.055788,
            36.770173
          ],
          [
            3.056408,
            36.770652
          ],
          [
            3.056607,
            36.770819
          ],
          [
            3.057202,
            36.771292
          ],
          [
            3.057607,
            36.771627
          ],
          [
            3.057814,
            36.77167
          ],
          [
            3.057961,
            36.771724
          ],
          [
            3.058358,
            36.771866
          ],
          [
            3.058448,
            36.771893
          ],
          [
            3.058455,
            36.771878
          ]
        ]
      },
      "properties": {
        "name": "1er Mai - La grande poste",
        "stroke": "#E51B23",
        "description": "L15"
      }
    },
    {
      "type": "Feature",
      "geometry": {
        "type": "LineString",
        "coordinates": [
          [
            3.058455,
            36.771878
          ],
          [
            3.058448,
            36.771893
          ],
          [
            3.058983,
            36.772053
          ],
          [
            3.059334,
            36.772158
          ],
          [
            3.059409,
            36.772173
          ],
          [
            3.059568,
            36.772164
          ],
          [
            3.059737,
            36.772143
          ],
          [
            3.059932,
            36.772128
          ],
          [
            3.060045,
            36.772173
          ],
          [
            3.060214,
            36.772302
          ],
          [
            3.06037,
            36.772427
          ],
          [
            3.060523,
            36.772553
          ],
          [
            3.060718,
            36.772719
          ],
          [
            3.06108,
            36.773035
          ],
          [
            3.061091,
            36.773052
          ],
          [
            3.061099,
            36.773065
          ],
          [
            3.061105,
            36.77308
          ],
          [
            3.061107,
            36.77311
          ],
          [
            3.06104,
            36.773406
          ],
          [
            3.060608,
            36.773346
          ],
          [
            3.05993,
            36.773252
          ],
          [
            3.06,
            36.772848
          ],
          [
            3.060029,
            36.772689
          ],
          [
            3.060002,
            36.772624
          ],
          [
            3.059986,
            36.772609
          ],
          [
            3.059967,
            36.772596
          ],
          [
            3.059943,
            36.772586
          ],
          [
            3.059898,
            36.772586
          ],
          [
            3.059455,
            36.772764
          ],
          [
            3.059235,
            36.772865
          ],
          [
            3.058988,
            36.772977
          ],
          [
            3.058819,
            36.773052
          ],
          [
            3.058342,
            36.773269
          ],
          [
            3.058286,
            36.773288
          ],
          [
            3.05824,
            36.77329
          ],
          [
            3.058189,
            36.773273
          ],
          [
            3.05816,
            36.773256
          ],
          [
            3.057977,
            36.773106
          ],
          [
            3.057741,
            36.772925
          ],
          [
            3.057366,
            36.772583
          ],
          [
            3.057347,
            36.772568
          ],
          [
            3.05732,
            36.772543
          ],
          [
            3.057034,
            36.772309
          ],
          [
            3.056907,
            36.772205
          ],
          [
            3.056451,
            36.771862
          ],
          [
            3.056354,
            36.771797
          ],
          [
            3.056234,
            36.771741
          ],
          [
            3.056073,
            36.771713
          ],
          [
            3.055944,
            36.771707
          ],
          [
            3.055875,
            36.77172
          ],
          [
            3.055878,
            36.771732
          ],
          [
            3.055875,
            36.77172
          ],
          [
            3.055805,
            36.771733
          ],
          [
            3.055652,
            36.771801
          ],
          [
            3.055606,
            36.771836
          ],
          [
            3.055569,
            36.771864
          ],
          [
            3.055332,
            36.772059
          ],
          [
            3.055287,
            36.772109
          ],
          [
            3.055279,
            36.772169
          ],
          [
            3.055287,
            36.77221
          ],
          [
            3.055311,
            36.772259
          ],
          [
            3.055625,
            36.772504
          ],
          [
            3.055842,
            36.772684
          ],
          [
            3.056067,
            36.772871
          ],
          [
            3.056572,
            36.773303
          ],
          [
            3.05666,
            36.773381
          ],
          [
            3.057105,
            36.773787
          ],
          [
            3.057226,
            36.773898
          ],
          [
            3.05747,
            36.774141
          ],
          [
            3.057564,
            36.774238
          ],
          [
            3.057602,
            36.774283
          ],
          [
            3.057631,
            36.774343
          ],
          [
            3.057642,
            36.774403
          ],
          [
            3.057642,
            36.774483
          ],
          [
            3.057634,
            36.774545
          ],
          [
            3.057612,
            36.774622
          ],
          [
            3.057527,
            36.774945
          ],
          [
            3.057529,
            36.774977
          ],
          [
            3.057532,
            36.774988
          ],
          [
            3.057529,
            36.775003
          ],
          [
            3.057478,
            36.775172
          ],
          [
            3.057451,
            36.775232
          ],
          [
            3.057427,
            36.775278
          ],
          [
            3.057395,
            36.775321
          ],
          [
            3.057355,
            36.775359
          ],
          [
            3.057309,
            36.775394
          ],
          [
            3.057261,
            36.775424
          ],
          [
            3.057205,
            36.775447
          ],
          [
            3.057148,
            36.775467
          ],
          [
            3.057087,
            36.77548
          ],
          [
            3.057025,
            36.775486
          ],
          [
            3.056963,
            36.775484
          ],
          [
            3.056518,
            36.775458
          ],
          [
            3.056456,
            36.775456
          ],
          [
            3.056408,
            36.775458
          ],
          [
            3.056354,
            36.775465
          ],
          [
            3.056303,
            36.775475
          ],
          [
            3.05625,
            36.775495
          ],
          [
            3.056199,
            36.775514
          ],
          [
            3.056153,
            36.775525
          ],
          [
            3.05611,
            36.775527
          ],
          [
            3.056065,
            36.775518
          ],
          [
            3.056027,
            36.775501
          ],
          [
            3.055995,
            36.775477
          ],
          [
            3.055971,
            36.775452
          ],
          [
            3.055912,
            36.775428
          ],
          [
            3.055872,
            36.775417
          ],
          [
            3.055829,
            36.775411
          ],
          [
            3.055788,
            36.775407
          ],
          [
            3.055555,
            36.775389
          ],
          [
            3.055429,
            36.775366
          ],
          [
            3.055319,
            36.775331
          ],
          [
            3.055206,
            36.77528
          ],
          [
            3.055091,
            36.775209
          ],
          [
            3.055,
            36.775132
          ],
          [
            3.054927,
            36.77505
          ],
          [
            3.054801,
            36.774889
          ],
          [
            3.05459,
            36.774603
          ],
          [
            3.054308,
            36.774216
          ],
          [
            3.054238,
            36.774132
          ],
          [
            3.05419,
            36.774085
          ],
          [
            3.054131,
            36.774047
          ],
          [
            3.054066,
            36.774021
          ],
          [
            3.053986,
            36.774004
          ],
          [
            3.053887,
            36.773995
          ],
          [
            3.053804,
            36.774001
          ],
          [
            3.053699,
            36.774025
          ],
          [
            3.053619,
            36.774062
          ],
          [
            3.05353,
            36.774111
          ],
          [
            3.053514,
            36.774141
          ],
          [
            3.05349,
            36.774165
          ],
          [
            3.053455,
            36.774184
          ],
          [
            3.053415,
            36.774197
          ],
          [
            3.053369,
            36.774199
          ],
          [
            3.053329,
            36.774193
          ],
          [
            3.053289,
            36.774175
          ],
          [
            3.053259,
            36.77415
          ],
          [
            3.053235,
            36.77412
          ],
          [
            3.053181,
            36.774083
          ],
          [
            3.053152,
            36.774057
          ],
          [
            3.053125,
            36.774025
          ],
          [
            3.053098,
            36.773993
          ],
          [
            3.052889,
            36.773694
          ],
          [
            3.052881,
            36.773675
          ],
          [
            3.052881,
            36.773658
          ],
          [
            3.052878,
            36.773628
          ],
          [
            3.052843,
            36.77358
          ],
          [
            3.052658,
            36.773284
          ],
          [
            3.052634,
            36.773267
          ],
          [
            3.05261,
            36.773249
          ],
          [
            3.052567,
            36.773241
          ],
          [
            3.052524,
            36.773215
          ],
          [
            3.052481,
            36.773198
          ],
          [
            3.05231,
            36.77314
          ],
          [
            3.05213,
            36.77306
          ],
          [
            3.052066,
            36.773011
          ],
          [
            3.052028,
            36.772942
          ],
          [
            3.05202,
            36.772876
          ],
          [
            3.052055,
            36.772833
          ],
          [
            3.052138,
            36.772783
          ],
          [
            3.052302,
            36.772708
          ],
          [
            3.052404,
            36.772637
          ],
          [
            3.052468,
            36.772562
          ],
          [
            3.052503,
            36.772448
          ],
          [
            3.052487,
            36.772371
          ],
          [
            3.052409,
            36.772261
          ],
          [
            3.052307,
            36.772128
          ],
          [
            3.052253,
            36.772076
          ],
          [
            3.052162,
            36.772025
          ],
          [
            3.052057,
            36.772005
          ],
          [
            3.051915,
            36.771988
          ],
          [
            3.051666,
            36.772029
          ],
          [
            3.051585,
            36.772038
          ],
          [
            3.051556,
            36.772047
          ],
          [
            3.051532,
            36.772055
          ],
          [
            3.051247,
            36.772132
          ],
          [
            3.051151,
            36.772147
          ],
          [
            3.051054,
            36.772115
          ],
          [
            3.050987,
            36.772072
          ],
          [
            3.050958,
            36.77199
          ],
          [
            3.050979,
            36.771885
          ],
          [
            3.051038,
            36.771812
          ],
          [
            3.051065,
            36.771769
          ],
          [
            3.051113,
            36.771675
          ],
          [
            3.051167,
            36.77152
          ],
          [
            3.051223,
            36.771417
          ],
          [
            3.051239,
            36.771357
          ],
          [
            3.051234,
            36.771303
          ],
          [
            3.051242,
            36.77118
          ],
          [
            3.05121,
            36.771105
          ],
          [
            3.051127,
            36.770955
          ],
          [
            3.051017,
            36.770792
          ],
          [
            3.05096,
            36.770725
          ],
          [
            3.050829,
            36.77068
          ],
          [
            3.050547,
            36.770658
          ],
          [
            3.050282,
            36.770643
          ],
          [
            3.050142,
            36.770641
          ],
          [
            3.05003,
            36.770602
          ],
          [
            3.049957,
            36.770525
          ],
          [
            3.049957,
            36.770416
          ],
          [
            3.049998,
            36.770321
          ],
          [
            3.050137,
            36.770203
          ],
          [
            3.050432,
            36.770059
          ],
          [
            3.050738,
            36.7699
          ],
          [
            3.050765,
            36.769885
          ],
          [
            3.050789,
            36.769863
          ],
          [
            3.050805,
            36.76984
          ],
          [
            3.050816,
            36.769812
          ],
          [
            3.050818,
            36.769784
          ],
          [
            3.05081,
            36.769747
          ],
          [
            3.050794,
            36.769713
          ],
          [
            3.05077,
            36.769683
          ],
          [
            3.050716,
            36.76964
          ],
          [
            3.050598,
            36.769578
          ],
          [
            3.050515,
            36.769524
          ],
          [
            3.05037,
            36.769427
          ],
          [
            3.050116,
            36.769227
          ],
          [
            3.049944,
            36.769073
          ],
          [
            3.049625,
            36.768783
          ],
          [
            3.049161,
            36.768374
          ],
          [
            3.04908,
            36.768286
          ],
          [
            3.048538,
            36.767779
          ],
          [
            3.048437,
            36.767683
          ],
          [
            3.04823,
            36.767435
          ],
          [
            3.04815,
            36.767324
          ],
          [
            3.048136,
            36.7673
          ],
          [
            3.047922,
            36.76695
          ],
          [
            3.047804,
            36.766804
          ],
          [
            3.047667,
            36.766705
          ],
          [
            3.047578,
            36.766655
          ],
          [
            3.047476,
            36.766623
          ],
          [
            3.047369,
            36.766606
          ],
          [
            3.04727,
            36.766604
          ],
          [
            3.04716,
            36.766632
          ],
          [
            3.046953,
            36.766628
          ],
          [
            3.046749,
            36.766595
          ],
          [
            3.046602,
            36.766544
          ],
          [
            3.046422,
            36.766456
          ],
          [
            3.046251,
            36.76635
          ],
          [
            3.045937,
            36.766146
          ],
          [
            3.045668,
            36.766007
          ],
          [
            3.045336,
            36.765833
          ],
          [
            3.045253,
            36.765775
          ],
          [
            3.045167,
            36.765701
          ],
          [
            3.045135,
            36.765659
          ],
          [
            3.04507,
            36.765579
          ],
          [
            3.045046,
            36.765527
          ],
          [
            3.045006,
            36.765469
          ],
          [
            3.044926,
            36.76531
          ],
          [
            3.044893,
            36.765259
          ],
          [
            3.044848,
            36.765216
          ],
          [
            3.044791,
            36.765181
          ],
          [
            3.044405,
            36.76502
          ],
          [
            3.044362,
            36.764999
          ],
          [
            3.044327,
            36.764969
          ],
          [
            3.044301,
            36.764937
          ],
          [
            3.044282,
            36.764898
          ],
          [
            3.044242,
            36.764752
          ],
          [
            3.044242,
            36.764576
          ],
          [
            3.044239,
            36.764376
          ],
          [
            3.044238,
            36.764367
          ],
          [
            3.044156,
            36.764374
          ],
          [
            3.044238,
            36.764367
          ],
          [
            3.044223,
            36.764253
          ],
          [
            3.04422,
            36.76424
          ],
          [
            3.044158,
            36.763955
          ],
          [
            3.04414,
            36.763869
          ],
          [
            3.044126,
            36.763821
          ],
          [
            3.044097,
            36.763714
          ],
          [
            3.044059,
            36.763495
          ],
          [
            3.044043,
            36.763314
          ],
          [
            3.044078,
            36.763121
          ],
          [
            3.044183,
            36.762835
          ],
          [
            3.044435,
            36.762609
          ],
          [
            3.044641,
            36.76241
          ],
          [
            3.044794,
            36.762257
          ],
          [
            3.045129,
            36.761995
          ],
          [
            3.04529,
            36.761892
          ],
          [
            3.045435,
            36.761795
          ],
          [
            3.045588,
            36.761681
          ],
          [
            3.045687,
            36.761576
          ],
          [
            3.045757,
            36.761447
          ],
          [
            3.045816,
            36.761324
          ],
          [
            3.045875,
            36.761144
          ],
          [
            3.045934,
            36.761028
          ],
          [
            3.045939,
            36.760998
          ],
          [
            3.045953,
            36.760972
          ],
          [
            3.045974,
            36.760948
          ],
          [
            3.046004,
            36.760931
          ],
          [
            3.046039,
            36.76092
          ],
          [
            3.046073,
            36.760918
          ],
          [
            3.046036,
            36.760807
          ],
          [
            3.045945,
            36.760557
          ],
          [
            3.0458,
            36.760145
          ],
          [
            3.045733,
            36.76002
          ],
          [
            3.045682,
            36.759951
          ],
          [
            3.045612,
            36.759893
          ],
          [
            3.045526,
            36.759846
          ],
          [
            3.045078,
            36.759657
          ],
          [
            3.044998,
            36.759616
          ],
          [
            3.044928,
            36.759565
          ],
          [
            3.044875,
            36.759504
          ],
          [
            3.044821,
            36.759412
          ],
          [
            3.044786,
            36.759253
          ],
          [
            3.044791,
            36.75909
          ],
          [
            3.044789,
            36.758933
          ],
          [
            3.044821,
            36.758862
          ],
          [
            3.044864,
            36.758774
          ],
          [
            3.044904,
            36.758705
          ],
          [
            3.044931,
            36.758673
          ],
          [
            3.044971,
            36.758628
          ],
          [
            3.044993,
            36.758606
          ],
          [
            3.045044,
            36.758514
          ],
          [
            3.045237,
            36.758252
          ],
          [
            3.045253,
            36.758206
          ],
          [
            3.045266,
            36.758159
          ],
          [
            3.045263,
            36.758112
          ],
          [
            3.04525,
            36.758065
          ],
          [
            3.045229,
            36.758022
          ],
          [
            3.045086,
            36.757824
          ],
          [
            3.045065,
            36.757781
          ],
          [
            3.045049,
            36.757727
          ],
          [
            3.045044,
            36.757691
          ],
          [
            3.045046,
            36.757641
          ],
          [
            3.045052,
            36.75762
          ],
          [
            3.045065,
            36.75757
          ],
          [
            3.045078,
            36.757545
          ],
          [
            3.045127,
            36.757484
          ],
          [
            3.045245,
            36.757424
          ],
          [
            3.045373,
            36.757373
          ],
          [
            3.045671,
            36.757265
          ],
          [
            3.045765,
            36.757231
          ],
          [
            3.045816,
            36.757203
          ],
          [
            3.045867,
            36.757166
          ],
          [
            3.045923,
            36.757123
          ],
          [
            3.046006,
            36.75708
          ],
          [
            3.046079,
            36.757046
          ],
          [
            3.046143,
            36.757022
          ],
          [
            3.046186,
            36.75702
          ],
          [
            3.046232,
            36.757031
          ],
          [
            3.046269,
            36.757042
          ],
          [
            3.046304,
            36.757063
          ],
          [
            3.046336,
            36.757087
          ],
          [
            3.046355,
            36.757106
          ],
          [
            3.046369,
            36.757123
          ],
          [
            3.046377,
            36.757143
          ],
          [
            3.046462,
            36.757201
          ],
          [
            3.046497,
            36.757216
          ],
          [
            3.046548,
            36.757233
          ],
          [
            3.046607,
            36.757235
          ],
          [
            3.046666,
            36.757224
          ],
          [
            3.046709,
            36.757207
          ],
          [
            3.046744,
            36.757181
          ],
          [
            3.046768,
            36.757143
          ],
          [
            3.046782,
            36.757085
          ],
          [
            3.046795,
            36.75702
          ],
          [
            3.046806,
            36.756971
          ],
          [
            3.04683,
            36.756917
          ],
          [
            3.046865,
            36.756874
          ],
          [
            3.046897,
            36.756842
          ],
          [
            3.047018,
            36.756756
          ],
          [
            3.04709,
            36.756724
          ],
          [
            3.047171,
            36.756698
          ],
          [
            3.047315,
            36.756655
          ],
          [
            3.047643,
            36.756563
          ],
          [
            3.047946,
            36.756483
          ],
          [
            3.048257,
            36.756395
          ],
          [
            3.048372,
            36.756371
          ],
          [
            3.048479,
            36.756352
          ],
          [
            3.048624,
            36.756339
          ],
          [
            3.048887,
            36.75627
          ],
          [
            3.049086,
            36.756217
          ],
          [
            3.049306,
            36.756167
          ],
          [
            3.049321,
            36.756164
          ],
          [
            3.049534,
            36.756122
          ],
          [
            3.049912,
            36.756051
          ],
          [
            3.05026,
            36.755989
          ],
          [
            3.050472,
            36.755957
          ],
          [
            3.050655,
            36.755933
          ],
          [
            3.050832,
            36.755918
          ],
          [
            3.050998,
            36.755916
          ],
          [
            3.051119,
            36.755933
          ],
          [
            3.051221,
            36.755957
          ],
          [
            3.051424,
            36.756032
          ],
          [
            3.051602,
            36.756139
          ],
          [
            3.051762,
            36.75626
          ],
          [
            3.051913,
            36.756431
          ],
          [
            3.052009,
            36.756599
          ],
          [
            3.052049,
            36.756758
          ],
          [
            3.052066,
            36.756919
          ],
          [
            3.052044,
            36.757093
          ],
          [
            3.051988,
            36.757257
          ],
          [
            3.051875,
            36.757439
          ],
          [
            3.051754,
            36.757566
          ],
          [
            3.051698,
            36.757611
          ],
          [
            3.051564,
            36.757723
          ],
          [
            3.051376,
            36.757882
          ],
          [
            3.051272,
            36.757985
          ],
          [
            3.051218,
            36.758063
          ],
          [
            3.051191,
            36.758099
          ],
          [
            3.051137,
            36.758179
          ],
          [
            3.051081,
            36.758314
          ],
          [
            3.051038,
            36.758505
          ],
          [
            3.051044,
            36.758675
          ],
          [
            3.051132,
            36.758995
          ],
          [
            3.051221,
            36.759201
          ],
          [
            3.051355,
            36.75941
          ],
          [
            3.051513,
            36.759573
          ],
          [
            3.051722,
            36.759732
          ],
          [
            3.051913,
            36.759842
          ],
          [
            3.052141,
            36.759932
          ],
          [
            3.052682,
            36.76011
          ],
          [
            3.052892,
            36.760179
          ],
          [
            3.053364,
            36.760332
          ],
          [
            3.053806,
            36.760476
          ],
          [
            3.054147,
            36.760577
          ],
          [
            3.055131,
            36.760955
          ],
          [
            3.055815,
            36.761217
          ],
          [
            3.05621,
            36.76134
          ],
          [
            3.056344,
            36.761357
          ],
          [
            3.056459,
            36.761342
          ],
          [
            3.056523,
            36.761329
          ],
          [
            3.056607,
            36.761327
          ],
          [
            3.056738,
            36.76134
          ],
          [
            3.056816,
            36.761367
          ],
          [
            3.05684,
            36.761359
          ],
          [
            3.056931,
            36.761344
          ],
          [
            3.056969,
            36.761309
          ],
          [
            3.056998,
            36.76126
          ],
          [
            3.057113,
            36.760923
          ],
          [
            3.057339,
            36.760299
          ],
          [
            3.057274,
            36.760263
          ],
          [
            3.057237,
            36.760226
          ],
          [
            3.056998,
            36.760158
          ],
          [
            3.056971,
            36.760061
          ],
          [
            3.05695,
            36.760003
          ],
          [
            3.056697,
            36.760063
          ],
          [
            3.056706,
            36.760087
          ]
        ]
      },
      "properties": {
        "name": "La grande poste - 1er Mai",
        "stroke": "#249CF2",
        "description": "L15-R"
      }
    },
    {
      "type": "Feature",
      "geometry": {
        "type": "LineString",
        "coordinates": [
          [
            3.054635,
            36.768735
          ],
          [
            3.054596,
            36.768753
          ],
          [
            3.054729,
            36.768939
          ],
          [
            3.055024,
            36.769361
          ],
          [
            3.055166,
            36.769545
          ],
          [
            3.055295,
            36.769713
          ],
          [
            3.055314,
            36.769734
          ],
          [
            3.055343,
            36.769799
          ],
          [
            3.055354,
            36.769835
          ],
          [
            3.055357,
            36.76987
          ],
          [
            3.055351,
            36.769898
          ],
          [
            3.055341,
            36.769924
          ],
          [
            3.055319,
            36.769947
          ],
          [
            3.055298,
            36.769964
          ],
          [
            3.055273,
            36.769986
          ],
          [
            3.05522,
            36.77002
          ],
          [
            3.055172,
            36.770037
          ],
          [
            3.055088,
            36.770046
          ],
          [
            3.054463,
            36.7695
          ],
          [
            3.05372,
            36.768914
          ],
          [
            3.053651,
            36.768858
          ],
          [
            3.053374,
            36.768643
          ],
          [
            3.053055,
            36.768381
          ],
          [
            3.052771,
            36.768132
          ],
          [
            3.052629,
            36.767998
          ],
          [
            3.052508,
            36.767908
          ],
          [
            3.052237,
            36.767695
          ],
          [
            3.051921,
            36.767453
          ],
          [
            3.051545,
            36.767178
          ],
          [
            3.051408,
            36.76709
          ],
          [
            3.051315,
            36.767068
          ],
          [
            3.05125,
            36.767066
          ],
          [
            3.051197,
            36.767081
          ],
          [
            3.050969,
            36.767184
          ],
          [
            3.050837,
            36.767283
          ],
          [
            3.050593,
            36.767455
          ],
          [
            3.050496,
            36.767491
          ],
          [
            3.050408,
            36.767506
          ],
          [
            3.050303,
            36.767446
          ],
          [
            3.050167,
            36.767264
          ],
          [
            3.050046,
            36.767079
          ],
          [
            3.050019,
            36.767053
          ],
          [
            3.049979,
            36.767006
          ],
          [
            3.049941,
            36.766989
          ],
          [
            3.049829,
            36.76695
          ],
          [
            3.049633,
            36.766918
          ],
          [
            3.049461,
            36.766853
          ],
          [
            3.049354,
            36.766739
          ],
          [
            3.04915,
            36.766378
          ],
          [
            3.049075,
            36.76629
          ],
          [
            3.049011,
            36.766243
          ],
          [
            3.048919,
            36.766183
          ],
          [
            3.048783,
            36.766157
          ],
          [
            3.048603,
            36.76614
          ],
          [
            3.048289,
            36.766095
          ],
          [
            3.048238,
            36.766084
          ],
          [
            3.047932,
            36.766052
          ],
          [
            3.047533,
            36.766019
          ],
          [
            3.047052,
            36.766047
          ],
          [
            3.046784,
            36.76606
          ],
          [
            3.046586,
            36.76605
          ],
          [
            3.046441,
            36.766065
          ],
          [
            3.046277,
            36.76611
          ],
          [
            3.046173,
            36.766153
          ],
          [
            3.046092,
            36.766161
          ],
          [
            3.046014,
            36.766159
          ],
          [
            3.045937,
            36.766146
          ],
          [
            3.045668,
            36.766007
          ],
          [
            3.045336,
            36.765833
          ],
          [
            3.045253,
            36.765775
          ],
          [
            3.045167,
            36.765701
          ],
          [
            3.045135,
            36.765659
          ],
          [
            3.04507,
            36.765579
          ],
          [
            3.045046,
            36.765527
          ],
          [
            3.045006,
            36.765469
          ],
          [
            3.044926,
            36.76531
          ],
          [
            3.044893,
            36.765259
          ],
          [
            3.044848,
            36.765216
          ],
          [
            3.044791,
            36.765181
          ],
          [
            3.044405,
            36.76502
          ],
          [
            3.044362,
            36.764999
          ],
          [
            3.044327,
            36.764969
          ],
          [
            3.044301,
            36.764937
          ],
          [
            3.044282,
            36.764898
          ],
          [
            3.044242,
            36.764752
          ],
          [
            3.044242,
            36.764576
          ],
          [
            3.044239,
            36.764376
          ],
          [
            3.044223,
            36.764253
          ],
          [
            3.04422,
            36.76424
          ],
          [
            3.044158,
            36.763955
          ],
          [
            3.04414,
            36.763869
          ],
          [
            3.044126,
            36.763821
          ],
          [
            3.044097,
            36.763714
          ],
          [
            3.044059,
            36.763495
          ],
          [
            3.044043,
            36.763314
          ],
          [
            3.044078,
            36.763121
          ],
          [
            3.044183,
            36.762835
          ],
          [
            3.044435,
            36.762609
          ],
          [
            3.044641,
            36.76241
          ],
          [
            3.044794,
            36.762257
          ],
          [
            3.045129,
            36.761995
          ],
          [
            3.04529,
            36.761892
          ],
          [
            3.045435,
            36.761795
          ],
          [
            3.045588,
            36.761681
          ],
          [
            3.045687,
            36.761576
          ],
          [
            3.045757,
            36.761447
          ],
          [
            3.045816,
            36.761324
          ],
          [
            3.045875,
            36.761144
          ],
          [
            3.045934,
            36.761028
          ],
          [
            3.045939,
            36.760998
          ],
          [
            3.045953,
            36.760972
          ],
          [
            3.045974,
            36.760948
          ],
          [
            3.046004,
            36.760931
          ],
          [
            3.046039,
            36.76092
          ],
          [
            3.046073,
            36.760918
          ],
          [
            3.046036,
            36.760807
          ],
          [
            3.045945,
            36.760557
          ],
          [
            3.0458,
            36.760145
          ],
          [
            3.045733,
            36.76002
          ],
          [
            3.045682,
            36.759951
          ],
          [
            3.045612,
            36.759893
          ],
          [
            3.045526,
            36.759846
          ],
          [
            3.045078,
            36.759657
          ],
          [
            3.044998,
            36.759616
          ],
          [
            3.044928,
            36.759565
          ],
          [
            3.044875,
            36.759504
          ],
          [
            3.044821,
            36.759412
          ],
          [
            3.044786,
            36.759253
          ],
          [
            3.044791,
            36.75909
          ],
          [
            3.044789,
            36.758933
          ],
          [
            3.044821,
            36.758862
          ],
          [
            3.044864,
            36.758774
          ],
          [
            3.044904,
            36.758705
          ],
          [
            3.044931,
            36.758673
          ],
          [
            3.044971,
            36.758628
          ],
          [
            3.044993,
            36.758606
          ],
          [
            3.045263,
            36.758323
          ],
          [
            3.045352,
            36.758185
          ],
          [
            3.045408,
            36.758052
          ],
          [
            3.045478,
            36.757876
          ],
          [
            3.045548,
            36.757701
          ],
          [
            3.045577,
            36.757628
          ],
          [
            3.045607,
            36.757568
          ],
          [
            3.045639,
            36.757515
          ],
          [
            3.045682,
            36.757454
          ],
          [
            3.045744,
            36.757383
          ],
          [
            3.045803,
            36.757332
          ],
          [
            3.045867,
            36.757282
          ],
          [
            3.045945,
            36.757218
          ],
          [
            3.046049,
            36.757138
          ],
          [
            3.0462,
            36.757035
          ],
          [
            3.046299,
            36.756973
          ],
          [
            3.046411,
            36.756911
          ],
          [
            3.046774,
            36.756726
          ],
          [
            3.046843,
            36.756676
          ],
          [
            3.046892,
            36.756636
          ],
          [
            3.046934,
            36.75659
          ],
          [
            3.046967,
            36.756556
          ],
          [
            3.047002,
            36.756505
          ],
          [
            3.047058,
            36.75641
          ],
          [
            3.047106,
            36.7563
          ],
          [
            3.047136,
            36.756221
          ],
          [
            3.047146,
            36.756161
          ],
          [
            3.047154,
            36.756096
          ],
          [
            3.047154,
            36.756012
          ],
          [
            3.047146,
            36.755862
          ],
          [
            3.047141,
            36.755772
          ],
          [
            3.047146,
            36.755686
          ],
          [
            3.047168,
            36.755589
          ],
          [
            3.047189,
            36.755522
          ],
          [
            3.047224,
            36.755439
          ],
          [
            3.047278,
            36.755327
          ],
          [
            3.047345,
            36.755189
          ],
          [
            3.047377,
            36.755121
          ],
          [
            3.047399,
            36.755071
          ],
          [
            3.047409,
            36.755032
          ],
          [
            3.047423,
            36.754987
          ],
          [
            3.047428,
            36.754934
          ],
          [
            3.047428,
            36.754889
          ],
          [
            3.047425,
            36.754833
          ],
          [
            3.047425,
            36.754652
          ],
          [
            3.047425,
            36.754596
          ],
          [
            3.047431,
            36.754532
          ],
          [
            3.047447,
            36.754442
          ],
          [
            3.047514,
            36.754136
          ],
          [
            3.047533,
            36.75405
          ],
          [
            3.047543,
            36.753971
          ],
          [
            3.047557,
            36.753915
          ],
          [
            3.04757,
            36.753844
          ],
          [
            3.047578,
            36.753818
          ],
          [
            3.047592,
            36.75379
          ],
          [
            3.047613,
            36.75376
          ],
          [
            3.047651,
            36.753713
          ],
          [
            3.047745,
            36.753603
          ],
          [
            3.047785,
            36.753545
          ],
          [
            3.047804,
            36.753515
          ],
          [
            3.047817,
            36.753483
          ],
          [
            3.047836,
            36.753431
          ],
          [
            3.047849,
            36.753388
          ],
          [
            3.047922,
            36.75304
          ],
          [
            3.04794,
            36.752969
          ],
          [
            3.047972,
            36.752886
          ],
          [
            3.047997,
            36.752843
          ],
          [
            3.048029,
            36.752798
          ],
          [
            3.048053,
            36.752767
          ],
          [
            3.048085,
            36.752733
          ],
          [
            3.048123,
            36.752709
          ],
          [
            3.04819,
            36.752671
          ],
          [
            3.048356,
            36.752606
          ],
          [
            3.048469,
            36.75257
          ],
          [
            3.048597,
            36.752531
          ],
          [
            3.048622,
            36.752512
          ],
          [
            3.048648,
            36.752497
          ],
          [
            3.048678,
            36.752482
          ],
          [
            3.04871,
            36.752464
          ],
          [
            3.048766,
            36.75243
          ],
          [
            3.048796,
            36.752413
          ],
          [
            3.048825,
            36.752391
          ],
          [
            3.04885,
            36.752366
          ],
          [
            3.048868,
            36.752333
          ],
          [
            3.048882,
            36.752284
          ],
          [
            3.048882,
            36.752239
          ],
          [
            3.048876,
            36.752202
          ],
          [
            3.048868,
            36.752172
          ],
          [
            3.048855,
            36.752153
          ],
          [
            3.048833,
            36.752131
          ],
          [
            3.048804,
            36.752114
          ],
          [
            3.048766,
            36.752097
          ],
          [
            3.048707,
            36.752078
          ],
          [
            3.048665,
            36.752067
          ],
          [
            3.048611,
            36.752056
          ],
          [
            3.048552,
            36.752054
          ],
          [
            3.048504,
            36.752056
          ],
          [
            3.048455,
            36.752063
          ],
          [
            3.048404,
            36.752078
          ],
          [
            3.048361,
            36.752097
          ],
          [
            3.048286,
            36.752136
          ],
          [
            3.048192,
            36.752232
          ],
          [
            3.04812,
            36.752314
          ],
          [
            3.048056,
            36.752398
          ],
          [
            3.047905,
            36.752568
          ],
          [
            3.047814,
            36.752615
          ],
          [
            3.047828,
            36.752632
          ],
          [
            3.047814,
            36.752615
          ],
          [
            3.047742,
            36.752654
          ],
          [
            3.046841,
            36.75303
          ],
          [
            3.046157,
            36.753309
          ],
          [
            3.045674,
            36.753496
          ],
          [
            3.0451,
            36.753687
          ],
          [
            3.044963,
            36.753741
          ],
          [
            3.044751,
            36.753816
          ],
          [
            3.044472,
            36.753915
          ],
          [
            3.044129,
            36.754038
          ],
          [
            3.043992,
            36.754063
          ],
          [
            3.043834,
            36.754074
          ],
          [
            3.043689,
            36.754061
          ],
          [
            3.043544,
            36.754027
          ],
          [
            3.0433,
            36.753949
          ],
          [
            3.043051,
            36.753863
          ],
          [
            3.042731,
            36.753762
          ],
          [
            3.042648,
            36.753732
          ],
          [
            3.042546,
            36.753685
          ],
          [
            3.042436,
            36.753631
          ],
          [
            3.04212,
            36.753453
          ],
          [
            3.042064,
            36.753414
          ],
          [
            3.042007,
            36.753367
          ],
          [
            3.041964,
            36.75333
          ],
          [
            3.041938,
            36.7533
          ],
          [
            3.041854,
            36.753195
          ],
          [
            3.041712,
            36.753006
          ],
          [
            3.041608,
            36.752877
          ],
          [
            3.0415,
            36.752752
          ],
          [
            3.041213,
            36.752415
          ],
          [
            3.041119,
            36.752303
          ],
          [
            3.040993,
            36.752151
          ],
          [
            3.040765,
            36.751895
          ],
          [
            3.040157,
            36.751192
          ],
          [
            3.040116,
            36.751145
          ],
          [
            3.040089,
            36.751117
          ],
          [
            3.039961,
            36.750984
          ],
          [
            3.039848,
            36.750911
          ],
          [
            3.039183,
            36.750511
          ],
          [
            3.038891,
            36.750324
          ],
          [
            3.03888,
            36.750206
          ],
          [
            3.038885,
            36.75009
          ],
          [
            3.03888,
            36.750012
          ],
          [
            3.038893,
            36.74992
          ],
          [
            3.038896,
            36.749879
          ],
          [
            3.03903,
            36.749533
          ],
          [
            3.039051,
            36.74949
          ],
          [
            3.03914,
            36.749299
          ],
          [
            3.039338,
            36.748948
          ],
          [
            3.039963,
            36.747895
          ],
          [
            3.040001,
            36.747831
          ],
          [
            3.04002,
            36.747803
          ],
          [
            3.039993,
            36.747792
          ],
          [
            3.039966,
            36.747775
          ],
          [
            3.039958,
            36.747762
          ],
          [
            3.039953,
            36.747749
          ],
          [
            3.039947,
            36.747719
          ],
          [
            3.039937,
            36.7477
          ],
          [
            3.039937,
            36.747678
          ],
          [
            3.039945,
            36.747659
          ],
          [
            3.039961,
            36.747644
          ],
          [
            3.040122,
            36.747405
          ],
          [
            3.040296,
            36.747199
          ],
          [
            3.040312,
            36.74718
          ],
          [
            3.040403,
            36.747068
          ],
          [
            3.040427,
            36.747012
          ],
          [
            3.040468,
            36.746922
          ],
          [
            3.040908,
            36.74597
          ],
          [
            3.041693,
            36.744364
          ],
          [
            3.042061,
            36.743614
          ],
          [
            3.042184,
            36.743408
          ],
          [
            3.042157,
            36.743386
          ],
          [
            3.042141,
            36.743358
          ],
          [
            3.042136,
            36.743328
          ],
          [
            3.042144,
            36.743298
          ],
          [
            3.042093,
            36.743262
          ]
        ]
      },
      "properties": {
        "name": "Place Maurice Audin - PLACE AL SMAA",
        "stroke": "#E51B23",
        "description": "L31"
      }
    },
    {
      "type": "Feature",
      "geometry": {
        "type": "LineString",
        "coordinates": [
          [
            3.042093,
            36.743262
          ],
          [
            3.04215,
            36.74329
          ],
          [
            3.04216,
            36.743277
          ],
          [
            3.042182,
            36.743257
          ],
          [
            3.042222,
            36.743242
          ],
          [
            3.042265,
            36.743238
          ],
          [
            3.042308,
            36.743249
          ],
          [
            3.042337,
            36.743266
          ],
          [
            3.042361,
            36.743292
          ],
          [
            3.042372,
            36.74332
          ],
          [
            3.042369,
            36.74335
          ],
          [
            3.042356,
            36.74338
          ],
          [
            3.042332,
            36.743403
          ],
          [
            3.042302,
            36.743418
          ],
          [
            3.042262,
            36.743427
          ],
          [
            3.042222,
            36.743423
          ],
          [
            3.042184,
            36.743408
          ],
          [
            3.042061,
            36.743614
          ],
          [
            3.041693,
            36.744364
          ],
          [
            3.040908,
            36.74597
          ],
          [
            3.040468,
            36.746922
          ],
          [
            3.040427,
            36.747012
          ],
          [
            3.040406,
            36.747061
          ],
          [
            3.040446,
            36.747212
          ],
          [
            3.040449,
            36.747233
          ],
          [
            3.040441,
            36.747253
          ],
          [
            3.040435,
            36.747264
          ],
          [
            3.040422,
            36.747274
          ],
          [
            3.040401,
            36.747285
          ],
          [
            3.040224,
            36.747446
          ],
          [
            3.040167,
            36.747547
          ],
          [
            3.040079,
            36.747713
          ],
          [
            3.04002,
            36.747803
          ],
          [
            3.040001,
            36.747831
          ],
          [
            3.039963,
            36.747895
          ],
          [
            3.039338,
            36.748948
          ],
          [
            3.03914,
            36.749299
          ],
          [
            3.039051,
            36.74949
          ],
          [
            3.03903,
            36.749533
          ],
          [
            3.038896,
            36.749879
          ],
          [
            3.038893,
            36.74992
          ],
          [
            3.03888,
            36.750012
          ],
          [
            3.038885,
            36.75009
          ],
          [
            3.038931,
            36.750229
          ],
          [
            3.03899,
            36.750305
          ],
          [
            3.039191,
            36.750249
          ],
          [
            3.039529,
            36.750165
          ],
          [
            3.039861,
            36.750113
          ],
          [
            3.039966,
            36.750105
          ],
          [
            3.040028,
            36.750118
          ],
          [
            3.040108,
            36.75015
          ],
          [
            3.040146,
            36.750169
          ],
          [
            3.04021,
            36.750223
          ],
          [
            3.040245,
            36.750274
          ],
          [
            3.040299,
            36.750442
          ],
          [
            3.040309,
            36.750504
          ],
          [
            3.040307,
            36.75058
          ],
          [
            3.04025,
            36.750741
          ],
          [
            3.040151,
            36.750951
          ],
          [
            3.040186,
            36.751046
          ],
          [
            3.040207,
            36.751093
          ],
          [
            3.040253,
            36.751147
          ],
          [
            3.040924,
            36.75171
          ],
          [
            3.040948,
            36.751727
          ],
          [
            3.041009,
            36.751785
          ],
          [
            3.041066,
            36.751858
          ],
          [
            3.041197,
            36.752073
          ],
          [
            3.04128,
            36.752232
          ],
          [
            3.041586,
            36.752718
          ],
          [
            3.041661,
            36.752819
          ],
          [
            3.041763,
            36.752959
          ],
          [
            3.041836,
            36.753051
          ],
          [
            3.041916,
            36.753146
          ],
          [
            3.041994,
            36.753225
          ],
          [
            3.042085,
            36.753303
          ],
          [
            3.042141,
            36.753346
          ],
          [
            3.042208,
            36.753395
          ],
          [
            3.042479,
            36.753565
          ],
          [
            3.042608,
            36.753633
          ],
          [
            3.042683,
            36.753666
          ],
          [
            3.042774,
            36.753694
          ],
          [
            3.043091,
            36.753795
          ],
          [
            3.043343,
            36.753876
          ],
          [
            3.043544,
            36.753941
          ],
          [
            3.043582,
            36.753954
          ],
          [
            3.043724,
            36.753982
          ],
          [
            3.043863,
            36.753988
          ],
          [
            3.043984,
            36.753986
          ],
          [
            3.044097,
            36.753977
          ],
          [
            3.044233,
            36.753956
          ],
          [
            3.044472,
            36.753915
          ],
          [
            3.044751,
            36.753816
          ],
          [
            3.044963,
            36.753741
          ],
          [
            3.0451,
            36.753687
          ],
          [
            3.045674,
            36.753496
          ],
          [
            3.046157,
            36.753309
          ],
          [
            3.046841,
            36.75303
          ],
          [
            3.047742,
            36.752654
          ],
          [
            3.047814,
            36.752615
          ],
          [
            3.047828,
            36.752632
          ],
          [
            3.047814,
            36.752615
          ],
          [
            3.047905,
            36.752568
          ],
          [
            3.048056,
            36.752398
          ],
          [
            3.04812,
            36.752314
          ],
          [
            3.048192,
            36.752232
          ],
          [
            3.048286,
            36.752136
          ],
          [
            3.048302,
            36.752099
          ],
          [
            3.048324,
            36.752075
          ],
          [
            3.048369,
            36.752045
          ],
          [
            3.048426,
            36.75202
          ],
          [
            3.04849,
            36.751998
          ],
          [
            3.048565,
            36.751985
          ],
          [
            3.048656,
            36.751979
          ],
          [
            3.048726,
            36.751974
          ],
          [
            3.048761,
            36.751974
          ],
          [
            3.048801,
            36.751979
          ],
          [
            3.048833,
            36.751985
          ],
          [
            3.04886,
            36.751992
          ],
          [
            3.048895,
            36.752002
          ],
          [
            3.048949,
            36.752032
          ],
          [
            3.048984,
            36.752054
          ],
          [
            3.049011,
            36.752082
          ],
          [
            3.049024,
            36.752103
          ],
          [
            3.049035,
            36.752129
          ],
          [
            3.049037,
            36.752159
          ],
          [
            3.049032,
            36.7522
          ],
          [
            3.049019,
            36.752237
          ],
          [
            3.048997,
            36.752275
          ],
          [
            3.048976,
            36.75231
          ],
          [
            3.048941,
            36.752351
          ],
          [
            3.048901,
            36.752391
          ],
          [
            3.048863,
            36.752424
          ],
          [
            3.048823,
            36.752456
          ],
          [
            3.048769,
            36.752486
          ],
          [
            3.048734,
            36.752501
          ],
          [
            3.048699,
            36.752512
          ],
          [
            3.04867,
            36.75252
          ],
          [
            3.048638,
            36.752527
          ],
          [
            3.048597,
            36.752531
          ],
          [
            3.048469,
            36.75257
          ],
          [
            3.048356,
            36.752606
          ],
          [
            3.04819,
            36.752671
          ],
          [
            3.048123,
            36.752709
          ],
          [
            3.048085,
            36.752733
          ],
          [
            3.048053,
            36.752767
          ],
          [
            3.048029,
            36.752798
          ],
          [
            3.047997,
            36.752843
          ],
          [
            3.047972,
            36.752886
          ],
          [
            3.04794,
            36.752969
          ],
          [
            3.047922,
            36.75304
          ],
          [
            3.047849,
            36.753388
          ],
          [
            3.047836,
            36.753431
          ],
          [
            3.047817,
            36.753483
          ],
          [
            3.047804,
            36.753515
          ],
          [
            3.047785,
            36.753545
          ],
          [
            3.047745,
            36.753603
          ],
          [
            3.047651,
            36.753713
          ],
          [
            3.047613,
            36.75376
          ],
          [
            3.047592,
            36.75379
          ],
          [
            3.047578,
            36.753818
          ],
          [
            3.04757,
            36.753844
          ],
          [
            3.047557,
            36.753915
          ],
          [
            3.047543,
            36.753971
          ],
          [
            3.047533,
            36.75405
          ],
          [
            3.047514,
            36.754136
          ],
          [
            3.047447,
            36.754442
          ],
          [
            3.047431,
            36.754532
          ],
          [
            3.047425,
            36.754596
          ],
          [
            3.047425,
            36.754652
          ],
          [
            3.047425,
            36.754833
          ],
          [
            3.047428,
            36.754889
          ],
          [
            3.047428,
            36.754934
          ],
          [
            3.047423,
            36.754987
          ],
          [
            3.047409,
            36.755032
          ],
          [
            3.047399,
            36.755071
          ],
          [
            3.047377,
            36.755121
          ],
          [
            3.047345,
            36.755189
          ],
          [
            3.047278,
            36.755327
          ],
          [
            3.047224,
            36.755439
          ],
          [
            3.047189,
            36.755522
          ],
          [
            3.047168,
            36.755589
          ],
          [
            3.047146,
            36.755686
          ],
          [
            3.047141,
            36.755772
          ],
          [
            3.047146,
            36.755862
          ],
          [
            3.047154,
            36.756012
          ],
          [
            3.047154,
            36.756096
          ],
          [
            3.047146,
            36.756161
          ],
          [
            3.047136,
            36.756221
          ],
          [
            3.047106,
            36.7563
          ],
          [
            3.047058,
            36.75641
          ],
          [
            3.047002,
            36.756505
          ],
          [
            3.046967,
            36.756556
          ],
          [
            3.046934,
            36.75659
          ],
          [
            3.046892,
            36.756636
          ],
          [
            3.046843,
            36.756676
          ],
          [
            3.046774,
            36.756726
          ],
          [
            3.046411,
            36.756911
          ],
          [
            3.046299,
            36.756973
          ],
          [
            3.0462,
            36.757035
          ],
          [
            3.046049,
            36.757138
          ],
          [
            3.045945,
            36.757218
          ],
          [
            3.045867,
            36.757282
          ],
          [
            3.045803,
            36.757332
          ],
          [
            3.045744,
            36.757383
          ],
          [
            3.045682,
            36.757454
          ],
          [
            3.045639,
            36.757515
          ],
          [
            3.045607,
            36.757568
          ],
          [
            3.045577,
            36.757628
          ],
          [
            3.045548,
            36.757701
          ],
          [
            3.045478,
            36.757876
          ],
          [
            3.045408,
            36.758052
          ],
          [
            3.045352,
            36.758185
          ],
          [
            3.045263,
            36.758323
          ],
          [
            3.044993,
            36.758606
          ],
          [
            3.044971,
            36.758628
          ],
          [
            3.044931,
            36.758673
          ],
          [
            3.044904,
            36.758705
          ],
          [
            3.044864,
            36.758774
          ],
          [
            3.044821,
            36.758862
          ],
          [
            3.044789,
            36.758933
          ],
          [
            3.044791,
            36.75909
          ],
          [
            3.044786,
            36.759253
          ],
          [
            3.044821,
            36.759412
          ],
          [
            3.044875,
            36.759504
          ],
          [
            3.044928,
            36.759565
          ],
          [
            3.044998,
            36.759616
          ],
          [
            3.045078,
            36.759657
          ],
          [
            3.045526,
            36.759846
          ],
          [
            3.045612,
            36.759893
          ],
          [
            3.045682,
            36.759951
          ],
          [
            3.045733,
            36.76002
          ],
          [
            3.0458,
            36.760145
          ],
          [
            3.045945,
            36.760557
          ],
          [
            3.046036,
            36.760807
          ],
          [
            3.046073,
            36.760918
          ],
          [
            3.046114,
            36.760925
          ],
          [
            3.046149,
            36.76094
          ],
          [
            3.046175,
            36.760963
          ],
          [
            3.046194,
            36.760991
          ],
          [
            3.046546,
            36.761288
          ],
          [
            3.046594,
            36.761329
          ],
          [
            3.04665,
            36.761286
          ],
          [
            3.046594,
            36.761329
          ],
          [
            3.046798,
            36.76149
          ],
          [
            3.046886,
            36.761559
          ],
          [
            3.046916,
            36.761582
          ],
          [
            3.04716,
            36.761778
          ],
          [
            3.047256,
            36.761832
          ],
          [
            3.047302,
            36.761851
          ],
          [
            3.04735,
            36.76186
          ],
          [
            3.047401,
            36.761862
          ],
          [
            3.047449,
            36.761853
          ],
          [
            3.047495,
            36.761838
          ],
          [
            3.047562,
            36.761806
          ],
          [
            3.047586,
            36.761776
          ],
          [
            3.047605,
            36.761735
          ],
          [
            3.047621,
            36.761679
          ],
          [
            3.047621,
            36.761625
          ],
          [
            3.047605,
            36.761572
          ],
          [
            3.047238,
            36.761009
          ],
          [
            3.047224,
            36.760968
          ],
          [
            3.047219,
            36.760929
          ],
          [
            3.047227,
            36.760888
          ],
          [
            3.047248,
            36.76085
          ],
          [
            3.047278,
            36.760817
          ],
          [
            3.047315,
            36.760792
          ],
          [
            3.047345,
            36.760779
          ],
          [
            3.047361,
            36.760772
          ],
          [
            3.047409,
            36.760761
          ],
          [
            3.04746,
            36.760761
          ],
          [
            3.047511,
            36.76077
          ],
          [
            3.047557,
            36.760787
          ],
          [
            3.047608,
            36.760824
          ],
          [
            3.047637,
            36.760854
          ],
          [
            3.047736,
            36.761019
          ],
          [
            3.047833,
            36.761204
          ],
          [
            3.047865,
            36.761279
          ],
          [
            3.047884,
            36.76132
          ],
          [
            3.0479,
            36.761436
          ],
          [
            3.047908,
            36.761526
          ],
          [
            3.047905,
            36.761561
          ],
          [
            3.047905,
            36.761584
          ],
          [
            3.047908,
            36.76163
          ],
          [
            3.047903,
            36.761825
          ],
          [
            3.047836,
            36.761943
          ],
          [
            3.047656,
            36.762064
          ],
          [
            3.047331,
            36.762229
          ],
          [
            3.047117,
            36.76236
          ],
          [
            3.046875,
            36.762547
          ],
          [
            3.046599,
            36.76288
          ],
          [
            3.046481,
            36.763121
          ],
          [
            3.046487,
            36.763349
          ],
          [
            3.046495,
            36.76343
          ],
          [
            3.046543,
            36.763512
          ],
          [
            3.046733,
            36.763596
          ],
          [
            3.046846,
            36.763609
          ],
          [
            3.046945,
            36.763609
          ],
          [
            3.047042,
            36.763602
          ],
          [
            3.047154,
            36.763583
          ],
          [
            3.047412,
            36.763512
          ],
          [
            3.047471,
            36.763499
          ],
          [
            3.047597,
            36.763478
          ],
          [
            3.047677,
            36.763467
          ],
          [
            3.047852,
            36.76346
          ],
          [
            3.048026,
            36.763471
          ],
          [
            3.0482,
            36.763499
          ],
          [
            3.048361,
            36.763548
          ],
          [
            3.048469,
            36.763602
          ],
          [
            3.04852,
            36.763632
          ],
          [
            3.048563,
            36.763669
          ],
          [
            3.048595,
            36.763712
          ],
          [
            3.048616,
            36.763759
          ],
          [
            3.048726,
            36.764075
          ],
          [
            3.048807,
            36.764481
          ],
          [
            3.048828,
            36.764649
          ],
          [
            3.048836,
            36.764728
          ],
          [
            3.04885,
            36.764859
          ],
          [
            3.048898,
            36.765098
          ],
          [
            3.048935,
            36.765139
          ],
          [
            3.049153,
            36.765164
          ],
          [
            3.049601,
            36.765218
          ],
          [
            3.049901,
            36.765261
          ],
          [
            3.050161,
            36.765336
          ],
          [
            3.050242,
            36.76536
          ],
          [
            3.050791,
            36.765611
          ],
          [
            3.051151,
            36.765762
          ],
          [
            3.051703,
            36.765989
          ],
          [
            3.051765,
            36.766017
          ],
          [
            3.051891,
            36.76609
          ],
          [
            3.052165,
            36.766269
          ],
          [
            3.052387,
            36.766419
          ],
          [
            3.053157,
            36.766989
          ],
          [
            3.053519,
            36.767294
          ],
          [
            3.053962,
            36.76788
          ],
          [
            3.05405,
            36.768009
          ],
          [
            3.054085,
            36.768061
          ],
          [
            3.054235,
            36.768276
          ],
          [
            3.054351,
            36.768441
          ],
          [
            3.054595,
            36.76875
          ],
          [
            3.054635,
            36.768735
          ]
        ]
      },
      "properties": {
        "name": "PLACE AL SMAA - Place Maurice Audin",
        "stroke": "#249CF2",
        "description": "L31-R"
      }
    },
    {
      "type": "Feature",
      "geometry": {
        "type": "LineString",
        "coordinates": [
          [
            3.054635,
            36.768735
          ],
          [
            3.054596,
            36.768753
          ],
          [
            3.054729,
            36.768939
          ],
          [
            3.055024,
            36.769361
          ],
          [
            3.055166,
            36.769545
          ],
          [
            3.055295,
            36.769713
          ],
          [
            3.055314,
            36.769734
          ],
          [
            3.055453,
            36.769896
          ],
          [
            3.055598,
            36.770025
          ],
          [
            3.055788,
            36.770173
          ],
          [
            3.056408,
            36.770652
          ],
          [
            3.056607,
            36.770819
          ],
          [
            3.057202,
            36.771292
          ],
          [
            3.057607,
            36.771627
          ],
          [
            3.057814,
            36.77167
          ],
          [
            3.057961,
            36.771724
          ],
          [
            3.058358,
            36.771866
          ],
          [
            3.058983,
            36.772053
          ],
          [
            3.059334,
            36.772158
          ],
          [
            3.059409,
            36.772173
          ],
          [
            3.059707,
            36.772031
          ],
          [
            3.059812,
            36.771978
          ],
          [
            3.059903,
            36.771904
          ],
          [
            3.059932,
            36.771883
          ],
          [
            3.060346,
            36.771526
          ],
          [
            3.060474,
            36.771393
          ],
          [
            3.060552,
            36.771309
          ],
          [
            3.060595,
            36.771253
          ],
          [
            3.060624,
            36.771204
          ],
          [
            3.060649,
            36.771159
          ],
          [
            3.060665,
            36.771107
          ],
          [
            3.060673,
            36.771049
          ],
          [
            3.060675,
            36.770991
          ],
          [
            3.060665,
            36.770933
          ],
          [
            3.060641,
            36.77085
          ],
          [
            3.060616,
            36.770789
          ],
          [
            3.06059,
            36.770749
          ],
          [
            3.060539,
            36.770682
          ],
          [
            3.060477,
            36.770622
          ],
          [
            3.060356,
            36.770499
          ],
          [
            3.060211,
            36.770381
          ],
          [
            3.059865,
            36.770123
          ],
          [
            3.059836,
            36.770102
          ],
          [
            3.059578,
            36.769951
          ],
          [
            3.059265,
            36.769825
          ],
          [
            3.059109,
            36.769707
          ],
          [
            3.05901,
            36.769582
          ],
          [
            3.058932,
            36.769408
          ],
          [
            3.058806,
            36.769015
          ],
          [
            3.058734,
            36.768839
          ],
          [
            3.058524,
            36.768203
          ],
          [
            3.058253,
            36.767392
          ],
          [
            3.058012,
            36.766769
          ],
          [
            3.057988,
            36.766686
          ],
          [
            3.057956,
            36.766589
          ],
          [
            3.057669,
            36.765665
          ],
          [
            3.057623,
            36.765366
          ],
          [
            3.057626,
            36.76507
          ],
          [
            3.057658,
            36.76493
          ],
          [
            3.057765,
            36.764573
          ],
          [
            3.057864,
            36.764343
          ],
          [
            3.057894,
            36.764275
          ],
          [
            3.058243,
            36.763699
          ],
          [
            3.059055,
            36.762659
          ],
          [
            3.0599,
            36.761679
          ],
          [
            3.060386,
            36.761275
          ],
          [
            3.061086,
            36.760652
          ],
          [
            3.061786,
            36.760061
          ],
          [
            3.062655,
            36.759274
          ],
          [
            3.063071,
            36.758916
          ],
          [
            3.063478,
            36.758574
          ],
          [
            3.064353,
            36.757796
          ],
          [
            3.06461,
            36.757568
          ],
          [
            3.065104,
            36.757141
          ],
          [
            3.065407,
            36.75687
          ],
          [
            3.065552,
            36.756743
          ],
          [
            3.065707,
            36.756616
          ],
          [
            3.066126,
            36.756324
          ],
          [
            3.066574,
            36.75603
          ],
          [
            3.066917,
            36.755823
          ],
          [
            3.067207,
            36.755664
          ],
          [
            3.067496,
            36.755531
          ],
          [
            3.068548,
            36.755086
          ],
          [
            3.072689,
            36.753193
          ],
          [
            3.073955,
            36.75258
          ],
          [
            3.074368,
            36.752387
          ],
          [
            3.074888,
            36.752155
          ],
          [
            3.075251,
            36.752002
          ],
          [
            3.075677,
            36.751861
          ],
          [
            3.076053,
            36.75174
          ],
          [
            3.077203,
            36.751364
          ],
          [
            3.077742,
            36.751201
          ],
          [
            3.077994,
            36.751119
          ],
          [
            3.078279,
            36.75102
          ],
          [
            3.07878,
            36.750816
          ],
          [
            3.079038,
            36.750715
          ],
          [
            3.079314,
            36.75061
          ],
          [
            3.079754,
            36.750457
          ],
          [
            3.080205,
            36.750296
          ],
          [
            3.081041,
            36.750012
          ],
          [
            3.082763,
            36.749436
          ],
          [
            3.083726,
            36.749123
          ],
          [
            3.084341,
            36.748944
          ],
          [
            3.08466,
            36.748839
          ],
          [
            3.084882,
            36.748815
          ],
          [
            3.085092,
            36.748742
          ],
          [
            3.085185,
            36.748716
          ],
          [
            3.085781,
            36.748549
          ],
          [
            3.086478,
            36.748353
          ],
          [
            3.087543,
            36.748065
          ],
          [
            3.088267,
            36.747872
          ],
          [
            3.089059,
            36.747676
          ],
          [
            3.090156,
            36.747403
          ],
          [
            3.090869,
            36.747248
          ],
          [
            3.091459,
            36.747124
          ],
          [
            3.091585,
            36.747098
          ],
          [
            3.092556,
            36.746917
          ],
          [
            3.092773,
            36.746872
          ],
          [
            3.093165,
            36.746795
          ],
          [
            3.09408,
            36.74661
          ],
          [
            3.094351,
            36.746561
          ],
          [
            3.094831,
            36.746477
          ],
          [
            3.094874,
            36.746468
          ],
          [
            3.095375,
            36.746384
          ],
          [
            3.095788,
            36.746318
          ],
          [
            3.096542,
            36.7462
          ],
          [
            3.096633,
            36.746187
          ],
          [
            3.097317,
            36.746079
          ],
          [
            3.097414,
            36.746064
          ],
          [
            3.098366,
            36.745914
          ],
          [
            3.099219,
            36.745763
          ],
          [
            3.099828,
            36.745649
          ],
          [
            3.099919,
            36.74563
          ],
          [
            3.100571,
            36.74549
          ],
          [
            3.101314,
            36.745331
          ],
          [
            3.101976,
            36.745187
          ],
          [
            3.102625,
            36.745048
          ],
          [
            3.103607,
            36.744835
          ],
          [
            3.10399,
            36.744745
          ],
          [
            3.104792,
            36.744555
          ],
          [
            3.105911,
            36.744291
          ],
          [
            3.106726,
            36.744098
          ],
          [
            3.107858,
            36.743831
          ],
          [
            3.108977,
            36.743565
          ],
          [
            3.110358,
            36.743236
          ],
          [
            3.11076,
            36.743139
          ],
          [
            3.111592,
            36.742939
          ],
          [
            3.112681,
            36.742681
          ],
          [
            3.112737,
            36.742668
          ],
          [
            3.113662,
            36.742449
          ],
          [
            3.114878,
            36.742161
          ],
          [
            3.115749,
            36.741953
          ],
          [
            3.116903,
            36.741678
          ],
          [
            3.117863,
            36.74145
          ],
          [
            3.1193,
            36.741104
          ],
          [
            3.120094,
            36.740919
          ],
          [
            3.120352,
            36.74085
          ],
          [
            3.120521,
            36.740813
          ],
          [
            3.120883,
            36.740736
          ],
          [
            3.121135,
            36.740676
          ],
          [
            3.122578,
            36.740328
          ],
          [
            3.123125,
            36.740197
          ],
          [
            3.124362,
            36.739898
          ],
          [
            3.125936,
            36.73952
          ],
          [
            3.126647,
            36.73935
          ],
          [
            3.127237,
            36.739208
          ],
          [
            3.127414,
            36.739165
          ],
          [
            3.127725,
            36.739092
          ],
          [
            3.12915,
            36.738787
          ],
          [
            3.131228,
            36.738281
          ],
          [
            3.131708,
            36.738176
          ],
          [
            3.13262,
            36.737957
          ],
          [
            3.133428,
            36.737761
          ],
          [
            3.134007,
            36.737619
          ],
          [
            3.134484,
            36.737503
          ],
          [
            3.134624,
            36.73746
          ],
          [
            3.134758,
            36.737417
          ],
          [
            3.135034,
            36.737325
          ],
          [
            3.135702,
            36.737172
          ],
          [
            3.137607,
            36.736732
          ],
          [
            3.138264,
            36.736577
          ],
          [
            3.13946,
            36.736302
          ],
          [
            3.139543,
            36.736282
          ],
          [
            3.140399,
            36.736085
          ],
          [
            3.140798,
            36.73599
          ],
          [
            3.141721,
            36.735769
          ],
          [
            3.142402,
            36.735607
          ],
          [
            3.143237,
            36.735405
          ],
          [
            3.143714,
            36.735283
          ],
          [
            3.144307,
            36.735128
          ],
          [
            3.144795,
            36.734999
          ],
          [
            3.144916,
            36.734965
          ],
          [
            3.145527,
            36.734788
          ],
          [
            3.145838,
            36.734692
          ],
          [
            3.146074,
            36.734612
          ],
          [
            3.146471,
            36.734473
          ],
          [
            3.146638,
            36.734412
          ],
          [
            3.147088,
            36.734243
          ],
          [
            3.147735,
            36.733985
          ],
          [
            3.148102,
            36.73383
          ],
          [
            3.148515,
            36.733645
          ],
          [
            3.148727,
            36.733546
          ],
          [
            3.148925,
            36.733454
          ],
          [
            3.149143,
            36.733348
          ],
          [
            3.149685,
            36.73308
          ],
          [
            3.150092,
            36.732867
          ],
          [
            3.151154,
            36.732286
          ],
          [
            3.152487,
            36.731521
          ],
          [
            3.152882,
            36.731317
          ],
          [
            3.152906,
            36.731302
          ],
          [
            3.15388,
            36.73079
          ],
          [
            3.154979,
            36.730242
          ],
          [
            3.156409,
            36.729608
          ],
          [
            3.157192,
            36.729292
          ],
          [
            3.157222,
            36.729283
          ],
          [
            3.158254,
            36.728954
          ],
          [
            3.158648,
            36.72884
          ],
          [
            3.159043,
            36.728727
          ],
          [
            3.159617,
            36.728561
          ],
          [
            3.159839,
            36.728507
          ],
          [
            3.160652,
            36.728312
          ],
          [
            3.161143,
            36.728215
          ],
          [
            3.161425,
            36.728159
          ],
          [
            3.161647,
            36.72812
          ],
          [
            3.161878,
            36.728082
          ],
          [
            3.16243,
            36.727996
          ],
          [
            3.162873,
            36.727935
          ],
          [
            3.163224,
            36.72789
          ],
          [
            3.1636,
            36.727852
          ],
          [
            3.164123,
            36.727802
          ],
          [
            3.164552,
            36.727772
          ],
          [
            3.164981,
            36.727742
          ],
          [
            3.165429,
            36.727718
          ],
          [
            3.16588,
            36.727699
          ],
          [
            3.167838,
            36.727658
          ],
          [
            3.168074,
            36.727656
          ],
          [
            3.168253,
            36.727654
          ],
          [
            3.170364,
            36.727622
          ],
          [
            3.171373,
            36.727598
          ],
          [
            3.17221,
            36.727583
          ],
          [
            3.174873,
            36.727546
          ],
          [
            3.17593,
            36.727514
          ],
          [
            3.176837,
            36.727497
          ],
          [
            3.178186,
            36.727473
          ],
          [
            3.180514,
            36.727445
          ],
          [
            3.182123,
            36.727462
          ],
          [
            3.183247,
            36.727473
          ],
          [
            3.1841,
            36.727518
          ],
          [
            3.185079,
            36.727626
          ],
          [
            3.185948,
            36.727735
          ],
          [
            3.187281,
            36.727938
          ],
          [
            3.188139,
            36.728107
          ],
          [
            3.189014,
            36.728309
          ],
          [
            3.189759,
            36.728501
          ],
          [
            3.190492,
            36.728714
          ],
          [
            3.191959,
            36.729174
          ],
          [
            3.192997,
            36.729528
          ],
          [
            3.193324,
            36.729595
          ],
          [
            3.193547,
            36.729616
          ],
          [
            3.193788,
            36.729601
          ],
          [
            3.194035,
            36.729552
          ],
          [
            3.194266,
            36.72947
          ],
          [
            3.1947,
            36.729294
          ],
          [
            3.194858,
            36.729238
          ],
          [
            3.195116,
            36.729199
          ],
          [
            3.195384,
            36.729169
          ],
          [
            3.195644,
            36.72915
          ],
          [
            3.195819,
            36.729116
          ],
          [
            3.195939,
            36.729079
          ],
          [
            3.196025,
            36.729038
          ],
          [
            3.196106,
            36.728993
          ],
          [
            3.196181,
            36.728946
          ],
          [
            3.19625,
            36.728888
          ],
          [
            3.196312,
            36.728817
          ],
          [
            3.196355,
            36.72875
          ],
          [
            3.196398,
            36.728671
          ],
          [
            3.196441,
            36.728582
          ],
          [
            3.196465,
            36.728503
          ],
          [
            3.196535,
            36.728112
          ],
          [
            3.196562,
            36.727658
          ],
          [
            3.19658,
            36.727355
          ],
          [
            3.196671,
            36.726231
          ],
          [
            3.196685,
            36.725457
          ],
          [
            3.196752,
            36.725003
          ],
          [
            3.196806,
            36.724715
          ],
          [
            3.196838,
            36.724597
          ],
          [
            3.196873,
            36.724476
          ],
          [
            3.19695,
            36.724283
          ],
          [
            3.197071,
            36.724042
          ],
          [
            3.197189,
            36.723851
          ],
          [
            3.197334,
            36.723638
          ],
          [
            3.197473,
            36.723477
          ],
          [
            3.197626,
            36.723303
          ],
          [
            3.197967,
            36.722963
          ],
          [
            3.198136,
            36.722838
          ],
          [
            3.198597,
            36.722511
          ],
          [
            3.199171,
            36.722112
          ],
          [
            3.199509,
            36.721877
          ],
          [
            3.200561,
            36.721116
          ],
          [
            3.201422,
            36.72049
          ],
          [
            3.201561,
            36.720389
          ],
          [
            3.201676,
            36.720308
          ],
          [
            3.201813,
            36.720207
          ],
          [
            3.202006,
            36.720095
          ],
          [
            3.20228,
            36.719906
          ],
          [
            3.202586,
            36.719678
          ],
          [
            3.203331,
            36.71914
          ],
          [
            3.203565,
            36.718932
          ],
          [
            3.203726,
            36.718794
          ],
          [
            3.203881,
            36.718631
          ],
          [
            3.204034,
            36.718448
          ],
          [
            3.204168,
            36.71827
          ],
          [
            3.204313,
            36.718042
          ],
          [
            3.204455,
            36.717762
          ],
          [
            3.204584,
            36.717444
          ],
          [
            3.204745,
            36.71704
          ],
          [
            3.205303,
            36.715722
          ],
          [
            3.205356,
            36.715597
          ],
          [
            3.205775,
            36.714546
          ],
          [
            3.205855,
            36.714324
          ],
          [
            3.20596,
            36.714034
          ],
          [
            3.206024,
            36.713815
          ],
          [
            3.20611,
            36.713503
          ],
          [
            3.206258,
            36.712989
          ],
          [
            3.206389,
            36.712337
          ],
          [
            3.206478,
            36.711737
          ],
          [
            3.206566,
            36.710983
          ],
          [
            3.206558,
            36.710299
          ],
          [
            3.206521,
            36.709716
          ],
          [
            3.206491,
            36.709194
          ],
          [
            3.206486,
            36.708951
          ],
          [
            3.206472,
            36.708469
          ],
          [
            3.206475,
            36.708409
          ],
          [
            3.206558,
            36.707583
          ],
          [
            3.206612,
            36.707145
          ],
          [
            3.206655,
            36.70685
          ],
          [
            3.206724,
            36.706547
          ],
          [
            3.206926,
            36.705899
          ],
          [
            3.207036,
            36.705648
          ],
          [
            3.207162,
            36.705134
          ],
          [
            3.207258,
            36.704747
          ],
          [
            3.207277,
            36.704685
          ],
          [
            3.207293,
            36.704622
          ],
          [
            3.207301,
            36.70456
          ],
          [
            3.207306,
            36.704495
          ],
          [
            3.207298,
            36.703745
          ],
          [
            3.207403,
            36.703396
          ],
          [
            3.207478,
            36.703044
          ],
          [
            3.207513,
            36.702947
          ],
          [
            3.207551,
            36.70285
          ],
          [
            3.207596,
            36.702758
          ],
          [
            3.207644,
            36.702665
          ],
          [
            3.207773,
            36.702437
          ],
          [
            3.207851,
            36.702313
          ],
          [
            3.207897,
            36.702229
          ],
          [
            3.207939,
            36.702147
          ],
          [
            3.207902,
            36.702117
          ],
          [
            3.207875,
            36.70208
          ],
          [
            3.207864,
            36.702039
          ],
          [
            3.20787,
            36.701999
          ],
          [
            3.207888,
            36.70196
          ],
          [
            3.207921,
            36.701928
          ],
          [
            3.207961,
            36.701904
          ],
          [
            3.208012,
            36.701889
          ],
          [
            3.208063,
            36.701889
          ],
          [
            3.208114,
            36.7019
          ],
          [
            3.208157,
            36.701923
          ],
          [
            3.208192,
            36.701953
          ],
          [
            3.20821,
            36.701986
          ],
          [
            3.208218,
            36.702022
          ],
          [
            3.208216,
            36.702057
          ],
          [
            3.208202,
            36.702091
          ],
          [
            3.208637,
            36.70239
          ],
          [
            3.209396,
            36.702928
          ],
          [
            3.209433,
            36.702919
          ],
          [
            3.209468,
            36.702915
          ],
          [
            3.209506,
            36.702919
          ],
          [
            3.209541,
            36.70293
          ],
          [
            3.209573,
            36.702949
          ],
          [
            3.2096,
            36.702973
          ],
          [
            3.209619,
            36.703001
          ],
          [
            3.209627,
            36.703031
          ],
          [
            3.209627,
            36.703063
          ],
          [
            3.209616,
            36.703093
          ],
          [
            3.209589,
            36.703128
          ],
          [
            3.209551,
            36.703153
          ],
          [
            3.209506,
            36.703168
          ],
          [
            3.209455,
            36.703173
          ],
          [
            3.209407,
            36.703164
          ],
          [
            3.209364,
            36.703145
          ],
          [
            3.209332,
            36.703115
          ],
          [
            3.209315,
            36.703089
          ],
          [
            3.209307,
            36.703063
          ],
          [
            3.209305,
            36.703035
          ],
          [
            3.209313,
            36.703009
          ],
          [
            3.209152,
            36.702872
          ],
          [
            3.208709,
            36.702547
          ],
          [
            3.208677,
            36.702575
          ]
        ]
      },
      "properties": {
        "name": "Place Maurice Audin - AEROPORT D'ALGER H.B",
        "stroke": "#E51B23",
        "description": "L39"
      }
    },
    {
      "type": "Feature",
      "geometry": {
        "type": "LineString",
        "coordinates": [
          [
            3.208677,
            36.702575
          ],
          [
            3.208709,
            36.702547
          ],
          [
            3.208682,
            36.702528
          ],
          [
            3.208151,
            36.702143
          ],
          [
            3.208116,
            36.70216
          ],
          [
            3.208071,
            36.702171
          ],
          [
            3.208025,
            36.702173
          ],
          [
            3.20798,
            36.702164
          ],
          [
            3.207939,
            36.702147
          ],
          [
            3.207902,
            36.702117
          ],
          [
            3.207875,
            36.70208
          ],
          [
            3.207864,
            36.702039
          ],
          [
            3.20787,
            36.701999
          ],
          [
            3.207856,
            36.701943
          ],
          [
            3.207832,
            36.701891
          ],
          [
            3.207792,
            36.701844
          ],
          [
            3.207741,
            36.701803
          ],
          [
            3.207682,
            36.701773
          ],
          [
            3.207615,
            36.701753
          ],
          [
            3.207513,
            36.701788
          ],
          [
            3.207408,
            36.701816
          ],
          [
            3.20725,
            36.701941
          ],
          [
            3.207191,
            36.701988
          ],
          [
            3.20714,
            36.702042
          ],
          [
            3.2071,
            36.7021
          ],
          [
            3.207068,
            36.702162
          ],
          [
            3.206993,
            36.702528
          ],
          [
            3.206958,
            36.702682
          ],
          [
            3.206968,
            36.702792
          ],
          [
            3.207006,
            36.702898
          ],
          [
            3.207073,
            36.702992
          ],
          [
            3.207164,
            36.703074
          ],
          [
            3.207207,
            36.703115
          ],
          [
            3.207255,
            36.703151
          ],
          [
            3.207309,
            36.703184
          ],
          [
            3.207368,
            36.703209
          ],
          [
            3.20743,
            36.703229
          ],
          [
            3.207494,
            36.703244
          ],
          [
            3.207561,
            36.70325
          ],
          [
            3.207642,
            36.703276
          ],
          [
            3.207714,
            36.70331
          ],
          [
            3.207781,
            36.703351
          ],
          [
            3.20784,
            36.703399
          ],
          [
            3.207894,
            36.70345
          ],
          [
            3.207937,
            36.703508
          ],
          [
            3.207972,
            36.703568
          ],
          [
            3.207996,
            36.703633
          ],
          [
            3.208009,
            36.703697
          ],
          [
            3.208009,
            36.703766
          ],
          [
            3.207998,
            36.703831
          ],
          [
            3.207977,
            36.703895
          ],
          [
            3.207942,
            36.703958
          ],
          [
            3.207762,
            36.704362
          ],
          [
            3.207188,
            36.705607
          ],
          [
            3.20706,
            36.705951
          ],
          [
            3.20688,
            36.706566
          ],
          [
            3.206816,
            36.706852
          ],
          [
            3.206754,
            36.707157
          ],
          [
            3.206698,
            36.707609
          ],
          [
            3.206676,
            36.707884
          ],
          [
            3.206657,
            36.708164
          ],
          [
            3.206652,
            36.708607
          ],
          [
            3.20666,
            36.709007
          ],
          [
            3.206714,
            36.710056
          ],
          [
            3.2067,
            36.710682
          ],
          [
            3.206644,
            36.711499
          ],
          [
            3.206582,
            36.712032
          ],
          [
            3.206521,
            36.712438
          ],
          [
            3.206488,
            36.712634
          ],
          [
            3.2064,
            36.713028
          ],
          [
            3.20626,
            36.713559
          ],
          [
            3.206105,
            36.71407
          ],
          [
            3.205745,
            36.715032
          ],
          [
            3.205445,
            36.715786
          ],
          [
            3.20534,
            36.716064
          ],
          [
            3.20519,
            36.716429
          ],
          [
            3.204989,
            36.716909
          ],
          [
            3.204707,
            36.717569
          ],
          [
            3.204568,
            36.717857
          ],
          [
            3.204482,
            36.718037
          ],
          [
            3.204375,
            36.718231
          ],
          [
            3.204249,
            36.718429
          ],
          [
            3.204128,
            36.718581
          ],
          [
            3.203991,
            36.718745
          ],
          [
            3.20382,
            36.718927
          ],
          [
            3.203726,
            36.71902
          ],
          [
            3.203015,
            36.719564
          ],
          [
            3.202857,
            36.719671
          ],
          [
            3.201811,
            36.720413
          ],
          [
            3.201497,
            36.720645
          ],
          [
            3.201296,
            36.720787
          ],
          [
            3.200617,
            36.721282
          ],
          [
            3.200585,
            36.721305
          ],
          [
            3.199617,
            36.722002
          ],
          [
            3.199421,
            36.722137
          ],
          [
            3.198758,
            36.722606
          ],
          [
            3.198479,
            36.722802
          ],
          [
            3.198023,
            36.72312
          ],
          [
            3.197913,
            36.723217
          ],
          [
            3.197849,
            36.723277
          ],
          [
            3.19765,
            36.723477
          ],
          [
            3.197455,
            36.723696
          ],
          [
            3.197195,
            36.724154
          ],
          [
            3.197066,
            36.724442
          ],
          [
            3.196988,
            36.724739
          ],
          [
            3.196937,
            36.725035
          ],
          [
            3.196854,
            36.725564
          ],
          [
            3.19683,
            36.725704
          ],
          [
            3.196816,
            36.725852
          ],
          [
            3.196811,
            36.72614
          ],
          [
            3.1968,
            36.726716
          ],
          [
            3.196698,
            36.728333
          ],
          [
            3.196607,
            36.729404
          ],
          [
            3.196532,
            36.730214
          ],
          [
            3.196505,
            36.730569
          ],
          [
            3.196449,
            36.731321
          ],
          [
            3.19654,
            36.731859
          ],
          [
            3.196602,
            36.732
          ],
          [
            3.196712,
            36.732101
          ],
          [
            3.196835,
            36.732172
          ],
          [
            3.197031,
            36.732218
          ],
          [
            3.197283,
            36.732248
          ],
          [
            3.197492,
            36.732243
          ],
          [
            3.19765,
            36.732218
          ],
          [
            3.197782,
            36.732183
          ],
          [
            3.197975,
            36.73208
          ],
          [
            3.198082,
            36.731925
          ],
          [
            3.198123,
            36.731755
          ],
          [
            3.198104,
            36.731618
          ],
          [
            3.197983,
            36.731461
          ],
          [
            3.197838,
            36.731353
          ],
          [
            3.197396,
            36.731212
          ],
          [
            3.196824,
            36.731111
          ],
          [
            3.196181,
            36.730975
          ],
          [
            3.195794,
            36.730868
          ],
          [
            3.195387,
            36.730747
          ],
          [
            3.19473,
            36.730539
          ],
          [
            3.194126,
            36.730324
          ],
          [
            3.192879,
            36.729887
          ],
          [
            3.192026,
            36.729586
          ],
          [
            3.190615,
            36.729126
          ],
          [
            3.189269,
            36.728739
          ],
          [
            3.187673,
            36.728389
          ],
          [
            3.186999,
            36.728256
          ],
          [
            3.186342,
            36.728142
          ],
          [
            3.185243,
            36.727985
          ],
          [
            3.184151,
            36.727895
          ],
          [
            3.183424,
            36.727854
          ],
          [
            3.182204,
            36.727828
          ],
          [
            3.18134,
            36.727813
          ],
          [
            3.1785,
            36.72783
          ],
          [
            3.177778,
            36.727837
          ],
          [
            3.175874,
            36.72788
          ],
          [
            3.174428,
            36.727912
          ],
          [
            3.171877,
            36.727946
          ],
          [
            3.170866,
            36.72795
          ],
          [
            3.170566,
            36.72795
          ],
          [
            3.169125,
            36.727961
          ],
          [
            3.167725,
            36.727991
          ],
          [
            3.167363,
            36.728002
          ],
          [
            3.167328,
            36.728004
          ],
          [
            3.167178,
            36.728008
          ],
          [
            3.167014,
            36.728013
          ],
          [
            3.165523,
            36.728079
          ],
          [
            3.164099,
            36.728163
          ],
          [
            3.162822,
            36.728288
          ],
          [
            3.162669,
            36.728314
          ],
          [
            3.161551,
            36.72849
          ],
          [
            3.160655,
            36.728668
          ],
          [
            3.159351,
            36.728987
          ],
          [
            3.158252,
            36.729328
          ],
          [
            3.157739,
            36.729498
          ],
          [
            3.156876,
            36.729814
          ],
          [
            3.155816,
            36.730246
          ],
          [
            3.154706,
            36.730769
          ],
          [
            3.153638,
            36.731353
          ],
          [
            3.153126,
            36.731618
          ],
          [
            3.152868,
            36.731751
          ],
          [
            3.1526,
            36.731897
          ],
          [
            3.15219,
            36.732129
          ],
          [
            3.151672,
            36.732433
          ],
          [
            3.150808,
            36.732912
          ],
          [
            3.150073,
            36.733314
          ],
          [
            3.149666,
            36.73352
          ],
          [
            3.149204,
            36.733746
          ],
          [
            3.148883,
            36.733896
          ],
          [
            3.148754,
            36.733957
          ],
          [
            3.148622,
            36.734015
          ],
          [
            3.148309,
            36.734148
          ],
          [
            3.147901,
            36.734318
          ],
          [
            3.147547,
            36.734468
          ],
          [
            3.146992,
            36.734694
          ],
          [
            3.146469,
            36.734885
          ],
          [
            3.146412,
            36.734907
          ],
          [
            3.145983,
            36.735044
          ],
          [
            3.145307,
            36.735248
          ],
          [
            3.144991,
            36.735341
          ],
          [
            3.144521,
            36.73547
          ],
          [
            3.143781,
            36.735659
          ],
          [
            3.142504,
            36.735969
          ],
          [
            3.141759,
            36.736147
          ],
          [
            3.141659,
            36.736168
          ],
          [
            3.141557,
            36.73619
          ],
          [
            3.141402,
            36.73622
          ],
          [
            3.141037,
            36.7363
          ],
          [
            3.140739,
            36.736362
          ],
          [
            3.14042,
            36.736431
          ],
          [
            3.140329,
            36.736452
          ],
          [
            3.139819,
            36.736573
          ],
          [
            3.139063,
            36.736747
          ],
          [
            3.138779,
            36.736818
          ],
          [
            3.138183,
            36.736957
          ],
          [
            3.137419,
            36.737138
          ],
          [
            3.136727,
            36.737301
          ],
          [
            3.136046,
            36.737462
          ],
          [
            3.134881,
            36.737738
          ],
          [
            3.134627,
            36.737798
          ],
          [
            3.133055,
            36.73817
          ],
          [
            3.131698,
            36.73849
          ],
          [
            3.131322,
            36.738578
          ],
          [
            3.129246,
            36.739094
          ],
          [
            3.128522,
            36.739264
          ],
          [
            3.127961,
            36.739399
          ],
          [
            3.126191,
            36.739805
          ],
          [
            3.12415,
            36.740298
          ],
          [
            3.12286,
            36.740607
          ],
          [
            3.121891,
            36.740848
          ],
          [
            3.120853,
            36.741099
          ],
          [
            3.119362,
            36.741471
          ],
          [
            3.116444,
            36.74215
          ],
          [
            3.111809,
            36.743247
          ],
          [
            3.107898,
            36.744171
          ],
          [
            3.107571,
            36.744252
          ],
          [
            3.106214,
            36.744562
          ],
          [
            3.104846,
            36.744824
          ],
          [
            3.103462,
            36.745095
          ],
          [
            3.100817,
            36.745624
          ],
          [
            3.099728,
            36.745821
          ],
          [
            3.098312,
            36.746092
          ],
          [
            3.096569,
            36.746402
          ],
          [
            3.095611,
            36.746546
          ],
          [
            3.094675,
            36.746707
          ],
          [
            3.093672,
            36.746866
          ],
          [
            3.092642,
            36.747055
          ],
          [
            3.08974,
            36.747691
          ],
          [
            3.088206,
            36.748067
          ],
          [
            3.085352,
            36.748852
          ],
          [
            3.083871,
            36.749331
          ],
          [
            3.082396,
            36.7498
          ],
          [
            3.08175,
            36.750012
          ],
          [
            3.080371,
            36.75047
          ],
          [
            3.079231,
            36.750878
          ],
          [
            3.077348,
            36.751493
          ],
          [
            3.076557,
            36.751751
          ],
          [
            3.0758,
            36.752005
          ],
          [
            3.075725,
            36.752037
          ],
          [
            3.074162,
            36.752675
          ],
          [
            3.070624,
            36.754295
          ],
          [
            3.068998,
            36.755035
          ],
          [
            3.067392,
            36.755724
          ],
          [
            3.066981,
            36.755939
          ],
          [
            3.066641,
            36.756176
          ],
          [
            3.066276,
            36.756434
          ],
          [
            3.066102,
            36.756563
          ],
          [
            3.065691,
            36.756891
          ],
          [
            3.065477,
            36.75707
          ],
          [
            3.065283,
            36.757244
          ],
          [
            3.064321,
            36.758093
          ],
          [
            3.063932,
            36.758413
          ],
          [
            3.063792,
            36.758533
          ],
          [
            3.063258,
            36.758969
          ],
          [
            3.062475,
            36.759635
          ],
          [
            3.061429,
            36.760572
          ],
          [
            3.061032,
            36.760901
          ],
          [
            3.060356,
            36.761516
          ],
          [
            3.059686,
            36.762132
          ],
          [
            3.059455,
            36.762382
          ],
          [
            3.059299,
            36.762579
          ],
          [
            3.059176,
            36.762779
          ],
          [
            3.059053,
            36.763071
          ],
          [
            3.058841,
            36.763667
          ],
          [
            3.058819,
            36.763755
          ],
          [
            3.058712,
            36.764223
          ],
          [
            3.058701,
            36.76427
          ],
          [
            3.058691,
            36.764391
          ],
          [
            3.058567,
            36.765044
          ],
          [
            3.058538,
            36.76516
          ],
          [
            3.058546,
            36.765289
          ],
          [
            3.058693,
            36.765813
          ],
          [
            3.058666,
            36.765863
          ],
          [
            3.058621,
            36.765968
          ],
          [
            3.058583,
            36.766028
          ],
          [
            3.058503,
            36.766086
          ],
          [
            3.058479,
            36.766095
          ],
          [
            3.058323,
            36.766127
          ],
          [
            3.058253,
            36.766129
          ],
          [
            3.058141,
            36.76611
          ],
          [
            3.058052,
            36.766056
          ],
          [
            3.057926,
            36.765949
          ],
          [
            3.057669,
            36.765665
          ],
          [
            3.057623,
            36.765366
          ],
          [
            3.057626,
            36.76507
          ],
          [
            3.057658,
            36.76493
          ],
          [
            3.057765,
            36.764573
          ],
          [
            3.057864,
            36.764343
          ],
          [
            3.057894,
            36.764275
          ],
          [
            3.058243,
            36.763699
          ],
          [
            3.059055,
            36.762659
          ],
          [
            3.0599,
            36.761679
          ],
          [
            3.060308,
            36.76114
          ],
          [
            3.060517,
            36.760905
          ],
          [
            3.060619,
            36.7608
          ],
          [
            3.060732,
            36.760693
          ],
          [
            3.060847,
            36.760585
          ],
          [
            3.060981,
            36.760476
          ],
          [
            3.061941,
            36.759666
          ],
          [
            3.062035,
            36.759517
          ],
          [
            3.062081,
            36.759446
          ],
          [
            3.062116,
            36.759373
          ],
          [
            3.062129,
            36.759313
          ],
          [
            3.062135,
            36.759253
          ],
          [
            3.062127,
            36.759193
          ],
          [
            3.062105,
            36.759135
          ],
          [
            3.062073,
            36.759079
          ],
          [
            3.062033,
            36.75903
          ],
          [
            3.061987,
            36.758993
          ],
          [
            3.061941,
            36.758954
          ],
          [
            3.061872,
            36.75892
          ],
          [
            3.06181,
            36.758913
          ],
          [
            3.061649,
            36.758974
          ],
          [
            3.060724,
            36.759752
          ],
          [
            3.05986,
            36.760456
          ],
          [
            3.059806,
            36.760504
          ],
          [
            3.059645,
            36.760635
          ],
          [
            3.059114,
            36.761101
          ],
          [
            3.058986,
            36.761174
          ],
          [
            3.058902,
            36.761208
          ],
          [
            3.058795,
            36.761206
          ],
          [
            3.058688,
            36.761142
          ],
          [
            3.058527,
            36.761019
          ],
          [
            3.058463,
            36.760968
          ],
          [
            3.058369,
            36.760893
          ],
          [
            3.058248,
            36.760804
          ],
          [
            3.058042,
            36.760648
          ],
          [
            3.057564,
            36.760278
          ],
          [
            3.057553,
            36.760289
          ],
          [
            3.057497,
            36.760308
          ],
          [
            3.057419,
            36.760315
          ],
          [
            3.057339,
            36.760299
          ],
          [
            3.057274,
            36.760263
          ],
          [
            3.057237,
            36.760226
          ],
          [
            3.056998,
            36.760158
          ],
          [
            3.056971,
            36.760061
          ],
          [
            3.05695,
            36.760003
          ],
          [
            3.056697,
            36.760063
          ],
          [
            3.056706,
            36.760087
          ],
          [
            3.056697,
            36.760063
          ],
          [
            3.056494,
            36.76011
          ],
          [
            3.056317,
            36.760156
          ],
          [
            3.056258,
            36.760194
          ],
          [
            3.056108,
            36.76022
          ],
          [
            3.056051,
            36.760113
          ],
          [
            3.055888,
            36.759724
          ],
          [
            3.055831,
            36.75959
          ],
          [
            3.055788,
            36.759446
          ],
          [
            3.055724,
            36.759236
          ],
          [
            3.055678,
            36.759055
          ],
          [
            3.05567,
            36.758969
          ],
          [
            3.055678,
            36.758797
          ],
          [
            3.055727,
            36.758621
          ],
          [
            3.055676,
            36.758533
          ],
          [
            3.05556,
            36.758
          ],
          [
            3.055461,
            36.757594
          ],
          [
            3.055383,
            36.757579
          ],
          [
            3.055244,
            36.757577
          ],
          [
            3.055169,
            36.757577
          ],
          [
            3.055099,
            36.757579
          ],
          [
            3.054986,
            36.75759
          ],
          [
            3.054952,
            36.757594
          ],
          [
            3.054976,
            36.757733
          ],
          [
            3.054952,
            36.757594
          ],
          [
            3.05489,
            36.7576
          ],
          [
            3.054742,
            36.757622
          ],
          [
            3.054691,
            36.757633
          ],
          [
            3.054595,
            36.757656
          ],
          [
            3.054316,
            36.757742
          ],
          [
            3.054284,
            36.757755
          ],
          [
            3.05367,
            36.757979
          ],
          [
            3.053444,
            36.758063
          ],
          [
            3.053179,
            36.758161
          ],
          [
            3.05305,
            36.758228
          ],
          [
            3.052948,
            36.758265
          ],
          [
            3.052707,
            36.75834
          ],
          [
            3.051956,
            36.758591
          ],
          [
            3.051478,
            36.758767
          ],
          [
            3.051277,
            36.758843
          ],
          [
            3.050934,
            36.759032
          ],
          [
            3.050416,
            36.759337
          ],
          [
            3.050336,
            36.759481
          ],
          [
            3.050333,
            36.759498
          ],
          [
            3.050319,
            36.759614
          ],
          [
            3.050325,
            36.759687
          ],
          [
            3.050336,
            36.759743
          ],
          [
            3.050357,
            36.759812
          ],
          [
            3.050386,
            36.759898
          ],
          [
            3.05044,
            36.75999
          ],
          [
            3.050411,
            36.760065
          ],
          [
            3.050362,
            36.760149
          ],
          [
            3.050277,
            36.760265
          ],
          [
            3.050089,
            36.760527
          ],
          [
            3.049941,
            36.760779
          ],
          [
            3.049684,
            36.761127
          ],
          [
            3.049646,
            36.761165
          ],
          [
            3.049601,
            36.761198
          ],
          [
            3.049544,
            36.761221
          ],
          [
            3.049491,
            36.761234
          ],
          [
            3.049418,
            36.761243
          ],
          [
            3.049365,
            36.761232
          ],
          [
            3.049319,
            36.761215
          ],
          [
            3.049276,
            36.761183
          ],
          [
            3.049214,
            36.76112
          ],
          [
            3.049064,
            36.760959
          ],
          [
            3.049,
            36.760897
          ],
          [
            3.048962,
            36.760865
          ],
          [
            3.04893,
            36.760839
          ],
          [
            3.048597,
            36.760555
          ],
          [
            3.048273,
            36.760291
          ],
          [
            3.048214,
            36.760254
          ],
          [
            3.048166,
            36.760229
          ],
          [
            3.048109,
            36.760211
          ],
          [
            3.048037,
            36.760216
          ],
          [
            3.047975,
            36.760237
          ],
          [
            3.047935,
            36.760267
          ],
          [
            3.047916,
            36.760306
          ],
          [
            3.047913,
            36.76036
          ],
          [
            3.047922,
            36.760396
          ],
          [
            3.047951,
            36.760452
          ],
          [
            3.048002,
            36.760538
          ],
          [
            3.048096,
            36.760673
          ],
          [
            3.048265,
            36.760899
          ],
          [
            3.048284,
            36.760942
          ],
          [
            3.048294,
            36.760991
          ],
          [
            3.048297,
            36.761049
          ],
          [
            3.048292,
            36.761105
          ],
          [
            3.048273,
            36.76115
          ],
          [
            3.04823,
            36.761193
          ],
          [
            3.048203,
            36.76123
          ],
          [
            3.048166,
            36.761256
          ],
          [
            3.048088,
            36.761286
          ],
          [
            3.048042,
            36.761299
          ],
          [
            3.048005,
            36.761307
          ],
          [
            3.04794,
            36.761314
          ],
          [
            3.047884,
            36.76132
          ],
          [
            3.0479,
            36.761436
          ],
          [
            3.047908,
            36.761526
          ],
          [
            3.047905,
            36.761561
          ],
          [
            3.047905,
            36.761584
          ],
          [
            3.047908,
            36.76163
          ],
          [
            3.047903,
            36.761825
          ],
          [
            3.047836,
            36.761943
          ],
          [
            3.047656,
            36.762064
          ],
          [
            3.047331,
            36.762229
          ],
          [
            3.047117,
            36.76236
          ],
          [
            3.046875,
            36.762547
          ],
          [
            3.046599,
            36.76288
          ],
          [
            3.046481,
            36.763121
          ],
          [
            3.046487,
            36.763349
          ],
          [
            3.046495,
            36.76343
          ],
          [
            3.046543,
            36.763512
          ],
          [
            3.046733,
            36.763596
          ],
          [
            3.046846,
            36.763609
          ],
          [
            3.046945,
            36.763609
          ],
          [
            3.047042,
            36.763602
          ],
          [
            3.047154,
            36.763583
          ],
          [
            3.047412,
            36.763512
          ],
          [
            3.047471,
            36.763499
          ],
          [
            3.047597,
            36.763478
          ],
          [
            3.047677,
            36.763467
          ],
          [
            3.047852,
            36.76346
          ],
          [
            3.048026,
            36.763471
          ],
          [
            3.0482,
            36.763499
          ],
          [
            3.048361,
            36.763548
          ],
          [
            3.048469,
            36.763602
          ],
          [
            3.04852,
            36.763632
          ],
          [
            3.048563,
            36.763669
          ],
          [
            3.048595,
            36.763712
          ],
          [
            3.048616,
            36.763759
          ],
          [
            3.048726,
            36.764075
          ],
          [
            3.048807,
            36.764481
          ],
          [
            3.048828,
            36.764649
          ],
          [
            3.048836,
            36.764728
          ],
          [
            3.04885,
            36.764859
          ],
          [
            3.048898,
            36.765098
          ],
          [
            3.048935,
            36.765139
          ],
          [
            3.049153,
            36.765164
          ],
          [
            3.049601,
            36.765218
          ],
          [
            3.049901,
            36.765261
          ],
          [
            3.050161,
            36.765336
          ],
          [
            3.050242,
            36.76536
          ],
          [
            3.050791,
            36.765611
          ],
          [
            3.051151,
            36.765762
          ],
          [
            3.051703,
            36.765989
          ],
          [
            3.051765,
            36.766017
          ],
          [
            3.051891,
            36.76609
          ],
          [
            3.052165,
            36.766269
          ],
          [
            3.052387,
            36.766419
          ],
          [
            3.053157,
            36.766989
          ],
          [
            3.053519,
            36.767294
          ],
          [
            3.053962,
            36.76788
          ],
          [
            3.05405,
            36.768009
          ],
          [
            3.054085,
            36.768061
          ],
          [
            3.054235,
            36.768276
          ],
          [
            3.054351,
            36.768441
          ],
          [
            3.054595,
            36.76875
          ],
          [
            3.054635,
            36.768735
          ]
        ]
      },
      "properties": {
        "name": "AEROPORT D'ALGER H.B - Place Maurice Audin",
        "stroke": "#249CF2",
        "description": "L39-R"
      }
    },
    {
      "type": "Feature",
      "geometry": {
        "type": "LineString",
        "coordinates": [
          [
            3.054635,
            36.768735
          ],
          [
            3.054596,
            36.768753
          ],
          [
            3.054729,
            36.768939
          ],
          [
            3.055024,
            36.769361
          ],
          [
            3.055166,
            36.769545
          ],
          [
            3.055295,
            36.769713
          ],
          [
            3.055314,
            36.769734
          ],
          [
            3.055343,
            36.769799
          ],
          [
            3.055354,
            36.769835
          ],
          [
            3.055357,
            36.76987
          ],
          [
            3.055351,
            36.769898
          ],
          [
            3.055341,
            36.769924
          ],
          [
            3.055319,
            36.769947
          ],
          [
            3.055298,
            36.769964
          ],
          [
            3.055273,
            36.769986
          ],
          [
            3.05522,
            36.77002
          ],
          [
            3.055172,
            36.770037
          ],
          [
            3.055088,
            36.770046
          ],
          [
            3.054463,
            36.7695
          ],
          [
            3.05372,
            36.768914
          ],
          [
            3.053651,
            36.768858
          ],
          [
            3.053374,
            36.768643
          ],
          [
            3.053055,
            36.768381
          ],
          [
            3.052771,
            36.768132
          ],
          [
            3.052629,
            36.767998
          ],
          [
            3.052508,
            36.767908
          ],
          [
            3.052237,
            36.767695
          ],
          [
            3.051921,
            36.767453
          ],
          [
            3.051545,
            36.767178
          ],
          [
            3.051408,
            36.76709
          ],
          [
            3.051315,
            36.767068
          ],
          [
            3.05125,
            36.767066
          ],
          [
            3.051197,
            36.767081
          ],
          [
            3.050969,
            36.767184
          ],
          [
            3.050837,
            36.767283
          ],
          [
            3.050593,
            36.767455
          ],
          [
            3.050496,
            36.767491
          ],
          [
            3.050408,
            36.767506
          ],
          [
            3.050303,
            36.767446
          ],
          [
            3.050167,
            36.767264
          ],
          [
            3.050046,
            36.767079
          ],
          [
            3.050019,
            36.767053
          ],
          [
            3.049979,
            36.767006
          ],
          [
            3.049941,
            36.766989
          ],
          [
            3.049829,
            36.76695
          ],
          [
            3.049633,
            36.766918
          ],
          [
            3.049461,
            36.766853
          ],
          [
            3.049354,
            36.766739
          ],
          [
            3.04915,
            36.766378
          ],
          [
            3.049075,
            36.76629
          ],
          [
            3.049011,
            36.766243
          ],
          [
            3.048919,
            36.766183
          ],
          [
            3.048783,
            36.766157
          ],
          [
            3.048603,
            36.76614
          ],
          [
            3.048289,
            36.766095
          ],
          [
            3.048238,
            36.766084
          ],
          [
            3.047932,
            36.766052
          ],
          [
            3.047533,
            36.766019
          ],
          [
            3.047052,
            36.766047
          ],
          [
            3.046784,
            36.76606
          ],
          [
            3.046586,
            36.76605
          ],
          [
            3.046441,
            36.766065
          ],
          [
            3.046277,
            36.76611
          ],
          [
            3.046173,
            36.766153
          ],
          [
            3.046092,
            36.766161
          ],
          [
            3.046014,
            36.766159
          ],
          [
            3.045937,
            36.766146
          ],
          [
            3.045668,
            36.766007
          ],
          [
            3.045336,
            36.765833
          ],
          [
            3.045253,
            36.765775
          ],
          [
            3.045167,
            36.765701
          ],
          [
            3.045135,
            36.765659
          ],
          [
            3.04507,
            36.765579
          ],
          [
            3.045046,
            36.765527
          ],
          [
            3.045006,
            36.765469
          ],
          [
            3.044926,
            36.76531
          ],
          [
            3.044893,
            36.765259
          ],
          [
            3.044848,
            36.765216
          ],
          [
            3.044791,
            36.765181
          ],
          [
            3.044405,
            36.76502
          ],
          [
            3.044362,
            36.764999
          ],
          [
            3.044327,
            36.764969
          ],
          [
            3.044301,
            36.764937
          ],
          [
            3.044282,
            36.764898
          ],
          [
            3.044242,
            36.764752
          ],
          [
            3.044242,
            36.764576
          ],
          [
            3.044239,
            36.764376
          ],
          [
            3.044238,
            36.764367
          ],
          [
            3.044156,
            36.764374
          ],
          [
            3.044238,
            36.764367
          ],
          [
            3.044223,
            36.764253
          ],
          [
            3.04422,
            36.76424
          ],
          [
            3.044158,
            36.763955
          ],
          [
            3.04414,
            36.763869
          ],
          [
            3.044126,
            36.763821
          ],
          [
            3.044097,
            36.763714
          ],
          [
            3.044059,
            36.763495
          ],
          [
            3.044043,
            36.763314
          ],
          [
            3.044078,
            36.763121
          ],
          [
            3.044183,
            36.762835
          ],
          [
            3.044435,
            36.762609
          ],
          [
            3.044641,
            36.76241
          ],
          [
            3.044794,
            36.762257
          ],
          [
            3.045129,
            36.761995
          ],
          [
            3.04529,
            36.761892
          ],
          [
            3.045435,
            36.761795
          ],
          [
            3.045588,
            36.761681
          ],
          [
            3.045687,
            36.761576
          ],
          [
            3.045757,
            36.761447
          ],
          [
            3.045816,
            36.761324
          ],
          [
            3.045875,
            36.761144
          ],
          [
            3.045934,
            36.761028
          ],
          [
            3.045939,
            36.760998
          ],
          [
            3.045953,
            36.760972
          ],
          [
            3.045974,
            36.760948
          ],
          [
            3.046004,
            36.760931
          ],
          [
            3.046039,
            36.76092
          ],
          [
            3.046073,
            36.760918
          ],
          [
            3.046036,
            36.760807
          ],
          [
            3.045945,
            36.760557
          ],
          [
            3.0458,
            36.760145
          ],
          [
            3.045733,
            36.76002
          ],
          [
            3.045682,
            36.759951
          ],
          [
            3.045612,
            36.759893
          ],
          [
            3.045526,
            36.759846
          ],
          [
            3.045078,
            36.759657
          ],
          [
            3.044998,
            36.759616
          ],
          [
            3.044928,
            36.759565
          ],
          [
            3.044875,
            36.759504
          ],
          [
            3.044821,
            36.759412
          ],
          [
            3.044786,
            36.759253
          ],
          [
            3.044791,
            36.75909
          ],
          [
            3.044789,
            36.758933
          ],
          [
            3.044821,
            36.758862
          ],
          [
            3.044864,
            36.758774
          ],
          [
            3.044904,
            36.758705
          ],
          [
            3.044931,
            36.758673
          ],
          [
            3.044971,
            36.758628
          ],
          [
            3.044993,
            36.758606
          ],
          [
            3.045263,
            36.758323
          ],
          [
            3.045352,
            36.758185
          ],
          [
            3.045408,
            36.758052
          ],
          [
            3.045478,
            36.757876
          ],
          [
            3.045548,
            36.757701
          ],
          [
            3.045577,
            36.757628
          ],
          [
            3.045607,
            36.757568
          ],
          [
            3.045639,
            36.757515
          ],
          [
            3.045682,
            36.757454
          ],
          [
            3.045744,
            36.757383
          ],
          [
            3.045803,
            36.757332
          ],
          [
            3.045867,
            36.757282
          ],
          [
            3.045945,
            36.757218
          ],
          [
            3.046049,
            36.757138
          ],
          [
            3.0462,
            36.757035
          ],
          [
            3.046299,
            36.756973
          ],
          [
            3.046411,
            36.756911
          ],
          [
            3.046774,
            36.756726
          ],
          [
            3.046843,
            36.756676
          ],
          [
            3.046892,
            36.756636
          ],
          [
            3.046934,
            36.75659
          ],
          [
            3.046967,
            36.756556
          ],
          [
            3.047002,
            36.756505
          ],
          [
            3.047058,
            36.75641
          ],
          [
            3.047106,
            36.7563
          ],
          [
            3.047136,
            36.756221
          ],
          [
            3.047146,
            36.756161
          ],
          [
            3.047154,
            36.756096
          ],
          [
            3.047154,
            36.756012
          ],
          [
            3.047146,
            36.755862
          ],
          [
            3.047141,
            36.755772
          ],
          [
            3.047146,
            36.755686
          ],
          [
            3.047168,
            36.755589
          ],
          [
            3.047189,
            36.755522
          ],
          [
            3.047224,
            36.755439
          ],
          [
            3.047278,
            36.755327
          ],
          [
            3.047345,
            36.755189
          ],
          [
            3.047377,
            36.755121
          ],
          [
            3.047399,
            36.755071
          ],
          [
            3.047409,
            36.755032
          ],
          [
            3.047423,
            36.754987
          ],
          [
            3.047428,
            36.754934
          ],
          [
            3.047428,
            36.754889
          ],
          [
            3.047425,
            36.754833
          ],
          [
            3.047425,
            36.754652
          ],
          [
            3.047425,
            36.754596
          ],
          [
            3.047431,
            36.754532
          ],
          [
            3.047447,
            36.754442
          ],
          [
            3.047514,
            36.754136
          ],
          [
            3.047533,
            36.75405
          ],
          [
            3.047543,
            36.753971
          ],
          [
            3.047675,
            36.753894
          ],
          [
            3.047763,
            36.753848
          ],
          [
            3.047881,
            36.753793
          ],
          [
            3.048002,
            36.753745
          ],
          [
            3.049027,
            36.753174
          ],
          [
            3.049552,
            36.752888
          ],
          [
            3.049936,
            36.752679
          ],
          [
            3.050185,
            36.752583
          ],
          [
            3.050295,
            36.752587
          ],
          [
            3.050491,
            36.752621
          ],
          [
            3.050786,
            36.752626
          ],
          [
            3.051028,
            36.752583
          ],
          [
            3.051199,
            36.75251
          ],
          [
            3.05125,
            36.752471
          ],
          [
            3.051328,
            36.752391
          ],
          [
            3.05161,
            36.751792
          ],
          [
            3.051714,
            36.751717
          ],
          [
            3.052315,
            36.751508
          ],
          [
            3.053205,
            36.751188
          ],
          [
            3.053613,
            36.751063
          ],
          [
            3.053932,
            36.75102
          ],
          [
            3.05401,
            36.751085
          ],
          [
            3.054335,
            36.75096
          ],
          [
            3.054576,
            36.750868
          ],
          [
            3.054724,
            36.75079
          ],
          [
            3.054785,
            36.750737
          ],
          [
            3.054871,
            36.750657
          ],
          [
            3.054933,
            36.750608
          ],
          [
            3.055,
            36.750541
          ],
          [
            3.055121,
            36.750328
          ],
          [
            3.055088,
            36.750184
          ],
          [
            3.055005,
            36.75004
          ],
          [
            3.054944,
            36.749858
          ],
          [
            3.054933,
            36.749806
          ],
          [
            3.054941,
            36.749757
          ],
          [
            3.055019,
            36.749692
          ],
          [
            3.05508,
            36.749647
          ],
          [
            3.055131,
            36.74964
          ],
          [
            3.0553,
            36.749699
          ],
          [
            3.055408,
            36.749787
          ],
          [
            3.055539,
            36.749931
          ],
          [
            3.055796,
            36.750128
          ],
          [
            3.05603,
            36.750238
          ],
          [
            3.056263,
            36.750317
          ],
          [
            3.056861,
            36.75041
          ],
          [
            3.057344,
            36.750494
          ],
          [
            3.057607,
            36.750429
          ],
          [
            3.057956,
            36.750277
          ],
          [
            3.058339,
            36.750197
          ],
          [
            3.058538,
            36.75018
          ],
          [
            3.05876,
            36.750163
          ],
          [
            3.058983,
            36.750094
          ],
          [
            3.059283,
            36.749941
          ],
          [
            3.059868,
            36.749531
          ],
          [
            3.060142,
            36.749316
          ],
          [
            3.060413,
            36.7492
          ],
          [
            3.061016,
            36.748972
          ],
          [
            3.061617,
            36.748774
          ],
          [
            3.062247,
            36.748656
          ],
          [
            3.062349,
            36.748639
          ],
          [
            3.062537,
            36.748575
          ],
          [
            3.062639,
            36.74854
          ],
          [
            3.062947,
            36.748362
          ],
          [
            3.06343,
            36.748072
          ],
          [
            3.063704,
            36.747893
          ],
          [
            3.064186,
            36.747612
          ],
          [
            3.064254,
            36.747526
          ],
          [
            3.064304,
            36.747461
          ],
          [
            3.06439,
            36.747343
          ],
          [
            3.064374,
            36.747317
          ],
          [
            3.064372,
            36.747294
          ],
          [
            3.06438,
            36.747268
          ],
          [
            3.064396,
            36.747248
          ],
          [
            3.064417,
            36.747231
          ],
          [
            3.064447,
            36.747221
          ],
          [
            3.064476,
            36.747218
          ],
          [
            3.064498,
            36.747162
          ],
          [
            3.064511,
            36.747094
          ],
          [
            3.064506,
            36.746973
          ],
          [
            3.064487,
            36.746911
          ],
          [
            3.064436,
            36.746834
          ],
          [
            3.064321,
            36.746703
          ],
          [
            3.064079,
            36.746518
          ],
          [
            3.063886,
            36.746335
          ],
          [
            3.063803,
            36.746251
          ],
          [
            3.063747,
            36.74615
          ],
          [
            3.063712,
            36.746088
          ],
          [
            3.063674,
            36.745978
          ],
          [
            3.063661,
            36.745879
          ],
          [
            3.063658,
            36.745776
          ],
          [
            3.063671,
            36.745602
          ],
          [
            3.06373,
            36.745385
          ],
          [
            3.063905,
            36.745013
          ],
          [
            3.064133,
            36.744543
          ],
          [
            3.064479,
            36.743973
          ],
          [
            3.06479,
            36.743406
          ],
          [
            3.064827,
            36.743367
          ],
          [
            3.064836,
            36.743352
          ],
          [
            3.064844,
            36.743337
          ],
          [
            3.064873,
            36.743274
          ],
          [
            3.065002,
            36.743021
          ],
          [
            3.065034,
            36.74295
          ],
          [
            3.065214,
            36.742554
          ],
          [
            3.065364,
            36.742159
          ],
          [
            3.06534,
            36.74217
          ],
          [
            3.065313,
            36.742174
          ],
          [
            3.065286,
            36.742174
          ],
          [
            3.065275,
            36.74217
          ],
          [
            3.065257,
            36.742206
          ]
        ]
      },
      "properties": {
        "name": "Place Maurice Audin - El Madania",
        "stroke": "#E51B23",
        "description": "L32"
      }
    },
    {
      "type": "Feature",
      "geometry": {
        "type": "LineString",
        "coordinates": [
          [
            3.065257,
            36.742206
          ],
          [
            3.065275,
            36.74217
          ],
          [
            3.065259,
            36.742165
          ],
          [
            3.065238,
            36.74215
          ],
          [
            3.065222,
            36.742131
          ],
          [
            3.065216,
            36.74211
          ],
          [
            3.065216,
            36.742088
          ],
          [
            3.065227,
            36.742067
          ],
          [
            3.065241,
            36.742049
          ],
          [
            3.065259,
            36.742039
          ],
          [
            3.065281,
            36.74203
          ],
          [
            3.065308,
            36.742028
          ],
          [
            3.065334,
            36.74203
          ],
          [
            3.065359,
            36.742041
          ],
          [
            3.065377,
            36.742054
          ],
          [
            3.065391,
            36.742073
          ],
          [
            3.065399,
            36.742097
          ],
          [
            3.065396,
            36.74212
          ],
          [
            3.065385,
            36.742142
          ],
          [
            3.065364,
            36.742159
          ],
          [
            3.065214,
            36.742554
          ],
          [
            3.065034,
            36.74295
          ],
          [
            3.065002,
            36.743021
          ],
          [
            3.064873,
            36.743274
          ],
          [
            3.064844,
            36.743337
          ],
          [
            3.064836,
            36.743352
          ],
          [
            3.064827,
            36.743367
          ],
          [
            3.06479,
            36.743406
          ],
          [
            3.064479,
            36.743973
          ],
          [
            3.064133,
            36.744543
          ],
          [
            3.063905,
            36.745013
          ],
          [
            3.06373,
            36.745385
          ],
          [
            3.063671,
            36.745602
          ],
          [
            3.063658,
            36.745776
          ],
          [
            3.063661,
            36.745879
          ],
          [
            3.063674,
            36.745978
          ],
          [
            3.063712,
            36.746088
          ],
          [
            3.063747,
            36.74615
          ],
          [
            3.063881,
            36.74621
          ],
          [
            3.063953,
            36.746292
          ],
          [
            3.06417,
            36.746475
          ],
          [
            3.064294,
            36.746571
          ],
          [
            3.064439,
            36.746685
          ],
          [
            3.064532,
            36.746791
          ],
          [
            3.064597,
            36.746879
          ],
          [
            3.064621,
            36.746965
          ],
          [
            3.064621,
            36.747096
          ],
          [
            3.064602,
            36.74719
          ],
          [
            3.064565,
            36.747274
          ],
          [
            3.06457,
            36.747294
          ],
          [
            3.064565,
            36.747319
          ],
          [
            3.064551,
            36.747343
          ],
          [
            3.064527,
            36.747362
          ],
          [
            3.064186,
            36.747612
          ],
          [
            3.063704,
            36.747893
          ],
          [
            3.06343,
            36.748072
          ],
          [
            3.062947,
            36.748362
          ],
          [
            3.062639,
            36.74854
          ],
          [
            3.062537,
            36.748575
          ],
          [
            3.062349,
            36.748639
          ],
          [
            3.062247,
            36.748656
          ],
          [
            3.061617,
            36.748774
          ],
          [
            3.061016,
            36.748972
          ],
          [
            3.060413,
            36.7492
          ],
          [
            3.060142,
            36.749316
          ],
          [
            3.059868,
            36.749531
          ],
          [
            3.059283,
            36.749941
          ],
          [
            3.058983,
            36.750094
          ],
          [
            3.05876,
            36.750163
          ],
          [
            3.058538,
            36.75018
          ],
          [
            3.058339,
            36.750197
          ],
          [
            3.057956,
            36.750277
          ],
          [
            3.057607,
            36.750429
          ],
          [
            3.057344,
            36.750494
          ],
          [
            3.056861,
            36.75041
          ],
          [
            3.056263,
            36.750317
          ],
          [
            3.05603,
            36.750238
          ],
          [
            3.055796,
            36.750128
          ],
          [
            3.055539,
            36.749931
          ],
          [
            3.055408,
            36.749787
          ],
          [
            3.0553,
            36.749699
          ],
          [
            3.055131,
            36.74964
          ],
          [
            3.05508,
            36.749647
          ],
          [
            3.055019,
            36.749692
          ],
          [
            3.054941,
            36.749757
          ],
          [
            3.054933,
            36.749806
          ],
          [
            3.054944,
            36.749858
          ],
          [
            3.055005,
            36.75004
          ],
          [
            3.055088,
            36.750184
          ],
          [
            3.055121,
            36.750328
          ],
          [
            3.055,
            36.750541
          ],
          [
            3.054933,
            36.750608
          ],
          [
            3.054871,
            36.750657
          ],
          [
            3.054785,
            36.750737
          ],
          [
            3.054724,
            36.75079
          ],
          [
            3.054576,
            36.750868
          ],
          [
            3.054335,
            36.75096
          ],
          [
            3.05401,
            36.751085
          ],
          [
            3.053932,
            36.75102
          ],
          [
            3.053613,
            36.751063
          ],
          [
            3.053205,
            36.751188
          ],
          [
            3.052315,
            36.751508
          ],
          [
            3.051714,
            36.751717
          ],
          [
            3.05161,
            36.751792
          ],
          [
            3.051328,
            36.752391
          ],
          [
            3.05125,
            36.752471
          ],
          [
            3.051199,
            36.75251
          ],
          [
            3.051028,
            36.752583
          ],
          [
            3.050786,
            36.752626
          ],
          [
            3.050491,
            36.752621
          ],
          [
            3.050295,
            36.752587
          ],
          [
            3.050185,
            36.752583
          ],
          [
            3.049936,
            36.752679
          ],
          [
            3.049552,
            36.752888
          ],
          [
            3.049027,
            36.753174
          ],
          [
            3.048002,
            36.753745
          ],
          [
            3.047865,
            36.753842
          ],
          [
            3.047795,
            36.753889
          ],
          [
            3.047771,
            36.753913
          ],
          [
            3.04775,
            36.753934
          ],
          [
            3.047731,
            36.753954
          ],
          [
            3.047677,
            36.754014
          ],
          [
            3.047661,
            36.754031
          ],
          [
            3.047643,
            36.754046
          ],
          [
            3.047616,
            36.754055
          ],
          [
            3.047589,
            36.754059
          ],
          [
            3.047533,
            36.75405
          ],
          [
            3.047514,
            36.754136
          ],
          [
            3.047447,
            36.754442
          ],
          [
            3.047431,
            36.754532
          ],
          [
            3.047425,
            36.754596
          ],
          [
            3.047425,
            36.754646
          ],
          [
            3.047425,
            36.754833
          ],
          [
            3.047428,
            36.754889
          ],
          [
            3.047428,
            36.754934
          ],
          [
            3.047423,
            36.754987
          ],
          [
            3.047409,
            36.755032
          ],
          [
            3.047399,
            36.755071
          ],
          [
            3.047377,
            36.755121
          ],
          [
            3.047345,
            36.755189
          ],
          [
            3.047278,
            36.755327
          ],
          [
            3.047224,
            36.755439
          ],
          [
            3.047189,
            36.755522
          ],
          [
            3.047168,
            36.755589
          ],
          [
            3.047146,
            36.755686
          ],
          [
            3.047141,
            36.755772
          ],
          [
            3.047146,
            36.755862
          ],
          [
            3.047154,
            36.756012
          ],
          [
            3.047154,
            36.756096
          ],
          [
            3.047146,
            36.756161
          ],
          [
            3.047136,
            36.756221
          ],
          [
            3.047106,
            36.7563
          ],
          [
            3.047058,
            36.75641
          ],
          [
            3.047002,
            36.756505
          ],
          [
            3.046967,
            36.756556
          ],
          [
            3.046934,
            36.75659
          ],
          [
            3.046892,
            36.756636
          ],
          [
            3.046843,
            36.756676
          ],
          [
            3.046774,
            36.756726
          ],
          [
            3.046411,
            36.756911
          ],
          [
            3.046299,
            36.756973
          ],
          [
            3.0462,
            36.757035
          ],
          [
            3.046049,
            36.757138
          ],
          [
            3.045945,
            36.757218
          ],
          [
            3.045867,
            36.757282
          ],
          [
            3.045803,
            36.757332
          ],
          [
            3.045744,
            36.757383
          ],
          [
            3.045682,
            36.757454
          ],
          [
            3.045639,
            36.757515
          ],
          [
            3.045607,
            36.757568
          ],
          [
            3.045577,
            36.757628
          ],
          [
            3.045548,
            36.757701
          ],
          [
            3.045478,
            36.757876
          ],
          [
            3.045408,
            36.758052
          ],
          [
            3.045352,
            36.758185
          ],
          [
            3.045263,
            36.758323
          ],
          [
            3.044993,
            36.758606
          ],
          [
            3.044971,
            36.758628
          ],
          [
            3.044931,
            36.758673
          ],
          [
            3.044904,
            36.758705
          ],
          [
            3.044864,
            36.758774
          ],
          [
            3.044821,
            36.758862
          ],
          [
            3.044789,
            36.758933
          ],
          [
            3.044791,
            36.75909
          ],
          [
            3.044786,
            36.759253
          ],
          [
            3.044821,
            36.759412
          ],
          [
            3.044875,
            36.759504
          ],
          [
            3.044928,
            36.759565
          ],
          [
            3.044998,
            36.759616
          ],
          [
            3.045078,
            36.759657
          ],
          [
            3.045526,
            36.759846
          ],
          [
            3.045612,
            36.759893
          ],
          [
            3.045682,
            36.759951
          ],
          [
            3.045733,
            36.76002
          ],
          [
            3.0458,
            36.760145
          ],
          [
            3.045945,
            36.760557
          ],
          [
            3.046036,
            36.760807
          ],
          [
            3.046073,
            36.760918
          ],
          [
            3.046114,
            36.760925
          ],
          [
            3.046149,
            36.76094
          ],
          [
            3.046175,
            36.760963
          ],
          [
            3.046194,
            36.760991
          ],
          [
            3.046546,
            36.761288
          ],
          [
            3.046597,
            36.761331
          ],
          [
            3.046798,
            36.76149
          ],
          [
            3.046886,
            36.761559
          ],
          [
            3.046916,
            36.761582
          ],
          [
            3.04716,
            36.761778
          ],
          [
            3.047256,
            36.761832
          ],
          [
            3.047302,
            36.761851
          ],
          [
            3.04735,
            36.76186
          ],
          [
            3.047401,
            36.761862
          ],
          [
            3.047449,
            36.761853
          ],
          [
            3.047495,
            36.761838
          ],
          [
            3.047562,
            36.761806
          ],
          [
            3.047586,
            36.761776
          ],
          [
            3.047605,
            36.761735
          ],
          [
            3.047621,
            36.761679
          ],
          [
            3.047621,
            36.761625
          ],
          [
            3.047605,
            36.761572
          ],
          [
            3.047238,
            36.761009
          ],
          [
            3.047224,
            36.760968
          ],
          [
            3.047219,
            36.760929
          ],
          [
            3.047227,
            36.760888
          ],
          [
            3.047248,
            36.76085
          ],
          [
            3.047278,
            36.760817
          ],
          [
            3.047315,
            36.760792
          ],
          [
            3.047345,
            36.760779
          ],
          [
            3.047361,
            36.760772
          ],
          [
            3.047409,
            36.760761
          ],
          [
            3.04746,
            36.760761
          ],
          [
            3.047511,
            36.76077
          ],
          [
            3.047557,
            36.760787
          ],
          [
            3.047608,
            36.760824
          ],
          [
            3.047637,
            36.760854
          ],
          [
            3.047645,
            36.760866
          ],
          [
            3.047736,
            36.761019
          ],
          [
            3.047833,
            36.761204
          ],
          [
            3.047865,
            36.761279
          ],
          [
            3.047884,
            36.76132
          ],
          [
            3.0479,
            36.761436
          ],
          [
            3.047908,
            36.761526
          ],
          [
            3.047905,
            36.761561
          ],
          [
            3.047905,
            36.761584
          ],
          [
            3.047908,
            36.76163
          ],
          [
            3.047903,
            36.761825
          ],
          [
            3.047836,
            36.761943
          ],
          [
            3.047656,
            36.762064
          ],
          [
            3.047331,
            36.762229
          ],
          [
            3.047117,
            36.76236
          ],
          [
            3.046875,
            36.762547
          ],
          [
            3.046599,
            36.76288
          ],
          [
            3.046481,
            36.763121
          ],
          [
            3.046487,
            36.763349
          ],
          [
            3.046495,
            36.76343
          ],
          [
            3.046543,
            36.763512
          ],
          [
            3.046733,
            36.763596
          ],
          [
            3.046846,
            36.763609
          ],
          [
            3.046945,
            36.763609
          ],
          [
            3.047042,
            36.763602
          ],
          [
            3.047154,
            36.763583
          ],
          [
            3.047412,
            36.763512
          ],
          [
            3.047471,
            36.763499
          ],
          [
            3.047597,
            36.763478
          ],
          [
            3.047677,
            36.763467
          ],
          [
            3.047852,
            36.76346
          ],
          [
            3.048026,
            36.763471
          ],
          [
            3.0482,
            36.763499
          ],
          [
            3.048361,
            36.763548
          ],
          [
            3.048469,
            36.763602
          ],
          [
            3.04852,
            36.763632
          ],
          [
            3.048563,
            36.763669
          ],
          [
            3.048595,
            36.763712
          ],
          [
            3.048616,
            36.763759
          ],
          [
            3.048726,
            36.764075
          ],
          [
            3.048807,
            36.764481
          ],
          [
            3.048828,
            36.764649
          ],
          [
            3.048836,
            36.764728
          ],
          [
            3.04885,
            36.764859
          ],
          [
            3.048898,
            36.765098
          ],
          [
            3.048935,
            36.765139
          ],
          [
            3.049153,
            36.765164
          ],
          [
            3.049601,
            36.765218
          ],
          [
            3.049901,
            36.765261
          ],
          [
            3.050161,
            36.765336
          ],
          [
            3.050242,
            36.76536
          ],
          [
            3.050791,
            36.765611
          ],
          [
            3.051151,
            36.765762
          ],
          [
            3.051703,
            36.765989
          ],
          [
            3.051765,
            36.766017
          ],
          [
            3.051891,
            36.76609
          ],
          [
            3.052165,
            36.766269
          ],
          [
            3.052387,
            36.766419
          ],
          [
            3.053157,
            36.766989
          ],
          [
            3.053519,
            36.767294
          ],
          [
            3.053962,
            36.76788
          ],
          [
            3.05405,
            36.768009
          ],
          [
            3.054085,
            36.768061
          ],
          [
            3.054235,
            36.768276
          ],
          [
            3.054351,
            36.768441
          ],
          [
            3.054595,
            36.76875
          ],
          [
            3.054635,
            36.768735
          ]
        ]
      },
      "properties": {
        "name": "El Madania - Place Maurice Audin",
        "stroke": "#249CF2",
        "description": "L32-R"
      }
    }
  ]
}